scenario,acronym,proposal_status,rows,types,documents,source_categories,stored_candidate_pairs,candidate_count_histogram,shared_test_items,observed_extension_senses,test_items_label_covered_descriptive_only,control_match_status,unmatched_rows,update_budget,full_training_usable_pairs_core,full_training_usable_pairs_extension,illustrative_unapproved_batch16_epoch1_updates_core,illustrative_unapproved_batch16_epoch1_updates_extension,limitations
all_available,__ALL__,protocol pending,273,40,190,"{""manual"":2,""wiki_deglossed"":2,""wiki_substituted"":269}",1413,"{""2"":68,""3"":63,""4"":23,""5"":26,""6"":14,""7"":28,""11"":26,""12"":25}",250,106,189,not_exact,29,"conditional: identical full pair totals, effective batch, epochs, drop_last, accumulation and checkpoint rule required; no training run",13164,,823,,"stored inventories only; semantic validity, final spans, inventory reconciliation, lengths and training budget remain unapproved"
all_available,אג״מ,protocol pending,6,1,5,"{""wiki_substituted"":6}",12,"{""2"":6}",3,2,3,see_scenario_aggregate,,"conditional: identical full pair totals, effective batch, epochs, drop_last, accumulation and checkpoint rule required; no training run",,,,,"stored inventories only; semantic validity, final spans, inventory reconciliation, lengths and training budget remain unapproved"
all_available,אז״ר,protocol pending,3,1,1,"{""manual"":2,""wiki_deglossed"":1}",6,"{""2"":3}",4,2,4,see_scenario_aggregate,,"conditional: identical full pair totals, effective batch, epochs, drop_last, accumulation and checkpoint rule required; no training run",,,,,"stored inventories only; semantic validity, final spans, inventory reconciliation, lengths and training budget remain unapproved"
all_available,אי״ל,protocol pending,3,1,2,"{""wiki_substituted"":3}",6,"{""2"":3}",15,1,15,see_scenario_aggregate,,"conditional: identical full pair totals, effective batch, epochs, drop_last, accumulation and checkpoint rule required; no training run",,,,,"stored inventories only; semantic validity, final spans, inventory reconciliation, lengths and training budget remain unapproved"
all_available,אמ״ץ,protocol pending,3,1,3,"{""wiki_substituted"":3}",9,"{""3"":3}",1,1,0,see_scenario_aggregate,,"conditional: identical full pair totals, effective batch, epochs, drop_last, accumulation and checkpoint rule required; no training run",,,,,"stored inventories only; semantic validity, final spans, inventory reconciliation, lengths and training budget remain unapproved"
all_available,את״ל,protocol pending,3,1,3,"{""wiki_substituted"":3}",18,"{""6"":3}",1,2,1,see_scenario_aggregate,,"conditional: identical full pair totals, effective batch, epochs, drop_last, accumulation and checkpoint rule required; no training run",,,,,"stored inventories only; semantic validity, final spans, inventory reconciliation, lengths and training budget remain unapproved"
all_available,א״ד,protocol pending,10,1,10,"{""wiki_substituted"":10}",70,"{""7"":10}",5,4,0,see_scenario_aggregate,,"conditional: identical full pair totals, effective batch, epochs, drop_last, accumulation and checkpoint rule required; no training run",,,,,"stored inventories only; semantic validity, final spans, inventory reconciliation, lengths and training budget remain unapproved"
all_available,א״י,protocol pending,12,1,8,"{""wiki_substituted"":12}",48,"{""4"":12}",7,4,5,see_scenario_aggregate,,"conditional: identical full pair totals, effective batch, epochs, drop_last, accumulation and checkpoint rule required; no training run",,,,,"stored inventories only; semantic validity, final spans, inventory reconciliation, lengths and training budget remain unapproved"
all_available,א״ת,protocol pending,6,1,4,"{""wiki_substituted"":6}",18,"{""3"":6}",1,2,0,see_scenario_aggregate,,"conditional: identical full pair totals, effective batch, epochs, drop_last, accumulation and checkpoint rule required; no training run",,,,,"stored inventories only; semantic validity, final spans, inventory reconciliation, lengths and training budget remain unapproved"
all_available,בס״ד,protocol pending,3,1,3,"{""wiki_substituted"":3}",6,"{""2"":3}",1,1,0,see_scenario_aggregate,,"conditional: identical full pair totals, effective batch, epochs, drop_last, accumulation and checkpoint rule required; no training run",,,,,"stored inventories only; semantic validity, final spans, inventory reconciliation, lengths and training budget remain unapproved"
all_available,ג״ג,protocol pending,5,1,3,"{""wiki_substituted"":5}",10,"{""2"":5}",3,2,0,see_scenario_aggregate,,"conditional: identical full pair totals, effective batch, epochs, drop_last, accumulation and checkpoint rule required; no training run",,,,,"stored inventories only; semantic validity, final spans, inventory reconciliation, lengths and training budget remain unapproved"
all_available,דפ״ר,protocol pending,4,1,3,"{""wiki_substituted"":4}",8,"{""2"":4}",2,2,2,see_scenario_aggregate,,"conditional: identical full pair totals, effective batch, epochs, drop_last, accumulation and checkpoint rule required; no training run",,,,,"stored inventories only; semantic validity, final spans, inventory reconciliation, lengths and training budget remain unapproved"
all_available,חמ״ל,protocol pending,3,1,1,"{""wiki_substituted"":3}",6,"{""2"":3}",1,1,1,see_scenario_aggregate,,"conditional: identical full pair totals, effective batch, epochs, drop_last, accumulation and checkpoint rule required; no training run",,,,,"stored inventories only; semantic validity, final spans, inventory reconciliation, lengths and training budget remain unapproved"
all_available,ח״ן,protocol pending,4,1,4,"{""wiki_substituted"":4}",16,"{""4"":4}",15,2,15,see_scenario_aggregate,,"conditional: identical full pair totals, effective batch, epochs, drop_last, accumulation and checkpoint rule required; no training run",,,,,"stored inventories only; semantic validity, final spans, inventory reconciliation, lengths and training budget remain unapproved"
all_available,ח״פ,protocol pending,4,1,4,"{""wiki_substituted"":4}",8,"{""2"":4}",1,2,0,see_scenario_aggregate,,"conditional: identical full pair totals, effective batch, epochs, drop_last, accumulation and checkpoint rule required; no training run",,,,,"stored inventories only; semantic validity, final spans, inventory reconciliation, lengths and training budget remain unapproved"
all_available,יו״ד,protocol pending,6,1,3,"{""wiki_substituted"":6}",18,"{""3"":6}",15,2,15,see_scenario_aggregate,,"conditional: identical full pair totals, effective batch, epochs, drop_last, accumulation and checkpoint rule required; no training run",,,,,"stored inventories only; semantic validity, final spans, inventory reconciliation, lengths and training budget remain unapproved"
all_available,י״ח,protocol pending,4,1,2,"{""wiki_substituted"":4}",8,"{""2"":4}",1,2,1,see_scenario_aggregate,,"conditional: identical full pair totals, effective batch, epochs, drop_last, accumulation and checkpoint rule required; no training run",,,,,"stored inventories only; semantic validity, final spans, inventory reconciliation, lengths and training budget remain unapproved"
all_available,כי״ח,protocol pending,3,1,2,"{""wiki_substituted"":3}",6,"{""2"":3}",1,1,1,see_scenario_aggregate,,"conditional: identical full pair totals, effective batch, epochs, drop_last, accumulation and checkpoint rule required; no training run",,,,,"stored inventories only; semantic validity, final spans, inventory reconciliation, lengths and training budget remain unapproved"
all_available,כ״ס,protocol pending,9,1,3,"{""wiki_substituted"":9}",27,"{""3"":9}",3,3,3,see_scenario_aggregate,,"conditional: identical full pair totals, effective batch, epochs, drop_last, accumulation and checkpoint rule required; no training run",,,,,"stored inventories only; semantic validity, final spans, inventory reconciliation, lengths and training budget remain unapproved"
all_available,ל״ע,protocol pending,9,1,9,"{""wiki_substituted"":9}",27,"{""3"":9}",1,3,0,see_scenario_aggregate,,"conditional: identical full pair totals, effective batch, epochs, drop_last, accumulation and checkpoint rule required; no training run",,,,,"stored inventories only; semantic validity, final spans, inventory reconciliation, lengths and training budget remain unapproved"
all_available,מד״א,protocol pending,6,1,3,"{""wiki_substituted"":6}",30,"{""5"":6}",18,2,0,see_scenario_aggregate,,"conditional: identical full pair totals, effective batch, epochs, drop_last, accumulation and checkpoint rule required; no training run",,,,,"stored inventories only; semantic validity, final spans, inventory reconciliation, lengths and training budget remain unapproved"
all_available,מו״מ,protocol pending,4,1,2,"{""wiki_substituted"":4}",12,"{""3"":4}",2,2,2,see_scenario_aggregate,,"conditional: identical full pair totals, effective batch, epochs, drop_last, accumulation and checkpoint rule required; no training run",,,,,"stored inventories only; semantic validity, final spans, inventory reconciliation, lengths and training budget remain unapproved"
all_available,מח״ל,protocol pending,1,1,1,"{""wiki_substituted"":1}",2,"{""2"":1}",6,1,0,see_scenario_aggregate,,"conditional: identical full pair totals, effective batch, epochs, drop_last, accumulation and checkpoint rule required; no training run",,,,,"stored inventories only; semantic validity, final spans, inventory reconciliation, lengths and training budget remain unapproved"
all_available,מל״ל,protocol pending,9,1,5,"{""wiki_substituted"":9}",27,"{""3"":9}",16,3,16,see_scenario_aggregate,,"conditional: identical full pair totals, effective batch, epochs, drop_last, accumulation and checkpoint rule required; no training run",,,,,"stored inventories only; semantic validity, final spans, inventory reconciliation, lengths and training budget remain unapproved"
all_available,מל״מ,protocol pending,18,1,10,"{""wiki_substituted"":18}",126,"{""7"":18}",1,6,1,see_scenario_aggregate,,"conditional: identical full pair totals, effective batch, epochs, drop_last, accumulation and checkpoint rule required; no training run",,,,,"stored inventories only; semantic validity, final spans, inventory reconciliation, lengths and training budget remain unapproved"
all_available,מע״ש,protocol pending,5,1,4,"{""wiki_deglossed"":1,""wiki_substituted"":4}",15,"{""3"":5}",4,3,4,see_scenario_aggregate,,"conditional: identical full pair totals, effective batch, epochs, drop_last, accumulation and checkpoint rule required; no training run",,,,,"stored inventories only; semantic validity, final spans, inventory reconciliation, lengths and training budget remain unapproved"
all_available,מת״ש,protocol pending,3,1,3,"{""wiki_substituted"":3}",6,"{""2"":3}",1,1,0,see_scenario_aggregate,,"conditional: identical full pair totals, effective batch, epochs, drop_last, accumulation and checkpoint rule required; no training run",,,,,"stored inventories only; semantic validity, final spans, inventory reconciliation, lengths and training budget remain unapproved"
all_available,מ״ר,protocol pending,6,1,4,"{""wiki_substituted"":6}",18,"{""3"":6}",18,2,18,see_scenario_aggregate,,"conditional: identical full pair totals, effective batch, epochs, drop_last, accumulation and checkpoint rule required; no training run",,,,,"stored inventories only; semantic validity, final spans, inventory reconciliation, lengths and training budget remain unapproved"
all_available,נ״מ,protocol pending,6,1,5,"{""wiki_substituted"":6}",12,"{""2"":6}",5,2,5,see_scenario_aggregate,,"conditional: identical full pair totals, effective batch, epochs, drop_last, accumulation and checkpoint rule required; no training run",,,,,"stored inventories only; semantic validity, final spans, inventory reconciliation, lengths and training budget remain unapproved"
all_available,סמ״ק,protocol pending,5,1,5,"{""wiki_substituted"":5}",10,"{""2"":5}",15,2,15,see_scenario_aggregate,,"conditional: identical full pair totals, effective batch, epochs, drop_last, accumulation and checkpoint rule required; no training run",,,,,"stored inventories only; semantic validity, final spans, inventory reconciliation, lengths and training budget remain unapproved"
all_available,ס״ב,protocol pending,6,1,3,"{""wiki_substituted"":6}",12,"{""2"":6}",1,2,1,see_scenario_aggregate,,"conditional: identical full pair totals, effective batch, epochs, drop_last, accumulation and checkpoint rule required; no training run",,,,,"stored inventories only; semantic validity, final spans, inventory reconciliation, lengths and training budget remain unapproved"
all_available,ס״מ,protocol pending,6,1,4,"{""wiki_substituted"":6}",24,"{""4"":6}",18,3,18,see_scenario_aggregate,,"conditional: identical full pair totals, effective batch, epochs, drop_last, accumulation and checkpoint rule required; no training run",,,,,"stored inventories only; semantic validity, final spans, inventory reconciliation, lengths and training budget remain unapproved"
all_available,עכו״ם,protocol pending,11,1,5,"{""wiki_substituted"":11}",66,"{""6"":11}",7,5,5,see_scenario_aggregate,,"conditional: identical full pair totals, effective batch, epochs, drop_last, accumulation and checkpoint rule required; no training run",,,,,"stored inventories only; semantic validity, final spans, inventory reconciliation, lengths and training budget remain unapproved"
all_available,ע״פ,protocol pending,8,1,6,"{""wiki_substituted"":8}",40,"{""5"":8}",3,4,3,see_scenario_aggregate,,"conditional: identical full pair totals, effective batch, epochs, drop_last, accumulation and checkpoint rule required; no training run",,,,,"stored inventories only; semantic validity, final spans, inventory reconciliation, lengths and training budget remain unapproved"
all_available,פ״א,protocol pending,26,1,22,"{""wiki_substituted"":26}",286,"{""11"":26}",1,10,0,see_scenario_aggregate,,"conditional: identical full pair totals, effective batch, epochs, drop_last, accumulation and checkpoint rule required; no training run",,,,,"stored inventories only; semantic validity, final spans, inventory reconciliation, lengths and training budget remain unapproved"
all_available,ר״ג,protocol pending,6,1,2,"{""wiki_substituted"":6}",18,"{""3"":6}",3,2,3,see_scenario_aggregate,,"conditional: identical full pair totals, effective batch, epochs, drop_last, accumulation and checkpoint rule required; no training run",,,,,"stored inventories only; semantic validity, final spans, inventory reconciliation, lengths and training budget remain unapproved"
all_available,ש״ח,protocol pending,12,1,8,"{""wiki_substituted"":12}",60,"{""5"":12}",21,4,21,see_scenario_aggregate,,"conditional: identical full pair totals, effective batch, epochs, drop_last, accumulation and checkpoint rule required; no training run",,,,,"stored inventories only; semantic validity, final spans, inventory reconciliation, lengths and training budget remain unapproved"
all_available,ש״י,protocol pending,1,1,1,"{""wiki_substituted"":1}",4,"{""4"":1}",18,1,0,see_scenario_aggregate,,"conditional: identical full pair totals, effective batch, epochs, drop_last, accumulation and checkpoint rule required; no training run",,,,,"stored inventories only; semantic validity, final spans, inventory reconciliation, lengths and training budget remain unapproved"
all_available,ש״ש,protocol pending,25,1,17,"{""wiki_substituted"":25}",300,"{""12"":25}",7,9,7,see_scenario_aggregate,,"conditional: identical full pair totals, effective batch, epochs, drop_last, accumulation and checkpoint rule required; no training run",,,,,"stored inventories only; semantic validity, final spans, inventory reconciliation, lengths and training budget remain unapproved"
all_available,תמ״ג,protocol pending,6,1,5,"{""wiki_substituted"":6}",12,"{""2"":6}",3,2,3,see_scenario_aggregate,,"conditional: identical full pair totals, effective batch, epochs, drop_last, accumulation and checkpoint rule required; no training run",,,,,"stored inventories only; semantic validity, final spans, inventory reconciliation, lengths and training budget remain unapproved"
all_available,תצ״א,protocol pending,3,1,2,"{""wiki_substituted"":3}",6,"{""2"":3}",1,1,1,see_scenario_aggregate,,"conditional: identical full pair totals, effective batch, epochs, drop_last, accumulation and checkpoint rule required; no training run",,,,,"stored inventories only; semantic validity, final spans, inventory reconciliation, lengths and training budget remain unapproved"
same_source_substituted,__ALL__,protocol pending,269,39,189,"{""wiki_substituted"":269}",1404,"{""2"":65,""3"":62,""4"":23,""5"":26,""6"":14,""7"":28,""11"":26,""12"":25}",246,103,181,not_exact,25,"conditional: identical full pair totals, effective batch, epochs, drop_last, accumulation and checkpoint rule required; no training run",13164,,823,,"stored inventories only; semantic validity, final spans, inventory reconciliation, lengths and training budget remain unapproved"
same_source_substituted,אג״מ,protocol pending,6,1,5,"{""wiki_substituted"":6}",12,"{""2"":6}",3,2,3,see_scenario_aggregate,,"conditional: identical full pair totals, effective batch, epochs, drop_last, accumulation and checkpoint rule required; no training run",,,,,"stored inventories only; semantic validity, final spans, inventory reconciliation, lengths and training budget remain unapproved"
same_source_substituted,אי״ל,protocol pending,3,1,2,"{""wiki_substituted"":3}",6,"{""2"":3}",15,1,15,see_scenario_aggregate,,"conditional: identical full pair totals, effective batch, epochs, drop_last, accumulation and checkpoint rule required; no training run",,,,,"stored inventories only; semantic validity, final spans, inventory reconciliation, lengths and training budget remain unapproved"
same_source_substituted,אמ״ץ,protocol pending,3,1,3,"{""wiki_substituted"":3}",9,"{""3"":3}",1,1,0,see_scenario_aggregate,,"conditional: identical full pair totals, effective batch, epochs, drop_last, accumulation and checkpoint rule required; no training run",,,,,"stored inventories only; semantic validity, final spans, inventory reconciliation, lengths and training budget remain unapproved"
same_source_substituted,את״ל,protocol pending,3,1,3,"{""wiki_substituted"":3}",18,"{""6"":3}",1,2,1,see_scenario_aggregate,,"conditional: identical full pair totals, effective batch, epochs, drop_last, accumulation and checkpoint rule required; no training run",,,,,"stored inventories only; semantic validity, final spans, inventory reconciliation, lengths and training budget remain unapproved"
same_source_substituted,א״ד,protocol pending,10,1,10,"{""wiki_substituted"":10}",70,"{""7"":10}",5,4,0,see_scenario_aggregate,,"conditional: identical full pair totals, effective batch, epochs, drop_last, accumulation and checkpoint rule required; no training run",,,,,"stored inventories only; semantic validity, final spans, inventory reconciliation, lengths and training budget remain unapproved"
same_source_substituted,א״י,protocol pending,12,1,8,"{""wiki_substituted"":12}",48,"{""4"":12}",7,4,5,see_scenario_aggregate,,"conditional: identical full pair totals, effective batch, epochs, drop_last, accumulation and checkpoint rule required; no training run",,,,,"stored inventories only; semantic validity, final spans, inventory reconciliation, lengths and training budget remain unapproved"
same_source_substituted,א״ת,protocol pending,6,1,4,"{""wiki_substituted"":6}",18,"{""3"":6}",1,2,0,see_scenario_aggregate,,"conditional: identical full pair totals, effective batch, epochs, drop_last, accumulation and checkpoint rule required; no training run",,,,,"stored inventories only; semantic validity, final spans, inventory reconciliation, lengths and training budget remain unapproved"
same_source_substituted,בס״ד,protocol pending,3,1,3,"{""wiki_substituted"":3}",6,"{""2"":3}",1,1,0,see_scenario_aggregate,,"conditional: identical full pair totals, effective batch, epochs, drop_last, accumulation and checkpoint rule required; no training run",,,,,"stored inventories only; semantic validity, final spans, inventory reconciliation, lengths and training budget remain unapproved"
same_source_substituted,ג״ג,protocol pending,5,1,3,"{""wiki_substituted"":5}",10,"{""2"":5}",3,2,0,see_scenario_aggregate,,"conditional: identical full pair totals, effective batch, epochs, drop_last, accumulation and checkpoint rule required; no training run",,,,,"stored inventories only; semantic validity, final spans, inventory reconciliation, lengths and training budget remain unapproved"
same_source_substituted,דפ״ר,protocol pending,4,1,3,"{""wiki_substituted"":4}",8,"{""2"":4}",2,2,2,see_scenario_aggregate,,"conditional: identical full pair totals, effective batch, epochs, drop_last, accumulation and checkpoint rule required; no training run",,,,,"stored inventories only; semantic validity, final spans, inventory reconciliation, lengths and training budget remain unapproved"
same_source_substituted,חמ״ל,protocol pending,3,1,1,"{""wiki_substituted"":3}",6,"{""2"":3}",1,1,1,see_scenario_aggregate,,"conditional: identical full pair totals, effective batch, epochs, drop_last, accumulation and checkpoint rule required; no training run",,,,,"stored inventories only; semantic validity, final spans, inventory reconciliation, lengths and training budget remain unapproved"
same_source_substituted,ח״ן,protocol pending,4,1,4,"{""wiki_substituted"":4}",16,"{""4"":4}",15,2,15,see_scenario_aggregate,,"conditional: identical full pair totals, effective batch, epochs, drop_last, accumulation and checkpoint rule required; no training run",,,,,"stored inventories only; semantic validity, final spans, inventory reconciliation, lengths and training budget remain unapproved"
same_source_substituted,ח״פ,protocol pending,4,1,4,"{""wiki_substituted"":4}",8,"{""2"":4}",1,2,0,see_scenario_aggregate,,"conditional: identical full pair totals, effective batch, epochs, drop_last, accumulation and checkpoint rule required; no training run",,,,,"stored inventories only; semantic validity, final spans, inventory reconciliation, lengths and training budget remain unapproved"
same_source_substituted,יו״ד,protocol pending,6,1,3,"{""wiki_substituted"":6}",18,"{""3"":6}",15,2,15,see_scenario_aggregate,,"conditional: identical full pair totals, effective batch, epochs, drop_last, accumulation and checkpoint rule required; no training run",,,,,"stored inventories only; semantic validity, final spans, inventory reconciliation, lengths and training budget remain unapproved"
same_source_substituted,י״ח,protocol pending,4,1,2,"{""wiki_substituted"":4}",8,"{""2"":4}",1,2,1,see_scenario_aggregate,,"conditional: identical full pair totals, effective batch, epochs, drop_last, accumulation and checkpoint rule required; no training run",,,,,"stored inventories only; semantic validity, final spans, inventory reconciliation, lengths and training budget remain unapproved"
same_source_substituted,כי״ח,protocol pending,3,1,2,"{""wiki_substituted"":3}",6,"{""2"":3}",1,1,1,see_scenario_aggregate,,"conditional: identical full pair totals, effective batch, epochs, drop_last, accumulation and checkpoint rule required; no training run",,,,,"stored inventories only; semantic validity, final spans, inventory reconciliation, lengths and training budget remain unapproved"
same_source_substituted,כ״ס,protocol pending,9,1,3,"{""wiki_substituted"":9}",27,"{""3"":9}",3,3,3,see_scenario_aggregate,,"conditional: identical full pair totals, effective batch, epochs, drop_last, accumulation and checkpoint rule required; no training run",,,,,"stored inventories only; semantic validity, final spans, inventory reconciliation, lengths and training budget remain unapproved"
same_source_substituted,ל״ע,protocol pending,9,1,9,"{""wiki_substituted"":9}",27,"{""3"":9}",1,3,0,see_scenario_aggregate,,"conditional: identical full pair totals, effective batch, epochs, drop_last, accumulation and checkpoint rule required; no training run",,,,,"stored inventories only; semantic validity, final spans, inventory reconciliation, lengths and training budget remain unapproved"
same_source_substituted,מד״א,protocol pending,6,1,3,"{""wiki_substituted"":6}",30,"{""5"":6}",18,2,0,see_scenario_aggregate,,"conditional: identical full pair totals, effective batch, epochs, drop_last, accumulation and checkpoint rule required; no training run",,,,,"stored inventories only; semantic validity, final spans, inventory reconciliation, lengths and training budget remain unapproved"
same_source_substituted,מו״מ,protocol pending,4,1,2,"{""wiki_substituted"":4}",12,"{""3"":4}",2,2,2,see_scenario_aggregate,,"conditional: identical full pair totals, effective batch, epochs, drop_last, accumulation and checkpoint rule required; no training run",,,,,"stored inventories only; semantic validity, final spans, inventory reconciliation, lengths and training budget remain unapproved"
same_source_substituted,מח״ל,protocol pending,1,1,1,"{""wiki_substituted"":1}",2,"{""2"":1}",6,1,0,see_scenario_aggregate,,"conditional: identical full pair totals, effective batch, epochs, drop_last, accumulation and checkpoint rule required; no training run",,,,,"stored inventories only; semantic validity, final spans, inventory reconciliation, lengths and training budget remain unapproved"
same_source_substituted,מל״ל,protocol pending,9,1,5,"{""wiki_substituted"":9}",27,"{""3"":9}",16,3,16,see_scenario_aggregate,,"conditional: identical full pair totals, effective batch, epochs, drop_last, accumulation and checkpoint rule required; no training run",,,,,"stored inventories only; semantic validity, final spans, inventory reconciliation, lengths and training budget remain unapproved"
same_source_substituted,מל״מ,protocol pending,18,1,10,"{""wiki_substituted"":18}",126,"{""7"":18}",1,6,1,see_scenario_aggregate,,"conditional: identical full pair totals, effective batch, epochs, drop_last, accumulation and checkpoint rule required; no training run",,,,,"stored inventories only; semantic validity, final spans, inventory reconciliation, lengths and training budget remain unapproved"
same_source_substituted,מע״ש,protocol pending,4,1,4,"{""wiki_substituted"":4}",12,"{""3"":4}",4,2,0,see_scenario_aggregate,,"conditional: identical full pair totals, effective batch, epochs, drop_last, accumulation and checkpoint rule required; no training run",,,,,"stored inventories only; semantic validity, final spans, inventory reconciliation, lengths and training budget remain unapproved"
same_source_substituted,מת״ש,protocol pending,3,1,3,"{""wiki_substituted"":3}",6,"{""2"":3}",1,1,0,see_scenario_aggregate,,"conditional: identical full pair totals, effective batch, epochs, drop_last, accumulation and checkpoint rule required; no training run",,,,,"stored inventories only; semantic validity, final spans, inventory reconciliation, lengths and training budget remain unapproved"
same_source_substituted,מ״ר,protocol pending,6,1,4,"{""wiki_substituted"":6}",18,"{""3"":6}",18,2,18,see_scenario_aggregate,,"conditional: identical full pair totals, effective batch, epochs, drop_last, accumulation and checkpoint rule required; no training run",,,,,"stored inventories only; semantic validity, final spans, inventory reconciliation, lengths and training budget remain unapproved"
same_source_substituted,נ״מ,protocol pending,6,1,5,"{""wiki_substituted"":6}",12,"{""2"":6}",5,2,5,see_scenario_aggregate,,"conditional: identical full pair totals, effective batch, epochs, drop_last, accumulation and checkpoint rule required; no training run",,,,,"stored inventories only; semantic validity, final spans, inventory reconciliation, lengths and training budget remain unapproved"
same_source_substituted,סמ״ק,protocol pending,5,1,5,"{""wiki_substituted"":5}",10,"{""2"":5}",15,2,15,see_scenario_aggregate,,"conditional: identical full pair totals, effective batch, epochs, drop_last, accumulation and checkpoint rule required; no training run",,,,,"stored inventories only; semantic validity, final spans, inventory reconciliation, lengths and training budget remain unapproved"
same_source_substituted,ס״ב,protocol pending,6,1,3,"{""wiki_substituted"":6}",12,"{""2"":6}",1,2,1,see_scenario_aggregate,,"conditional: identical full pair totals, effective batch, epochs, drop_last, accumulation and checkpoint rule required; no training run",,,,,"stored inventories only; semantic validity, final spans, inventory reconciliation, lengths and training budget remain unapproved"
same_source_substituted,ס״מ,protocol pending,6,1,4,"{""wiki_substituted"":6}",24,"{""4"":6}",18,3,18,see_scenario_aggregate,,"conditional: identical full pair totals, effective batch, epochs, drop_last, accumulation and checkpoint rule required; no training run",,,,,"stored inventories only; semantic validity, final spans, inventory reconciliation, lengths and training budget remain unapproved"
same_source_substituted,עכו״ם,protocol pending,11,1,5,"{""wiki_substituted"":11}",66,"{""6"":11}",7,5,5,see_scenario_aggregate,,"conditional: identical full pair totals, effective batch, epochs, drop_last, accumulation and checkpoint rule required; no training run",,,,,"stored inventories only; semantic validity, final spans, inventory reconciliation, lengths and training budget remain unapproved"
same_source_substituted,ע״פ,protocol pending,8,1,6,"{""wiki_substituted"":8}",40,"{""5"":8}",3,4,3,see_scenario_aggregate,,"conditional: identical full pair totals, effective batch, epochs, drop_last, accumulation and checkpoint rule required; no training run",,,,,"stored inventories only; semantic validity, final spans, inventory reconciliation, lengths and training budget remain unapproved"
same_source_substituted,פ״א,protocol pending,26,1,22,"{""wiki_substituted"":26}",286,"{""11"":26}",1,10,0,see_scenario_aggregate,,"conditional: identical full pair totals, effective batch, epochs, drop_last, accumulation and checkpoint rule required; no training run",,,,,"stored inventories only; semantic validity, final spans, inventory reconciliation, lengths and training budget remain unapproved"
same_source_substituted,ר״ג,protocol pending,6,1,2,"{""wiki_substituted"":6}",18,"{""3"":6}",3,2,3,see_scenario_aggregate,,"conditional: identical full pair totals, effective batch, epochs, drop_last, accumulation and checkpoint rule required; no training run",,,,,"stored inventories only; semantic validity, final spans, inventory reconciliation, lengths and training budget remain unapproved"
same_source_substituted,ש״ח,protocol pending,12,1,8,"{""wiki_substituted"":12}",60,"{""5"":12}",21,4,21,see_scenario_aggregate,,"conditional: identical full pair totals, effective batch, epochs, drop_last, accumulation and checkpoint rule required; no training run",,,,,"stored inventories only; semantic validity, final spans, inventory reconciliation, lengths and training budget remain unapproved"
same_source_substituted,ש״י,protocol pending,1,1,1,"{""wiki_substituted"":1}",4,"{""4"":1}",18,1,0,see_scenario_aggregate,,"conditional: identical full pair totals, effective batch, epochs, drop_last, accumulation and checkpoint rule required; no training run",,,,,"stored inventories only; semantic validity, final spans, inventory reconciliation, lengths and training budget remain unapproved"
same_source_substituted,ש״ש,protocol pending,25,1,17,"{""wiki_substituted"":25}",300,"{""12"":25}",7,9,7,see_scenario_aggregate,,"conditional: identical full pair totals, effective batch, epochs, drop_last, accumulation and checkpoint rule required; no training run",,,,,"stored inventories only; semantic validity, final spans, inventory reconciliation, lengths and training budget remain unapproved"
same_source_substituted,תמ״ג,protocol pending,6,1,5,"{""wiki_substituted"":6}",12,"{""2"":6}",3,2,3,see_scenario_aggregate,,"conditional: identical full pair totals, effective batch, epochs, drop_last, accumulation and checkpoint rule required; no training run",,,,,"stored inventories only; semantic validity, final spans, inventory reconciliation, lengths and training budget remain unapproved"
same_source_substituted,תצ״א,protocol pending,3,1,2,"{""wiki_substituted"":3}",6,"{""2"":3}",1,1,1,see_scenario_aggregate,,"conditional: identical full pair totals, effective batch, epochs, drop_last, accumulation and checkpoint rule required; no training run",,,,,"stored inventories only; semantic validity, final spans, inventory reconciliation, lengths and training budget remain unapproved"
exact_candidate_count,__ALL__,protocol pending,244,38,172,"{""wiki_substituted"":244}",1104,"{""2"":65,""3"":62,""4"":23,""5"":26,""6"":14,""7"":28,""11"":26}",239,94,174,available,0,"conditional: identical full pair totals, effective batch, epochs, drop_last, accumulation and checkpoint rule required; no training run",13164,13164,823,823,"stored inventories only; semantic validity, final spans, inventory reconciliation, lengths and training budget remain unapproved"
exact_candidate_count,אג״מ,protocol pending,6,1,5,"{""wiki_substituted"":6}",12,"{""2"":6}",3,2,3,see_scenario_aggregate,,"conditional: identical full pair totals, effective batch, epochs, drop_last, accumulation and checkpoint rule required; no training run",,,,,"stored inventories only; semantic validity, final spans, inventory reconciliation, lengths and training budget remain unapproved"
exact_candidate_count,אי״ל,protocol pending,3,1,2,"{""wiki_substituted"":3}",6,"{""2"":3}",15,1,15,see_scenario_aggregate,,"conditional: identical full pair totals, effective batch, epochs, drop_last, accumulation and checkpoint rule required; no training run",,,,,"stored inventories only; semantic validity, final spans, inventory reconciliation, lengths and training budget remain unapproved"
exact_candidate_count,אמ״ץ,protocol pending,3,1,3,"{""wiki_substituted"":3}",9,"{""3"":3}",1,1,0,see_scenario_aggregate,,"conditional: identical full pair totals, effective batch, epochs, drop_last, accumulation and checkpoint rule required; no training run",,,,,"stored inventories only; semantic validity, final spans, inventory reconciliation, lengths and training budget remain unapproved"
exact_candidate_count,את״ל,protocol pending,3,1,3,"{""wiki_substituted"":3}",18,"{""6"":3}",1,2,1,see_scenario_aggregate,,"conditional: identical full pair totals, effective batch, epochs, drop_last, accumulation and checkpoint rule required; no training run",,,,,"stored inventories only; semantic validity, final spans, inventory reconciliation, lengths and training budget remain unapproved"
exact_candidate_count,א״ד,protocol pending,10,1,10,"{""wiki_substituted"":10}",70,"{""7"":10}",5,4,0,see_scenario_aggregate,,"conditional: identical full pair totals, effective batch, epochs, drop_last, accumulation and checkpoint rule required; no training run",,,,,"stored inventories only; semantic validity, final spans, inventory reconciliation, lengths and training budget remain unapproved"
exact_candidate_count,א״י,protocol pending,12,1,8,"{""wiki_substituted"":12}",48,"{""4"":12}",7,4,5,see_scenario_aggregate,,"conditional: identical full pair totals, effective batch, epochs, drop_last, accumulation and checkpoint rule required; no training run",,,,,"stored inventories only; semantic validity, final spans, inventory reconciliation, lengths and training budget remain unapproved"
exact_candidate_count,א״ת,protocol pending,6,1,4,"{""wiki_substituted"":6}",18,"{""3"":6}",1,2,0,see_scenario_aggregate,,"conditional: identical full pair totals, effective batch, epochs, drop_last, accumulation and checkpoint rule required; no training run",,,,,"stored inventories only; semantic validity, final spans, inventory reconciliation, lengths and training budget remain unapproved"
exact_candidate_count,בס״ד,protocol pending,3,1,3,"{""wiki_substituted"":3}",6,"{""2"":3}",1,1,0,see_scenario_aggregate,,"conditional: identical full pair totals, effective batch, epochs, drop_last, accumulation and checkpoint rule required; no training run",,,,,"stored inventories only; semantic validity, final spans, inventory reconciliation, lengths and training budget remain unapproved"
exact_candidate_count,ג״ג,protocol pending,5,1,3,"{""wiki_substituted"":5}",10,"{""2"":5}",3,2,0,see_scenario_aggregate,,"conditional: identical full pair totals, effective batch, epochs, drop_last, accumulation and checkpoint rule required; no training run",,,,,"stored inventories only; semantic validity, final spans, inventory reconciliation, lengths and training budget remain unapproved"
exact_candidate_count,דפ״ר,protocol pending,4,1,3,"{""wiki_substituted"":4}",8,"{""2"":4}",2,2,2,see_scenario_aggregate,,"conditional: identical full pair totals, effective batch, epochs, drop_last, accumulation and checkpoint rule required; no training run",,,,,"stored inventories only; semantic validity, final spans, inventory reconciliation, lengths and training budget remain unapproved"
exact_candidate_count,חמ״ל,protocol pending,3,1,1,"{""wiki_substituted"":3}",6,"{""2"":3}",1,1,1,see_scenario_aggregate,,"conditional: identical full pair totals, effective batch, epochs, drop_last, accumulation and checkpoint rule required; no training run",,,,,"stored inventories only; semantic validity, final spans, inventory reconciliation, lengths and training budget remain unapproved"
exact_candidate_count,ח״ן,protocol pending,4,1,4,"{""wiki_substituted"":4}",16,"{""4"":4}",15,2,15,see_scenario_aggregate,,"conditional: identical full pair totals, effective batch, epochs, drop_last, accumulation and checkpoint rule required; no training run",,,,,"stored inventories only; semantic validity, final spans, inventory reconciliation, lengths and training budget remain unapproved"
exact_candidate_count,ח״פ,protocol pending,4,1,4,"{""wiki_substituted"":4}",8,"{""2"":4}",1,2,0,see_scenario_aggregate,,"conditional: identical full pair totals, effective batch, epochs, drop_last, accumulation and checkpoint rule required; no training run",,,,,"stored inventories only; semantic validity, final spans, inventory reconciliation, lengths and training budget remain unapproved"
exact_candidate_count,יו״ד,protocol pending,6,1,3,"{""wiki_substituted"":6}",18,"{""3"":6}",15,2,15,see_scenario_aggregate,,"conditional: identical full pair totals, effective batch, epochs, drop_last, accumulation and checkpoint rule required; no training run",,,,,"stored inventories only; semantic validity, final spans, inventory reconciliation, lengths and training budget remain unapproved"
exact_candidate_count,י״ח,protocol pending,4,1,2,"{""wiki_substituted"":4}",8,"{""2"":4}",1,2,1,see_scenario_aggregate,,"conditional: identical full pair totals, effective batch, epochs, drop_last, accumulation and checkpoint rule required; no training run",,,,,"stored inventories only; semantic validity, final spans, inventory reconciliation, lengths and training budget remain unapproved"
exact_candidate_count,כי״ח,protocol pending,3,1,2,"{""wiki_substituted"":3}",6,"{""2"":3}",1,1,1,see_scenario_aggregate,,"conditional: identical full pair totals, effective batch, epochs, drop_last, accumulation and checkpoint rule required; no training run",,,,,"stored inventories only; semantic validity, final spans, inventory reconciliation, lengths and training budget remain unapproved"
exact_candidate_count,כ״ס,protocol pending,9,1,3,"{""wiki_substituted"":9}",27,"{""3"":9}",3,3,3,see_scenario_aggregate,,"conditional: identical full pair totals, effective batch, epochs, drop_last, accumulation and checkpoint rule required; no training run",,,,,"stored inventories only; semantic validity, final spans, inventory reconciliation, lengths and training budget remain unapproved"
exact_candidate_count,ל״ע,protocol pending,9,1,9,"{""wiki_substituted"":9}",27,"{""3"":9}",1,3,0,see_scenario_aggregate,,"conditional: identical full pair totals, effective batch, epochs, drop_last, accumulation and checkpoint rule required; no training run",,,,,"stored inventories only; semantic validity, final spans, inventory reconciliation, lengths and training budget remain unapproved"
exact_candidate_count,מד״א,protocol pending,6,1,3,"{""wiki_substituted"":6}",30,"{""5"":6}",18,2,0,see_scenario_aggregate,,"conditional: identical full pair totals, effective batch, epochs, drop_last, accumulation and checkpoint rule required; no training run",,,,,"stored inventories only; semantic validity, final spans, inventory reconciliation, lengths and training budget remain unapproved"
exact_candidate_count,מו״מ,protocol pending,4,1,2,"{""wiki_substituted"":4}",12,"{""3"":4}",2,2,2,see_scenario_aggregate,,"conditional: identical full pair totals, effective batch, epochs, drop_last, accumulation and checkpoint rule required; no training run",,,,,"stored inventories only; semantic validity, final spans, inventory reconciliation, lengths and training budget remain unapproved"
exact_candidate_count,מח״ל,protocol pending,1,1,1,"{""wiki_substituted"":1}",2,"{""2"":1}",6,1,0,see_scenario_aggregate,,"conditional: identical full pair totals, effective batch, epochs, drop_last, accumulation and checkpoint rule required; no training run",,,,,"stored inventories only; semantic validity, final spans, inventory reconciliation, lengths and training budget remain unapproved"
exact_candidate_count,מל״ל,protocol pending,9,1,5,"{""wiki_substituted"":9}",27,"{""3"":9}",16,3,16,see_scenario_aggregate,,"conditional: identical full pair totals, effective batch, epochs, drop_last, accumulation and checkpoint rule required; no training run",,,,,"stored inventories only; semantic validity, final spans, inventory reconciliation, lengths and training budget remain unapproved"
exact_candidate_count,מל״מ,protocol pending,18,1,10,"{""wiki_substituted"":18}",126,"{""7"":18}",1,6,1,see_scenario_aggregate,,"conditional: identical full pair totals, effective batch, epochs, drop_last, accumulation and checkpoint rule required; no training run",,,,,"stored inventories only; semantic validity, final spans, inventory reconciliation, lengths and training budget remain unapproved"
exact_candidate_count,מע״ש,protocol pending,4,1,4,"{""wiki_substituted"":4}",12,"{""3"":4}",4,2,0,see_scenario_aggregate,,"conditional: identical full pair totals, effective batch, epochs, drop_last, accumulation and checkpoint rule required; no training run",,,,,"stored inventories only; semantic validity, final spans, inventory reconciliation, lengths and training budget remain unapproved"
exact_candidate_count,מת״ש,protocol pending,3,1,3,"{""wiki_substituted"":3}",6,"{""2"":3}",1,1,0,see_scenario_aggregate,,"conditional: identical full pair totals, effective batch, epochs, drop_last, accumulation and checkpoint rule required; no training run",,,,,"stored inventories only; semantic validity, final spans, inventory reconciliation, lengths and training budget remain unapproved"
exact_candidate_count,מ״ר,protocol pending,6,1,4,"{""wiki_substituted"":6}",18,"{""3"":6}",18,2,18,see_scenario_aggregate,,"conditional: identical full pair totals, effective batch, epochs, drop_last, accumulation and checkpoint rule required; no training run",,,,,"stored inventories only; semantic validity, final spans, inventory reconciliation, lengths and training budget remain unapproved"
exact_candidate_count,נ״מ,protocol pending,6,1,5,"{""wiki_substituted"":6}",12,"{""2"":6}",5,2,5,see_scenario_aggregate,,"conditional: identical full pair totals, effective batch, epochs, drop_last, accumulation and checkpoint rule required; no training run",,,,,"stored inventories only; semantic validity, final spans, inventory reconciliation, lengths and training budget remain unapproved"
exact_candidate_count,סמ״ק,protocol pending,5,1,5,"{""wiki_substituted"":5}",10,"{""2"":5}",15,2,15,see_scenario_aggregate,,"conditional: identical full pair totals, effective batch, epochs, drop_last, accumulation and checkpoint rule required; no training run",,,,,"stored inventories only; semantic validity, final spans, inventory reconciliation, lengths and training budget remain unapproved"
exact_candidate_count,ס״ב,protocol pending,6,1,3,"{""wiki_substituted"":6}",12,"{""2"":6}",1,2,1,see_scenario_aggregate,,"conditional: identical full pair totals, effective batch, epochs, drop_last, accumulation and checkpoint rule required; no training run",,,,,"stored inventories only; semantic validity, final spans, inventory reconciliation, lengths and training budget remain unapproved"
exact_candidate_count,ס״מ,protocol pending,6,1,4,"{""wiki_substituted"":6}",24,"{""4"":6}",18,3,18,see_scenario_aggregate,,"conditional: identical full pair totals, effective batch, epochs, drop_last, accumulation and checkpoint rule required; no training run",,,,,"stored inventories only; semantic validity, final spans, inventory reconciliation, lengths and training budget remain unapproved"
exact_candidate_count,עכו״ם,protocol pending,11,1,5,"{""wiki_substituted"":11}",66,"{""6"":11}",7,5,5,see_scenario_aggregate,,"conditional: identical full pair totals, effective batch, epochs, drop_last, accumulation and checkpoint rule required; no training run",,,,,"stored inventories only; semantic validity, final spans, inventory reconciliation, lengths and training budget remain unapproved"
exact_candidate_count,ע״פ,protocol pending,8,1,6,"{""wiki_substituted"":8}",40,"{""5"":8}",3,4,3,see_scenario_aggregate,,"conditional: identical full pair totals, effective batch, epochs, drop_last, accumulation and checkpoint rule required; no training run",,,,,"stored inventories only; semantic validity, final spans, inventory reconciliation, lengths and training budget remain unapproved"
exact_candidate_count,פ״א,protocol pending,26,1,22,"{""wiki_substituted"":26}",286,"{""11"":26}",1,10,0,see_scenario_aggregate,,"conditional: identical full pair totals, effective batch, epochs, drop_last, accumulation and checkpoint rule required; no training run",,,,,"stored inventories only; semantic validity, final spans, inventory reconciliation, lengths and training budget remain unapproved"
exact_candidate_count,ר״ג,protocol pending,6,1,2,"{""wiki_substituted"":6}",18,"{""3"":6}",3,2,3,see_scenario_aggregate,,"conditional: identical full pair totals, effective batch, epochs, drop_last, accumulation and checkpoint rule required; no training run",,,,,"stored inventories only; semantic validity, final spans, inventory reconciliation, lengths and training budget remain unapproved"
exact_candidate_count,ש״ח,protocol pending,12,1,8,"{""wiki_substituted"":12}",60,"{""5"":12}",21,4,21,see_scenario_aggregate,,"conditional: identical full pair totals, effective batch, epochs, drop_last, accumulation and checkpoint rule required; no training run",,,,,"stored inventories only; semantic validity, final spans, inventory reconciliation, lengths and training budget remain unapproved"
exact_candidate_count,ש״י,protocol pending,1,1,1,"{""wiki_substituted"":1}",4,"{""4"":1}",18,1,0,see_scenario_aggregate,,"conditional: identical full pair totals, effective batch, epochs, drop_last, accumulation and checkpoint rule required; no training run",,,,,"stored inventories only; semantic validity, final spans, inventory reconciliation, lengths and training budget remain unapproved"
exact_candidate_count,תמ״ג,protocol pending,6,1,5,"{""wiki_substituted"":6}",12,"{""2"":6}",3,2,3,see_scenario_aggregate,,"conditional: identical full pair totals, effective batch, epochs, drop_last, accumulation and checkpoint rule required; no training run",,,,,"stored inventories only; semantic validity, final spans, inventory reconciliation, lengths and training budget remain unapproved"
exact_candidate_count,תצ״א,protocol pending,3,1,2,"{""wiki_substituted"":3}",6,"{""2"":3}",1,1,1,see_scenario_aggregate,,"conditional: identical full pair totals, effective batch, epochs, drop_last, accumulation and checkpoint rule required; no training run",,,,,"stored inventories only; semantic validity, final spans, inventory reconciliation, lengths and training budget remain unapproved"
capped_5_min_2_documents,__ALL__,protocol pending,155,35,131,"{""wiki_substituted"":155}",556,"{""2"":57,""3"":46,""4"":14,""5"":15,""6"":8,""7"":10,""11"":5}",214,81,173,available,0,"conditional: identical full pair totals, effective batch, epochs, drop_last, accumulation and checkpoint rule required; no training run",13164,13164,823,823,"stored inventories only; semantic validity, final spans, inventory reconciliation, lengths and training budget remain unapproved"
capped_5_min_2_documents,אג״מ,protocol pending,5,1,5,"{""wiki_substituted"":5}",10,"{""2"":5}",3,2,3,see_scenario_aggregate,,"conditional: identical full pair totals, effective batch, epochs, drop_last, accumulation and checkpoint rule required; no training run",,,,,"stored inventories only; semantic validity, final spans, inventory reconciliation, lengths and training budget remain unapproved"
capped_5_min_2_documents,אי״ל,protocol pending,3,1,2,"{""wiki_substituted"":3}",6,"{""2"":3}",15,1,15,see_scenario_aggregate,,"conditional: identical full pair totals, effective batch, epochs, drop_last, accumulation and checkpoint rule required; no training run",,,,,"stored inventories only; semantic validity, final spans, inventory reconciliation, lengths and training budget remain unapproved"
capped_5_min_2_documents,אמ״ץ,protocol pending,3,1,3,"{""wiki_substituted"":3}",9,"{""3"":3}",1,1,0,see_scenario_aggregate,,"conditional: identical full pair totals, effective batch, epochs, drop_last, accumulation and checkpoint rule required; no training run",,,,,"stored inventories only; semantic validity, final spans, inventory reconciliation, lengths and training budget remain unapproved"
capped_5_min_2_documents,את״ל,protocol pending,3,1,3,"{""wiki_substituted"":3}",18,"{""6"":3}",1,2,1,see_scenario_aggregate,,"conditional: identical full pair totals, effective batch, epochs, drop_last, accumulation and checkpoint rule required; no training run",,,,,"stored inventories only; semantic validity, final spans, inventory reconciliation, lengths and training budget remain unapproved"
capped_5_min_2_documents,א״ד,protocol pending,5,1,5,"{""wiki_substituted"":5}",35,"{""7"":5}",5,4,0,see_scenario_aggregate,,"conditional: identical full pair totals, effective batch, epochs, drop_last, accumulation and checkpoint rule required; no training run",,,,,"stored inventories only; semantic validity, final spans, inventory reconciliation, lengths and training budget remain unapproved"
capped_5_min_2_documents,א״י,protocol pending,5,1,5,"{""wiki_substituted"":5}",20,"{""4"":5}",7,4,5,see_scenario_aggregate,,"conditional: identical full pair totals, effective batch, epochs, drop_last, accumulation and checkpoint rule required; no training run",,,,,"stored inventories only; semantic validity, final spans, inventory reconciliation, lengths and training budget remain unapproved"
capped_5_min_2_documents,א״ת,protocol pending,5,1,4,"{""wiki_substituted"":5}",15,"{""3"":5}",1,2,0,see_scenario_aggregate,,"conditional: identical full pair totals, effective batch, epochs, drop_last, accumulation and checkpoint rule required; no training run",,,,,"stored inventories only; semantic validity, final spans, inventory reconciliation, lengths and training budget remain unapproved"
capped_5_min_2_documents,בס״ד,protocol pending,3,1,3,"{""wiki_substituted"":3}",6,"{""2"":3}",1,1,0,see_scenario_aggregate,,"conditional: identical full pair totals, effective batch, epochs, drop_last, accumulation and checkpoint rule required; no training run",,,,,"stored inventories only; semantic validity, final spans, inventory reconciliation, lengths and training budget remain unapproved"
capped_5_min_2_documents,ג״ג,protocol pending,5,1,3,"{""wiki_substituted"":5}",10,"{""2"":5}",3,2,0,see_scenario_aggregate,,"conditional: identical full pair totals, effective batch, epochs, drop_last, accumulation and checkpoint rule required; no training run",,,,,"stored inventories only; semantic validity, final spans, inventory reconciliation, lengths and training budget remain unapproved"
capped_5_min_2_documents,דפ״ר,protocol pending,4,1,3,"{""wiki_substituted"":4}",8,"{""2"":4}",2,2,2,see_scenario_aggregate,,"conditional: identical full pair totals, effective batch, epochs, drop_last, accumulation and checkpoint rule required; no training run",,,,,"stored inventories only; semantic validity, final spans, inventory reconciliation, lengths and training budget remain unapproved"
capped_5_min_2_documents,ח״ן,protocol pending,4,1,4,"{""wiki_substituted"":4}",16,"{""4"":4}",15,2,15,see_scenario_aggregate,,"conditional: identical full pair totals, effective batch, epochs, drop_last, accumulation and checkpoint rule required; no training run",,,,,"stored inventories only; semantic validity, final spans, inventory reconciliation, lengths and training budget remain unapproved"
capped_5_min_2_documents,ח״פ,protocol pending,4,1,4,"{""wiki_substituted"":4}",8,"{""2"":4}",1,2,0,see_scenario_aggregate,,"conditional: identical full pair totals, effective batch, epochs, drop_last, accumulation and checkpoint rule required; no training run",,,,,"stored inventories only; semantic validity, final spans, inventory reconciliation, lengths and training budget remain unapproved"
capped_5_min_2_documents,יו״ד,protocol pending,5,1,3,"{""wiki_substituted"":5}",15,"{""3"":5}",15,2,15,see_scenario_aggregate,,"conditional: identical full pair totals, effective batch, epochs, drop_last, accumulation and checkpoint rule required; no training run",,,,,"stored inventories only; semantic validity, final spans, inventory reconciliation, lengths and training budget remain unapproved"
capped_5_min_2_documents,י״ח,protocol pending,4,1,2,"{""wiki_substituted"":4}",8,"{""2"":4}",1,2,1,see_scenario_aggregate,,"conditional: identical full pair totals, effective batch, epochs, drop_last, accumulation and checkpoint rule required; no training run",,,,,"stored inventories only; semantic validity, final spans, inventory reconciliation, lengths and training budget remain unapproved"
capped_5_min_2_documents,כי״ח,protocol pending,3,1,2,"{""wiki_substituted"":3}",6,"{""2"":3}",1,1,1,see_scenario_aggregate,,"conditional: identical full pair totals, effective batch, epochs, drop_last, accumulation and checkpoint rule required; no training run",,,,,"stored inventories only; semantic validity, final spans, inventory reconciliation, lengths and training budget remain unapproved"
capped_5_min_2_documents,כ״ס,protocol pending,5,1,3,"{""wiki_substituted"":5}",15,"{""3"":5}",3,3,3,see_scenario_aggregate,,"conditional: identical full pair totals, effective batch, epochs, drop_last, accumulation and checkpoint rule required; no training run",,,,,"stored inventories only; semantic validity, final spans, inventory reconciliation, lengths and training budget remain unapproved"
capped_5_min_2_documents,ל״ע,protocol pending,5,1,5,"{""wiki_substituted"":5}",15,"{""3"":5}",1,3,0,see_scenario_aggregate,,"conditional: identical full pair totals, effective batch, epochs, drop_last, accumulation and checkpoint rule required; no training run",,,,,"stored inventories only; semantic validity, final spans, inventory reconciliation, lengths and training budget remain unapproved"
capped_5_min_2_documents,מד״א,protocol pending,5,1,3,"{""wiki_substituted"":5}",25,"{""5"":5}",18,2,0,see_scenario_aggregate,,"conditional: identical full pair totals, effective batch, epochs, drop_last, accumulation and checkpoint rule required; no training run",,,,,"stored inventories only; semantic validity, final spans, inventory reconciliation, lengths and training budget remain unapproved"
capped_5_min_2_documents,מו״מ,protocol pending,4,1,2,"{""wiki_substituted"":4}",12,"{""3"":4}",2,2,2,see_scenario_aggregate,,"conditional: identical full pair totals, effective batch, epochs, drop_last, accumulation and checkpoint rule required; no training run",,,,,"stored inventories only; semantic validity, final spans, inventory reconciliation, lengths and training budget remain unapproved"
capped_5_min_2_documents,מל״ל,protocol pending,5,1,5,"{""wiki_substituted"":5}",15,"{""3"":5}",16,3,16,see_scenario_aggregate,,"conditional: identical full pair totals, effective batch, epochs, drop_last, accumulation and checkpoint rule required; no training run",,,,,"stored inventories only; semantic validity, final spans, inventory reconciliation, lengths and training budget remain unapproved"
capped_5_min_2_documents,מל״מ,protocol pending,5,1,5,"{""wiki_substituted"":5}",35,"{""7"":5}",1,2,1,see_scenario_aggregate,,"conditional: identical full pair totals, effective batch, epochs, drop_last, accumulation and checkpoint rule required; no training run",,,,,"stored inventories only; semantic validity, final spans, inventory reconciliation, lengths and training budget remain unapproved"
capped_5_min_2_documents,מע״ש,protocol pending,4,1,4,"{""wiki_substituted"":4}",12,"{""3"":4}",4,2,0,see_scenario_aggregate,,"conditional: identical full pair totals, effective batch, epochs, drop_last, accumulation and checkpoint rule required; no training run",,,,,"stored inventories only; semantic validity, final spans, inventory reconciliation, lengths and training budget remain unapproved"
capped_5_min_2_documents,מת״ש,protocol pending,3,1,3,"{""wiki_substituted"":3}",6,"{""2"":3}",1,1,0,see_scenario_aggregate,,"conditional: identical full pair totals, effective batch, epochs, drop_last, accumulation and checkpoint rule required; no training run",,,,,"stored inventories only; semantic validity, final spans, inventory reconciliation, lengths and training budget remain unapproved"
capped_5_min_2_documents,מ״ר,protocol pending,5,1,4,"{""wiki_substituted"":5}",15,"{""3"":5}",18,2,18,see_scenario_aggregate,,"conditional: identical full pair totals, effective batch, epochs, drop_last, accumulation and checkpoint rule required; no training run",,,,,"stored inventories only; semantic validity, final spans, inventory reconciliation, lengths and training budget remain unapproved"
capped_5_min_2_documents,נ״מ,protocol pending,5,1,5,"{""wiki_substituted"":5}",10,"{""2"":5}",5,2,5,see_scenario_aggregate,,"conditional: identical full pair totals, effective batch, epochs, drop_last, accumulation and checkpoint rule required; no training run",,,,,"stored inventories only; semantic validity, final spans, inventory reconciliation, lengths and training budget remain unapproved"
capped_5_min_2_documents,סמ״ק,protocol pending,5,1,5,"{""wiki_substituted"":5}",10,"{""2"":5}",15,2,15,see_scenario_aggregate,,"conditional: identical full pair totals, effective batch, epochs, drop_last, accumulation and checkpoint rule required; no training run",,,,,"stored inventories only; semantic validity, final spans, inventory reconciliation, lengths and training budget remain unapproved"
capped_5_min_2_documents,ס״ב,protocol pending,5,1,3,"{""wiki_substituted"":5}",10,"{""2"":5}",1,2,1,see_scenario_aggregate,,"conditional: identical full pair totals, effective batch, epochs, drop_last, accumulation and checkpoint rule required; no training run",,,,,"stored inventories only; semantic validity, final spans, inventory reconciliation, lengths and training budget remain unapproved"
capped_5_min_2_documents,ס״מ,protocol pending,5,1,4,"{""wiki_substituted"":5}",20,"{""4"":5}",18,3,18,see_scenario_aggregate,,"conditional: identical full pair totals, effective batch, epochs, drop_last, accumulation and checkpoint rule required; no training run",,,,,"stored inventories only; semantic validity, final spans, inventory reconciliation, lengths and training budget remain unapproved"
capped_5_min_2_documents,עכו״ם,protocol pending,5,1,5,"{""wiki_substituted"":5}",30,"{""6"":5}",7,5,5,see_scenario_aggregate,,"conditional: identical full pair totals, effective batch, epochs, drop_last, accumulation and checkpoint rule required; no training run",,,,,"stored inventories only; semantic validity, final spans, inventory reconciliation, lengths and training budget remain unapproved"
capped_5_min_2_documents,ע״פ,protocol pending,5,1,5,"{""wiki_substituted"":5}",25,"{""5"":5}",3,4,3,see_scenario_aggregate,,"conditional: identical full pair totals, effective batch, epochs, drop_last, accumulation and checkpoint rule required; no training run",,,,,"stored inventories only; semantic validity, final spans, inventory reconciliation, lengths and training budget remain unapproved"
capped_5_min_2_documents,פ״א,protocol pending,5,1,5,"{""wiki_substituted"":5}",55,"{""11"":5}",1,4,0,see_scenario_aggregate,,"conditional: identical full pair totals, effective batch, epochs, drop_last, accumulation and checkpoint rule required; no training run",,,,,"stored inventories only; semantic validity, final spans, inventory reconciliation, lengths and training budget remain unapproved"
capped_5_min_2_documents,ר״ג,protocol pending,5,1,2,"{""wiki_substituted"":5}",15,"{""3"":5}",3,2,3,see_scenario_aggregate,,"conditional: identical full pair totals, effective batch, epochs, drop_last, accumulation and checkpoint rule required; no training run",,,,,"stored inventories only; semantic validity, final spans, inventory reconciliation, lengths and training budget remain unapproved"
capped_5_min_2_documents,ש״ח,protocol pending,5,1,5,"{""wiki_substituted"":5}",25,"{""5"":5}",21,4,21,see_scenario_aggregate,,"conditional: identical full pair totals, effective batch, epochs, drop_last, accumulation and checkpoint rule required; no training run",,,,,"stored inventories only; semantic validity, final spans, inventory reconciliation, lengths and training budget remain unapproved"
capped_5_min_2_documents,תמ״ג,protocol pending,5,1,5,"{""wiki_substituted"":5}",10,"{""2"":5}",3,2,3,see_scenario_aggregate,,"conditional: identical full pair totals, effective batch, epochs, drop_last, accumulation and checkpoint rule required; no training run",,,,,"stored inventories only; semantic validity, final spans, inventory reconciliation, lengths and training budget remain unapproved"
capped_5_min_2_documents,תצ״א,protocol pending,3,1,2,"{""wiki_substituted"":3}",6,"{""2"":3}",1,1,1,see_scenario_aggregate,,"conditional: identical full pair totals, effective batch, epochs, drop_last, accumulation and checkpoint rule required; no training run",,,,,"stored inventories only; semantic validity, final spans, inventory reconciliation, lengths and training budget remain unapproved"
