pilot_order,review_id,historical_roles,natural_dev_proposed,acronym,sentence,recorded_label,stored_candidates,flags,source_refs_json,decision_location,human_pilot_status
1,item-743231daf6861b0f5bd32f29,aggregate_only,true,א״ח,"הצבעה מס' 32 בעד התיקון של חבר הכנסת א""ח שאקי לסעיף 42 – 39 נגד – 58 נמנעים – אין התיקון של חבר הכנסת א""ח שאקי לסעיף 42 לא נתקבל.",אבנר חי (שאקי),אורך חיים | אגף חקירות | אבנר חי (שאקי) | תשע (גימטריה),inventory_conflict|natural_dev_proposal|quote_variant|target_multiple,"[{""path"":""data/splits/all_items.csv"",""record"":3700}]",review_decisions.csv,not performed
2,item-10c8e92234135629f4d76552,dev,false,מצ״ד,"לאחר המלחמה, עסק מצ״ד בבניית המערכת הלוגיסטית בחיל ובטיפול ברכש ופיתוח מערכות נשק.",מערך ציוד ודרג,מספן הציוד | להק הציוד | מחנה הציונות הדתית | מערך ציוד ודרג,adverse_review|historical_adverse_review|inventory_conflict|label_missing_independent_inventory|review_not_proven,"[{""path"":""data/splits/all_items.csv"",""record"":3213},{""path"":""data/splits/dev_items.csv"",""record"":235}]",review_decisions.csv,not performed
3,item-ab8c75dc07bf0b27830e4ed9,train,false,ת״ק,"וחיינו כפי שהם, והם מדיפים – החיים היומיומיים, הפשוטים, החיים בלי מליצות, מדיפים ריח כבד ת""ק על ת""ק פרסה.",חמש מאות (גימטריה),תנא קמא | תביעות קטנות | חמש מאות (גימטריה),document_overlap|inventory_conflict|quote_variant|scope_exclusion_proposed|target_multiple,"[{""path"":""data/splits/all_items.csv"",""record"":3441},{""path"":""data/splits/train_items.csv"",""record"":2650}]",review_decisions.csv,not performed
4,item-235ac950a8d07ef66294146f,dev,false,ביד״מ,"ביד״מ שהוקם לצורך העניין, ובו נציגים משלושת בתי הדין החרדיים החשובים ביותר, פסק כי ""שומר נפשו ירחק ממנו"".",בית דין משותף,"בית דין מיוחד | בית דין למשמעת, בית דין משמעתי | בית דין משותף",adverse_review|historical_adverse_review|inventory_conflict|label_missing_independent_inventory|review_not_proven,"[{""path"":""data/splits/all_items.csv"",""record"":2989},{""path"":""data/splits/dev_items.csv"",""record"":11}]",review_decisions.csv,not performed
5,item-2bd0eb5db395a8edb3345c34,dev,false,מצ״ד,"מצ״ד הנהיג תפיסה של מערך חירום לתיקון מטוסים בלחימה, שמומש על ידי הקמת דרג אחזקה מתקדם בתוך בסיסי הטיסה.",מערך ציוד ודרג,מספן הציוד | להק הציוד | מחנה הציונות הדתית | מערך ציוד ודרג,adverse_review|historical_adverse_review|inventory_conflict|label_missing_independent_inventory|review_not_proven,"[{""path"":""data/splits/all_items.csv"",""record"":3212},{""path"":""data/splits/dev_items.csv"",""record"":234}]",review_decisions.csv,not performed
6,item-f3a09c80810e01fd297ba4f2,train,false,ת״ק,"הייתי שם כמה פעמים, זה באמת אחד המקומות שריחם הולך ת""ק על ת""ק פרסה.",חמש מאות (גימטריה),תנא קמא | תביעות קטנות | חמש מאות (גימטריה),document_overlap|inventory_conflict|quote_variant|scope_exclusion_proposed|target_multiple,"[{""path"":""data/splits/all_items.csv"",""record"":3718},{""path"":""data/splits/train_items.csv"",""record"":2653}]",review_decisions.csv,not performed
7,item-40282f0d0e535efd7b8d61f9,dev,false,מהר״י,"רבו היה המקובל רבי יוסף סאגיס, והוא נסמך לרבנות על ידי מהר״י, נכדו של מהר״י מחדֵש הסמיכה בצפת.",רבי יעקב בירב,רבי יעקב בירב | רבי יצחק אבוהב (גאון קסטיליה) | רבי ישראל יעקב אלגאזי | רבי יהודה בן אליעזר הלוי מינץ | רבי יוסף בן אברהם ג'יקטיליה | רבי יעקב בן יהודה וייל | רבי יעקב בן שלמה אבן חביב | רבי ישראל בן רבי חיים ברונא,inventory_conflict|target_multiple|uncertain_review,"[{""path"":""data/splits/all_items.csv"",""record"":3139},{""path"":""data/splits/dev_items.csv"",""record"":161}]",review_decisions.csv,not performed
8,item-382a44c42143d88d5ed7d7f7,dev,false,יעב״ץ,"רבי ברכיה מניקולא (בלטינית: Benedict fil Mosse, בנדיקטוס בן משה; ראשית המאה ה-13 - אחרי 1256) היה רב ותלמיד חכם אנגלי יעב״ץ.",יעקב בן צבי,"מבעלי התוספות | מחכמי מרוקו במאה ה-18 | (1698 - 1776), מגדולי הרבנים במאה ה-18 | יעקב בן צבי",adverse_review|historical_adverse_review|inventory_conflict|label_missing_independent_inventory|review_not_proven,"[{""path"":""data/splits/all_items.csv"",""record"":3024},{""path"":""data/splits/dev_items.csv"",""record"":46}]",review_decisions.csv,not performed
9,item-075ec19c975055e2dd4b4bec,train,false,ת״ק,"כל מי שמופיע כאן מול המיקרופון מביע את דעתו, כפי שאתה הבעת את דעתך, שלדעתי היתה רחוקה מהאמת האובייקטיבית ת""ק פרסה.",חמש מאות (גימטריה),תנא קמא | תביעות קטנות | חמש מאות (גימטריה),document_overlap|inventory_conflict|quote_variant|scope_exclusion_proposed,"[{""path"":""data/splits/all_items.csv"",""record"":4003},{""path"":""data/splits/train_items.csv"",""record"":2652}]",review_decisions.csv,not performed
10,item-44b7c877bf940be337ee7c9c,train,false,נ״ע,"חברה ציבורית היא גם תאגיד מדווח מכוח חוק נ״ע, ולכן היא מפוקחת על ידי רשות נ״ע וכן חלות עליה חובות דיווח המבוצעות באמצעות מערכת המגנא (מערכת גילוי נאות) של רשות ניירות-ערך.",ניירות ערך,ניירות ערך | נוחו עדן,document_overlap|inventory_conflict|review_not_proven|target_multiple,"[{""path"":""data/splits/all_items.csv"",""record"":2241},{""path"":""data/splits/train_items.csv"",""record"":1919}]",review_decisions.csv,not performed
11,item-3a7a3e48e2a9580265b4e88d,dev,false,בא״ח,״האוכל בבא״ח יותר טעים מאשר בגדוד״,בסיס אימונים חטיבתי,בן איש חי | בסיס אימונים חטיבתי,inventory_conflict|legacy_id_collision|missing_provenance|review_not_proven|target_prefix_or_embedded,"[{""path"":""data/splits/all_items.csv"",""record"":3261},{""path"":""data/splits/dev_items.csv"",""record"":283}]",review_decisions.csv,not performed
12,item-7d792f9060c9b93a279b9ec4,train,false,מב״א,"מב""אות (מרכז בקרה אווירי או מב״א) – אחריות על ניהול הרום הקרוב לקרקע, באוגדה 143, באוגדה 91 ובאוגדה 80.",מכלול בקרה אוגדתי,מערכת בקרת אש | מכלול בקרה אוגדתי,inventory_conflict|quote_variant|review_not_proven|target_multiple|target_prefix_or_embedded,"[{""path"":""data/splits/all_items.csv"",""record"":2263},{""path"":""data/splits/train_items.csv"",""record"":1930}]",review_decisions.csv,not performed
13,item-89b78fcbf6817bb1ca45adf0,train,false,מ״ק,"דצימטר מעוקב (dm³): אלפית (1/1,000) של מ״ק, או 1 ליטר.",מטר מעוקב,מספר קטן | מטר מעוקב | מרכז קהילתי | מועד קטן | מכשיר קשר | מרא קמא | מחנה קבע | מילת קריאה | מלכין קדמאין | משמע קצת,definition_or_expansion_in_sentence|document_overlap|inventory_conflict|review_not_proven,"[{""path"":""data/splits/all_items.csv"",""record"":777},{""path"":""data/splits/train_items.csv"",""record"":633}]",review_decisions.csv,not performed
14,item-2ec3dd34b95c18f6edb0e820,dev,false,בא״ח,״בא״ח גולני ידוע במסלול ההכשרה הקשה שמעביר את טירוניו״,בסיס אימונים חטיבתי,בן איש חי | בסיס אימונים חטיבתי,inventory_conflict|legacy_id_collision|missing_provenance|review_not_proven,"[{""path"":""data/splits/all_items.csv"",""record"":3260},{""path"":""data/splits/dev_items.csv"",""record"":282}]",review_decisions.csv,not performed
15,item-41ca2bafdefc0a29894411a2,dev,false,יעב״ץ,"הפירוש ""דעת זקנים יעב״ץ"" מנסה ליישב קושי זה על פי הכתוב ""וגם צלה ילדה"", ודבריו: ""דלהכי כתיב גם, כלומר אף צלה שנבחרה לתשמיש ילדה, ולא הועיל לה כוס של עקרין"".",יעקב בן צבי,"מבעלי התוספות | מחכמי מרוקו במאה ה-18 | (1698 - 1776), מגדולי הרבנים במאה ה-18 | יעקב בן צבי",adverse_review|historical_adverse_review|inventory_conflict|label_missing_independent_inventory|review_not_proven,"[{""path"":""data/splits/all_items.csv"",""record"":3025},{""path"":""data/splits/dev_items.csv"",""record"":47}]",review_decisions.csv,not performed
16,item-319502505988bab8e4f819d1,train,false,ת״ל,"כמה מהן: בספרא נאמר שאין לתת צדקה כאשר זו עלולה לגרור את מקבל הצדקה לתרבות רעה: ""אם החזקת אפילו ארבעה וחמשה פעמים חזור והחזק ת״ל והחזקת בו, יכול אפילו אתה מפסידו לתרבות רעה ת״ל עמך"".",תלמוד לומר,תלמוד לומר | תיפוק ליה,inventory_conflict|legacy_id_collision|review_not_proven|target_multiple,"[{""path"":""data/splits/all_items.csv"",""record"":2086},{""path"":""data/splits/train_items.csv"",""record"":1767}]",review_decisions.csv,not performed
