acronym,expansion,hits,sources,rank,n_candidates,mined_items,mined_natural
אא״ב,אבות אכלו בוסר,16,wiktionary,1,2,3,0
אא״ב,אי אמרת בשלמא,1,wiktionary,2,2,0,0
אא״ג,אף אוזן גרון,270,wiktionary,1,2,3,0
אא״ג,אלקטרואנצפלוגרף; תרשים הפעילות החשמלית של המוח,0,wiktionary,2,2,0,0
אא״ע,ארגון אמהות עובדות,40,wiktionary,1,2,3,0
אא״ע,אחראי איכות ענפי,0,wiktionary,2,2,0,0
אבט״ש,אבטחת יישובים,7,wiktionary,1,2,3,0
אבט״ש,אבטחה שוטפת,1,wiktionary,2,2,1,0
אבי״ר,"אדוננו, בוראנו, יוצרנו ורופאנו - מידותיו של הקדוש ברוך הוא",0,wiktionary,1,2,0,0
אבי״ר,"אמונה, ביטחון, יראה ורחמנות - מידותיו של הלוחם",0,wiktionary,2,2,0,0
אב״ג,אוניברסיטת בן-גוריון,2313,wiktionary,1,4,3,0
אב״ג,אבא גוריון,191,wiktionary,2,4,3,0
אב״ג,אברהם בר גוטלובר,43,wiktionary,3,4,3,0
אב״ג,ארכיון בן-גוריון,15,wikipedia,4,4,1,0
אב״ד,אב בית דין,627,wiktionary,1,2,3,0
אב״ד,אוירודינמיקה בלתי דחיסה,0,wiktionary,2,2,0,0
אב״י,אליעזר בן־יהודה,556,wiktionary,1,2,6,3
אב״י,אבן יקרה,63,wiktionary,2,2,3,0
אב״ם,אזור ביטחוני מיוחד,1,wiktionary,1,4,0,0
אב״ם,(חיל האוויר) אבטחת מידע,0,wiktionary,2,4,0,0
אב״ם,אבטחת מִבצעים,0,wiktionary,3,4,0,0
אב״ם,"אגף האִרגון, הבקרה והמִנהל",0,wiktionary,4,4,0,0
אב״מ,אבטחת מידע,807,wiktionary,1,2,3,0
אב״מ,אין בעד מה,15,wiktionary,2,2,3,0
אב״צ,אקדמיה בזמן צבא,1,wiktionary,1,3,0,0
אב״צ,אבטחת ציבור,0,wiktionary,2,3,0,0
אב״צ,אביזר צמוד,0,wiktionary,3,3,0,0
אב״ש,אבינו שבשמיים,24,wiktionary,1,2,3,0
אב״ש,אבן שושן (המילונאי הנודע),0,wiktionary,2,2,0,0
אגו״ז,"איכון, גילוי וזיהוי",0,wiktionary,1,2,0,0
אגו״ז,אנטי גרילה ולוחמה זעירה,0,wiktionary,2,2,0,0
אג״ם,אגף המבצעים,409,wiktionary,1,3,3,0
אג״ם,אגף המטה,42,wiktionary,2,3,3,0
אג״ם,אגף המטה הכללי,19,wiktionary,3,3,3,0
אג״מ,אגף מבצעים,195,wiktionary,1,2,3,0
אג״מ,אגף מטה,26,wiktionary,2,2,3,0
אג״ס,אגודת סטודנטים,107,wiktionary,1,3,2,0
אג״ס,אזור גאוגרפי-סטטיסטי,0,wiktionary,2,3,0,0
אג״ס,"איתור, גילוי, סימון",0,wiktionary,3,3,0,0
אד״ש,אדר שני,26,wiktionary,1,3,0,0
אד״ש,אינו דוחה שבת,1,wiktionary,2,3,1,0
אד״ש,אחר דרישת שלומו,0,wiktionary,3,3,0,0
אה״ב,ארצות הברית,106217,wiktionary,1,4,3,0
אה״ב,את הבית,3121,wiktionary,2,4,3,0
אה״ב,את הבשר,231,wiktionary,3,4,3,0
אה״ב,את הבהמה,72,wiktionary,4,4,3,0
אה״ק,ארץ הקודש,537,wiktionary,1,3,3,0
אה״ק,ארון הקודש,534,wiktionary,2,3,3,0
אה״ק,אוסילטור הרמוני קוונטי,1,wiktionary,3,3,0,0
או״א,אב ואם,255,wiktionary,1,3,3,0
או״א,אלוהינו ואלוהי אבותינו,7,wiktionary,2,3,2,0
או״א,לוגיקה אם ורק אם,0,wiktionary,3,3,0,0
או״ח,אורח חיים,3517,wiktionary,1,2,3,0
או״ח,אינטרנט ומידע חיוני,0,wiktionary,2,2,0,0
או״פ,או פסול,70,wiktionary,1,4,1,0
או״פ,אוניברסיטה פתוחה,20,wiktionary,2,4,3,0
או״פ,אור פנימי,9,wiktionary,3,4,3,0
או״פ,אברים ופדרים,0,wiktionary,4,4,0,0
או״ק,אות קריאה,510,wiktionary,1,2,3,0
או״ק,אישות וקבורה,0,wiktionary,2,2,0,0
אז״ר,אלכסנדר זיסקינד רבינוביץ',44,wiktionary,1,2,0,0
אז״ר,אויב זרק רימון,0,wiktionary,2,2,0,0
אחב״י,אחינו בית ישראל,21,wiktionary,1,2,1,0
אחב״י,אחינו בני ישראל,21,wiktionary,2,2,1,0
אחמ״ש,אחראי משמרת,11,wiktionary,1,2,3,0
אחמ״ש,אִחוד משפחות,0,wiktionary,2,2,0,0
אח״ז,אחרי זה,380,wiktionary,1,2,3,0
אח״ז,אחר זמנו,4,wiktionary,2,2,0,0
אח״י,אניית חיל הים,7,wiktionary,1,2,2,0
אח״י,אחזקה יבשה,0,wiktionary,2,2,0,0
אח״ם,אגף החקירות והמודיעין,144,wikipedia,1,2,3,0
אח״ם,אישיות חשובה מאוד,9,wikipedia,2,2,1,0
אח״מ,אחרי מות,1104,wiktionary,1,5,3,0
אח״מ,אחר מכן,27,wiktionary,2,5,3,0
אח״מ,אגף חקירות ומודיעין,25,wiktionary,3,5,3,0
אח״מ,אישיות חשובה מאוד,9,wiktionary,4,5,1,0
אח״מ,"אחר מיתה, אחר מוֹת־",0,wiktionary,5,5,0,0
איו״ב,(חתימה של סופר עברי) אני יוסף בריל,0,wiktionary,1,2,0,0
איו״ב,אשרי יושבי ביתך (מילים פותחות פרק בתהלים ובתפילה),0,wiktionary,2,2,0,0
איו״ש,אזור יהודה ושומרון,184,wiktionary,1,2,5,2
איו״ש,אריכות ימים ושנים,1,wiktionary,2,2,0,0
אי״ה,ארץ ישראל השלמה,427,wiktionary,1,2,3,0
אי״ה,אם ירצה השם,7,wiktionary,2,2,2,0
אי״ל,ארגון יהודי לוחם,12,wiktionary,1,2,3,0
אי״ל,אגודה ישראלית לסכרת,0,wiktionary,2,2,0,0
אל״ם,אלוף משנה,2519,wiktionary,1,3,0,0
אל״ם,ארגון לא־ממשלתי,144,wiktionary,2,3,0,0
אל״ם,אביגדור בן שמחה הלוי מגלוגוי,2,wikipedia,3,3,0,0
אמ״ט,אינו מטמא,51,wiktionary,1,2,3,0
אמ״ט,אזור מוגן טילים,3,wiktionary,2,2,0,0
אמ״ם,אם ורק אם,973,wiktionary,1,2,3,0
אמ״ם,אמצעים מיוחדים,79,wiktionary,2,2,3,0
אמ״ן,אגף מודיעין,41,wiktionary,1,2,6,3
אמ״ן,אל מלך נאמן,8,wiktionary,2,2,2,0
אמ״ץ,אותו מצב,59,wiktionary,1,3,3,0
אמ״ץ,אדוני/אדונינו מורה צדק,0,wiktionary,2,3,0,0
אמ״ץ,אזור מוכה ציפורים,0,wiktionary,3,3,0,0
אמ״ש,אגף משאבי אנוש,143,wiktionary,1,2,3,0
אמ״ש,אוויר מים אש,7,wiktionary,2,2,1,0
אס״י,האגודה הסוציולוגית הישראלית,51,wiktionary,1,3,3,0
אס״י,ארגון ספרני ישראל,5,wiktionary,2,3,1,0
אס״י,אבטחת סיור,0,wiktionary,3,3,0,0
אס״ק,אווירת סוף קו,0,wiktionary,1,3,0,0
אס״ק,אווירת סוף קורס,0,wiktionary,2,3,0,0
אס״ק,אי ספיקה (רפואה),0,wiktionary,3,3,0,0
אצ״ל,ארגון צבאי לאומי,29,wiktionary,1,2,4,1
אצ״ל,אין צריך לומר,7,wiktionary,2,2,1,0
אש״ל,אין שומעין לו,7,wiktionary,1,3,2,0
אש״ל,איפה שלמה,7,wiktionary,2,3,3,0
אש״ל,אכילה שתיה לינה,1,wiktionary,3,3,0,0
את״ד,האגודה לתרבות הדיור,53,wiktionary,1,2,2,0
את״ד,אלו תמצית דבריו,0,wiktionary,2,2,0,0
את״ל,אגף תמיכה לוגיסטית,96,wiktionary,1,6,2,0
את״ל,אם תאמר לי,1,wiktionary,2,6,1,0
את״ל,אי תימא לי (אם תאמר לי),0,wiktionary,3,6,0,0
את״ל,אם תמצא לומר (אם תוכל לומר),0,wiktionary,4,6,0,0
את״ל,אם תקשה לך,0,wiktionary,5,6,0,0
את״ל,אם תרצה לידע,0,wiktionary,6,6,0,0
א״א,אי אפשר,2522,wiktionary,1,28,3,0
א״א,אדר א',1529,wiktionary,2,28,0,0
א״א,אברהם אבינו,361,wiktionary,3,28,3,0
א״א,אמן אמן,262,wiktionary,4,28,0,0
א״א,אין אדם,242,wiktionary,5,28,3,0
א״א,אשת איש,148,wiktionary,6,28,3,0
א״א,אין אומרים,122,wiktionary,7,28,3,0
א״א,אדרת אליהו,84,wiktionary,8,28,3,0
א״א,אחרים אומרים,82,wiktionary,9,28,3,0
א״א,אחד אמר,65,wiktionary,10,28,3,0
א״א,אלכוהוליסטים אנונימיים,61,wiktionary,11,28,3,0
א״א,איסור אכילה,40,wiktionary,12,28,3,0
א״א,ארך אפים,38,wiktionary,13,28,3,0
א״א,אל אדון,33,wiktionary,14,28,3,0
א״א,אדוני אבי,26,wiktionary,15,28,0,0
א״א,איכות ואמינות,18,wiktionary,16,28,3,0
א״א,אגב אורחא,17,wiktionary,17,28,3,0
א״א,אתה אחד,16,wiktionary,18,28,3,0
א״א,אלף אלפים,13,wiktionary,19,28,3,0
א״א,אור אחרון,11,wiktionary,20,28,3,0
א״א,אין אומרין,6,wiktionary,21,28,2,0
א״א,אמר אליהו,6,wiktionary,22,28,3,0
א״א,אדיר אדירנו,2,wiktionary,23,28,0,0
א״א,אחד אלהינו,2,wiktionary,24,28,0,0
א״א,אי אמרת,1,wiktionary,25,28,0,0
א״א,אֶגֶד ארטילרי,0,wiktionary,26,28,0,0
א״א,אוקיי ואוקיי,0,wiktionary,27,28,0,0
א״א,אחזקה אוירית,0,wiktionary,28,28,0,0
א״ב,ארצות הברית,106217,wiktionary,1,17,3,0
א״ב,אדר ב',1482,wiktionary,2,17,0,0
א״ב,ארוחת בוקר,434,wiktionary,3,17,3,0
א״ב,אלף-בית,266,wiktionary,4,17,2,0
א״ב,אין ביכולתו,98,wiktionary,5,17,3,0
א״ב,אתה בחרתנו,80,wiktionary,6,17,3,0
א״ב,אבן בוחן,64,wiktionary,7,17,3,0
א״ב,אמרי בינה,64,wiktionary,8,17,2,0
א״ב,אנשי ביתו,18,wiktionary,9,17,1,0
א״ב,איסור בישול,14,wiktionary,10,17,3,0
א״ב,איסור בנייה,9,wiktionary,11,17,3,0
א״ב,אמת בניין,5,wiktionary,12,17,2,0
א״ב,איתור בית,3,wiktionary,13,17,2,0
א״ב,אישור בחירות,2,wiktionary,14,17,0,0
א״ב,איכא ביניהו (יש ביניהם,0,wiktionary,15,17,0,0
א״ב,אין בו; אין בה,0,wiktionary,16,17,0,0
א״ב,אין ברֵרה,0,wiktionary,17,17,0,0
א״ג,אימון גופני,111,wiktionary,1,3,3,0
א״ג,אבן גבול,25,wiktionary,2,3,3,0
א״ג,איכות גבולית,0,wiktionary,3,3,0,0
א״ד,אינו דומה,138,wiktionary,1,7,3,0
א״ד,אינו דין,13,wiktionary,2,7,3,0
א״ד,אליבא דאמת,7,wiktionary,3,7,1,0
א״ד,אשראי דוקומנטרי,5,wiktionary,4,7,3,0
א״ד,איכא דאמרי (יש אומרים),0,wiktionary,5,7,0,0
א״ד,אליבא דידי (דידיה),0,wiktionary,6,7,0,0
א״ד,אנית-דיג,0,wiktionary,7,7,0,0
א״ה,אבן העזר,729,wiktionary,1,4,3,0
א״ה,אוצר הברכות,0,wiktionary,2,4,0,0
א״ה,אי הכי (אם כך),0,wiktionary,3,4,0,0
א״ה,אמר הכותב/המחבר/העורך,0,wiktionary,4,4,0,0
א״ז,את זה,8426,wiktionary,1,6,3,0
א״ז,אין זה,1971,wiktionary,2,6,3,0
א״ז,אי־זוגי,350,wiktionary,3,6,3,0
א״ז,אור זרוע,305,wiktionary,4,6,3,0
א״ז,אדרא זוטא,8,wiktionary,5,6,3,0
א״ז,אדוני זקני,4,wiktionary,6,6,0,0
א״ח,אורך חיים,242,wiktionary,1,2,3,0
א״ח,אגף חקירות,73,wiktionary,2,2,3,0
א״ט,ארוך־טווח,1244,wiktionary,1,2,0,0
א״ט,אַב־טִיפּוּס,2,wiktionary,2,2,0,0
א״י,ארץ ישראל,16834,wiktionary,1,4,6,3
א״י,אבן יקרה,63,wiktionary,2,4,3,0
א״י,אינו יהודי,59,wiktionary,3,4,3,0
א״י,אין יכול,13,wiktionary,4,4,3,0
א״כ,אם כן,4005,wiktionary,1,11,3,0
א״כ,אם כך,674,wiktionary,2,11,3,0
א״כ,ארבע כוסות,113,wiktionary,3,11,3,0
א״כ,אין כסף,111,wiktionary,4,11,3,0
א״כ,ארבע כנפות,42,wiktionary,5,11,3,0
א״כ,אין כמוך,33,wiktionary,6,11,3,0
א״כ,אדם כשר,19,wiktionary,7,11,3,0
א״כ,אינו כדאי,12,wiktionary,8,11,3,0
א״כ,אין כאלוקינו,9,wiktionary,9,11,2,0
א״כ,אתה כוננת,8,wiktionary,10,11,3,0
א״כ,אחרי כן/אחר כך,0,wiktionary,11,11,0,0
א״ל,אמר לו,1124,wiktionary,1,3,3,0
א״ל,אמר ליה,126,wiktionary,2,3,3,0
א״ל,איכא למימר,1,wiktionary,3,3,0,0
א״מ,אמצעים מיוחדים,79,wiktionary,1,4,3,0
א״מ,אגף מודיעין,41,wiktionary,2,4,3,0
א״מ,אליעזר מאיר (ליפשיץ),34,wiktionary,3,4,0,0
א״מ,אניית מנוע (א/מ),0,wiktionary,4,4,0,0
א״נ,אינו נאמן,71,wiktionary,1,5,3,0
א״נ,אדון נכבד,2,wiktionary,2,5,0,0
א״נ,און נאך (ועוד),0,wiktionary,3,5,0,0
א״נ,אי נימא (אם נאׂמר),0,wiktionary,4,5,0,0
א״נ,אי נמי (מילולית: או גם,0,wiktionary,5,5,0,0
א״ס,אין סוף,236,wiktionary,1,2,3,0
א״ס,האל היחיד,35,wiktionary,2,2,3,0
א״ע,את עצמו,12998,wiktionary,1,3,3,0
א״ע,אנציקלופדיה עברית,37,wiktionary,2,3,1,0
א״ע,אוניברסיטה עברית,21,wiktionary,3,3,3,0
א״ק,אוויר-קרקע,264,wiktionary,1,6,3,0
א״ק,אתלטיקה קלה,154,wiktionary,2,6,3,0
א״ק,אדם קדמון,73,wiktionary,3,6,3,0
א״ק,אם קריאה,34,wiktionary,4,6,3,0
א״ק,אמר קרא,14,wiktionary,5,6,0,0
א״ק,אנית קיטור,1,wiktionary,6,6,0,0
א״ר,אמר רבי,651,wiktionary,1,4,3,0
א״ר,אליהו רבה,39,wiktionary,2,4,3,0
א״ר,אל רחום,23,wiktionary,3,4,1,0
א״ר,אוטורוטציה,5,wiktionary,4,4,3,0
א״ש,אי-שוויון,838,wiktionary,1,8,3,0
א״ש,איש שלום,502,wiktionary,2,8,3,0
א״ש,אבינו שבשמים,45,wiktionary,3,8,3,0
א״ש,ארמית שומרונית,33,wiktionary,4,8,2,0
א״ש,אדר שני,26,wiktionary,5,8,0,0
א״ש,אמר שם,14,wiktionary,6,8,3,0
א״ש,אנשי שלומנו,12,wiktionary,7,8,1,0
א״ש,אימון שדה,2,wiktionary,8,8,2,0
א״ת,אל תאמר,124,wiktionary,1,3,3,0
א״ת,אזור תעשיה,20,wiktionary,2,3,0,0
א״ת,אם תאמר,11,wiktionary,3,3,3,0
בא״ח,בן איש חי,140,wiktionary,1,2,3,0
בא״ח,בסיס אימונים חטיבתי,5,wiktionary,2,2,0,0
בא״ש,באר שבע,12281,wiktionary,1,2,3,0
בא״ש,בני אברהם שפירא,0,wiktionary,2,2,0,0
בב״ד,בפני בית דין,251,wiktionary,1,2,3,0
בב״ד,בטיחות בדרכים,116,wiktionary,2,2,3,0
בדא״ח,בדרך אחרת,436,wiktionary,1,4,3,0
בדא״ח,בדרך אחת,39,wiktionary,2,4,3,0
בדא״ח,בדיבור אחד,8,wiktionary,3,4,2,0
בדא״ח,בדברי אלוקים חיים,0,wiktionary,4,4,0,0
בדר״כ,בדרך כלל,32846,wiktionary,1,2,5,2
בדר״כ,ב-ד רב כהנא- ארמית בשל רב כהנא,0,wiktionary,2,2,0,0
בד״א,במה דברים אמורים,28,wiktionary,1,4,1,0
בד״א,בעלי דרגות אחרות,25,wiktionary,2,4,3,0
בד״א,בד' אמות,14,wiktionary,3,4,3,0
בד״א,ברוך דיָן אמת,0,wiktionary,4,4,0,0
בד״מ,בית דין מיוחד,91,wiktionary,1,2,3,0
בד״מ,בית דין משמעתי,16,wiktionary,2,2,3,0
בד״צ,בית דין צבאי,316,wiktionary,1,2,3,0
בד״צ,בית דין צדק,78,wiktionary,2,2,0,0
בד״ר,בית דין רבני,234,wiktionary,1,2,1,0
בד״ר,בן דב רפפורט,0,wiktionary,2,2,0,0
בה״ג,בן הגאון,27,wiktionary,1,2,0,0
בה״ג,בעל הלכות גדולות,26,wiktionary,2,2,3,0
בה״מ,בית המקדש,2534,wiktionary,1,2,3,0
בה״מ,ברכת המזון,436,wiktionary,2,2,3,0
בזנ״ט,ברזל זווית נגד טנקים,1,wiktionary,1,2,0,0
בזנ״ט,"בהשאלה, סלנג דבר חזק ומשובח",0,wiktionary,2,2,0,0
בח״ם,ביטוי חסר משמעות,3,wiktionary,1,3,2,0
בח״ם,בחבר מרכז,1,wiktionary,2,3,0,0
בח״ם,בחטיבת מבצעים,0,wiktionary,3,3,0,0
ביד״מ,בית דין מיוחד,91,wiktionary,1,2,3,0
ביד״מ,"בית דין למשמעת, בית דין משמעתי",0,wiktionary,2,2,0,0
ביד״צ,בית דין צבאי,316,wikipedia,1,2,3,0
ביד״צ,בית דין צדק,78,wikipedia,2,2,0,0
ביה״כ,בית הכנסת,8270,wiktionary,1,2,3,0
ביה״כ,בית הכסא,19,wiktionary,2,2,0,0
ביה״מ,בית המשפט,13236,wiktionary,1,2,3,0
ביה״מ,בית המדרש,2432,wiktionary,2,2,3,0
בי״מ,בית משפט,3395,wiktionary,1,2,3,0
בי״מ,בית מלאכה,473,wiktionary,2,2,3,0
בי״ע,בית־עסק,108,wiktionary,1,2,0,0
בי״ע,בריאה יצירה עשיה,4,wiktionary,2,2,0,0
בי״ר,ביאליק-רבניצקי,5,wiktionary,1,2,0,0
בי״ר,בן יוסף רופא (שם משפחה),0,wiktionary,2,2,0,0
בכ״מ,בכל מקום,3844,wiktionary,1,3,3,0
בכ״מ,בכל מקרה,2082,wiktionary,2,3,3,0
בכ״מ,בכמה מקומות,594,wiktionary,3,3,3,0
בלו״ך,בני לוי כולנו,3,wiktionary,1,2,1,0
בלו״ך,בר לבב ונקי כפיים,1,wiktionary,2,2,0,0
בל״ח,בלשון חכמים,41,wiktionary,1,3,3,0
בל״ח,בחור/ה לחוץ/ת חתונה,0,wiktionary,2,3,0,0
בל״ח,בלא חרטה,0,wiktionary,3,3,0,0
בל״ע,בלי עין,53,wiktionary,1,2,3,0
בל״ע,בלשון ערב,6,wiktionary,2,2,0,0
במ״ר,במדבר רבה,143,wiktionary,1,2,3,0
במ״ר,בנות מניה רקורסיביות,0,wiktionary,2,2,0,0
בנ״ע,בני נוער,2619,wiktionary,1,2,3,0
בנ״ע,בני עקיבא,1665,wiktionary,2,2,3,0
בס״ד,בסוף דבר,11,wiktionary,1,2,3,0
בס״ד,בסייעתא דשמיא (מילולית: בסיוע השמיים,0,wiktionary,2,2,0,0
בס״ט,בעל שם טוב,116,wiktionary,1,2,0,0
בס״ט,בן ספרד טהור,0,wiktionary,2,2,0,0
בעה״ב,בעלות הברית,5168,wiktionary,1,2,3,0
בעה״ב,בעל הבית,461,wiktionary,2,2,3,0
בע״ד,בעל דעה,20,wiktionary,1,2,3,0
בע״ד,"בעל דין, בעל דינו, בעל דיני",0,wiktionary,2,2,0,0
בע״ח,"בעל חוב, בעל חובו, בעלי חוב",0,wiktionary,1,2,0,0
בע״ח,"בעל חיים, בעלי חיים",0,wiktionary,2,2,0,0
בע״מ,בערבון מוגבל,120,wiktionary,1,4,4,1
בע״מ,בעל מלאכה,108,wiktionary,2,4,3,0
בע״מ,בעל מום,85,wiktionary,3,4,3,0
בע״מ,בקשת ערעור משפחה,1,wiktionary,4,4,0,0
בע״פ,בעל פה,1964,wiktionary,1,2,3,0
בע״פ,בעֶרֶב פסח,0,wiktionary,2,2,0,0
ברב״ש,בן רבי שניאור,3,wiktionary,1,4,0,0
ברב״ש,בן רבי בונים שמואל,0,wiktionary,2,4,0,0
ברב״ש,ברבנו בכור שור,0,wiktionary,3,4,0,0
ברב״ש,ברן בן שמעון,0,wiktionary,4,4,0,0
ברה״מ,ברית המועצות,18402,wiktionary,1,2,3,0
ברה״מ,ברכת המזון,436,wiktionary,2,2,3,0
ברז״ל,בן רבי זלמן לייב,1,wiktionary,1,2,1,0
ברז״ל,בלהה רחל זלפה לאה,0,wiktionary,2,2,0,0
ברי״ט,בן רבי ישראל טוביה,0,wiktionary,1,2,0,0
ברי״ט,בני רבי יום טוב,0,wiktionary,2,2,0,0
בר״מ,בן רבי משה,78,wiktionary,1,3,3,0
בר״מ,בן רבי מרדכי,44,wiktionary,2,3,3,0
בר״מ,בן רבי מאיר,41,wiktionary,3,3,3,0
בר״ש,ברבי שמעון,212,wiktionary,1,4,3,0
בר״ש,ברית שלום,194,wiktionary,2,4,3,0
בר״ש,בן רבי שלמה,32,wiktionary,3,4,3,0
בר״ש,בן רבי שמשון,4,wiktionary,4,4,0,0
ב״א,בן אדם,1275,wiktionary,1,3,3,0
ב״א,ב' אֲלָפִים,0,wiktionary,2,3,0,0
ב״א,בּוֹגֵר אוּנִיבֶרְסִיטָה,0,wiktionary,3,3,0,0
ב״ב,בני ברק,3711,wiktionary,1,11,3,0
ב״ב,בבא בתרא,896,wiktionary,2,11,3,0
ב״ב,בני ברית,876,wiktionary,3,11,3,0
ב״ב,בעל בית,601,wiktionary,4,11,3,0
ב״ב,בו ביום,259,wiktionary,5,11,3,0
ב״ב,בשר בחלב,148,wiktionary,6,11,3,0
ב״ב,בני ביתו,141,wiktionary,7,11,3,0
ב״ב,בן בנו,136,wiktionary,8,11,3,0
ב״ב,במהרה בימינו,63,wiktionary,9,11,3,0
ב״ב,בטל ברוב,9,wiktionary,10,11,3,0
ב״ב,בהר בבחוקותי,0,wiktionary,11,11,0,0
ב״ג,בן גוריון,8017,wiktionary,1,3,0,0
ב״ג,בן גמליאל,324,wiktionary,2,3,3,0
ב״ג,בני גד,31,wiktionary,3,3,3,0
ב״ד,בן דוד,3877,wiktionary,1,9,3,0
ב״ד,בית דין,3046,wiktionary,2,9,3,0
ב״ד,בעל דין,127,wiktionary,3,9,3,0
ב״ד,בעל דעת,8,wiktionary,4,9,2,0
ב״ד,בעל דבר,6,wiktionary,5,9,2,0
ב״ד,בסיעתא דשמיא,5,wiktionary,6,9,0,0
ב״ד,בעל דקדוק,2,wiktionary,7,9,1,0
ב״ד,בעל דבבו (-שונא בארמית),0,wiktionary,8,9,0,0
ב״ד,"ברח דודי (תהלים ח, יד)",0,wiktionary,9,9,0,0
ב״ה,ברוך הבא,411,wiktionary,1,7,3,0
ב״ה,בית הלל,406,wiktionary,2,7,3,0
ב״ה,בעולם הבא,364,wiktionary,3,7,3,0
ב״ה,בניין הורדוס,10,wiktionary,4,7,1,0
ב״ה,ברוך המקום ברוך הוא,2,wiktionary,5,7,1,0
ב״ה,בְּעֶזְרַת הַשֵּׁם (בסיעתא דשמיא),0,wiktionary,6,7,0,0
ב״ה,בָּרוּךְ הַשֵׁם,0,wiktionary,7,7,0,0
ב״ו,בשר ודם,549,wiktionary,1,2,3,0
ב״ו,בדיל ויעבור (מסדר תפילת הסליחות),0,wiktionary,2,2,0,0
ב״ז,בן זוג,9150,wiktionary,1,2,3,0
ב״ז,בנימין זאב (הרצל),731,wiktionary,2,2,0,0
ב״ח,ב' חלקים,72,wiktionary,1,6,0,0
ב״ח,בעל חוב,41,wiktionary,2,6,3,0
ב״ח,בית חדש - חיבורו של הרב יואל סירקיש על הארבעה טורים,0,wiktionary,3,6,0,0
ב״ח,בן חורים,0,wiktionary,4,6,0,0
ב״ח,בסיס חיפה - בסיס של חיל הים הישראלי,0,wiktionary,5,6,0,0
ב״ח,בעל חיים בעלי חיים,0,wiktionary,6,6,0,0
ב״י,בן יהודה,5533,wiktionary,1,7,3,0
ב״י,בני ישראל,2034,wiktionary,2,7,3,0
ב״י,בית ישראל,996,wiktionary,3,7,3,0
ב״י,בית יעקב,929,wiktionary,4,7,3,0
ב״י,בר יוחאי,738,wiktionary,5,7,3,0
ב״י,בית יוסף,637,wiktionary,6,7,3,0
ב״י,ברוך ישראל,18,wiktionary,7,7,1,0
ב״כ,ברכת כהנים,358,wiktionary,1,2,3,0
ב״כ,בא כוח,57,wiktionary,2,2,3,0
ב״מ,בית משפט,3395,wiktionary,1,6,3,0
ב״מ,בית מדרש,1348,wiktionary,2,6,3,0
ב״מ,בבא מציעא,721,wiktionary,3,6,3,0
ב״מ,בר מצווה,676,wiktionary,4,6,2,0
ב״מ,בני משה,156,wiktionary,5,6,3,0
ב״מ,בר מינן,13,wiktionary,6,6,2,0
ב״נ,בן נח,126,wiktionary,1,4,3,0
ב״נ,בר נש,20,wiktionary,2,4,3,0
ב״נ,בלי נדר,15,wiktionary,3,4,3,0
ב״נ,בפני נכתב/נחתם,0,wiktionary,4,4,0,0
ב״ק,בבא קמא,719,wiktionary,1,8,3,0
ב״ק,מסכת בבא קמא,461,wikipedia,2,8,1,0
ב״ק,בעל קורא,73,wiktionary,3,8,3,0
ב״ק,ברירת קנס,8,wiktionary,4,8,3,0
ב״ק,שמואל בק (רב),6,wikipedia,5,8,0,0
ב״ק,שמואל בק (צייר),4,wikipedia,6,8,0,0
ב״ק,בני קדושים,2,wiktionary,7,8,0,0
ב״ק,בוצינא (ד)קרדוניתא,0,wiktionary,8,8,0,0
ב״ר,בן רבי,1133,wiktionary,1,3,3,0
ב״ר,בראשית רבה,482,wiktionary,2,3,3,0
ב״ר,בינה רשתית,26,wiktionary,3,3,3,0
ב״ש,באר שבע,12281,wiktionary,1,5,3,0
ב״ש,בית שאן,7985,wiktionary,2,5,3,0
ב״ש,בית שמש,1159,wiktionary,3,5,3,0
ב״ש,בית שמאי,159,wiktionary,4,5,3,0
ב״ש,ברוך שמו,6,wiktionary,5,5,0,0
ב״ת,בלתי תלוי,723,wiktionary,1,5,3,0
ב״ת,בית תפילה,344,wiktionary,2,5,3,0
ב״ת,בן תורה,50,wiktionary,3,5,3,0
ב״ת,בעל תשובה,41,wiktionary,4,5,3,0
ב״ת,בל תשחית,31,wiktionary,5,5,3,0
גב״ע,גבעת עדה,228,wiktionary,1,2,3,0
גב״ע,גביית עדות,19,wiktionary,2,2,3,0
גב״ש,גבעת שמואל,793,wiktionary,1,2,3,0
גב״ש,גבעת שאול,381,wiktionary,2,2,3,0
גד״ש,גידולי שדה,249,wiktionary,1,2,3,0
גד״ש,גידולי שמואל,7,wiktionary,2,2,2,0
גו״ז,גוף זר,109,wikipedia+wiktionary,1,2,3,0
גו״ז,גילוי וזיהוי,40,wikipedia+wiktionary,2,2,3,0
גח״ל,גיוס חוץ לארץ,120,wiktionary,1,2,0,0
גח״ל,מפלגת עבר,1,wiktionary,2,2,0,0
גמו״ש,גמול השתלמות,6,wiktionary,1,2,3,0
גמו״ש,גמור ושלם,1,wiktionary,2,2,0,0
גר',גְּרָם,2,wiktionary,1,4,0,0
גר',גֵּרים,1,wiktionary,2,4,0,0
גר',"גָּרַס, גרסינן",0,wiktionary,3,4,0,0
גר',גרמא - תוצאה לא ישרה של מעשה,0,wiktionary,4,4,0,0
ג״א,גרסה אחרת,1001,wiktionary,1,2,3,0
ג״א,גם אני,545,wiktionary,2,2,3,0
ג״ג,גאוגרפיה,15061,wiktionary,1,2,3,0
ג״ג,גבולות גזרה,21,wiktionary,2,2,3,0
ג״ע,גן עדן,2585,wiktionary,1,4,3,0
ג״ע,גילוי עריות,536,wiktionary,2,4,3,0
ג״ע,גימנסיה עברית,28,wiktionary,3,4,3,0
ג״ע,גאון עולם,7,wiktionary,4,4,2,0
ג״צ,גר צדק,43,wiktionary,1,2,3,0
ג״צ,גאון צדק,2,wiktionary,2,2,0,0
ג״ש,גבעת שאול,381,wiktionary,1,4,3,0
ג״ש,גזרה שווה,29,wiktionary,2,4,3,0
ג״ש,ג' שנים,14,wiktionary,3,4,0,0
ג״ש,ג' שעות,6,wiktionary,4,4,0,0
דב״א,דן בן אמוץ,227,wiktionary,1,2,3,0
דב״א,דבר אמת,29,wiktionary,2,2,2,0
דב״ז,דברים זוטא,4,wiktionary,1,2,1,0
דב״ז,דברים זוטי,1,wiktionary,2,2,1,0
דה״כ,דברי הכתוב,8,wiktionary,1,2,1,0
דה״כ,דברי הכל,7,wiktionary,2,2,1,0
דה״מ,דוד המלך,1075,wiktionary,1,2,3,0
דה״מ,דבור המתחיל,1,wiktionary,2,2,0,0
דו״ד,דין ודברים,287,wiktionary,1,3,3,0
דו״ד,דת ודין,23,wiktionary,2,3,1,0
דו״ד,דורון דרשה,2,wiktionary,3,3,0,0
דו״צ,ירי דו-צדדי,93,wikipedia,1,3,3,0
דו״צ,אימון דו-צדדי,3,wikipedia,2,3,0,0
דו״צ,סרט דביק דו-צדדי,3,wikipedia,3,3,1,0
דו״ש,דו שנתי,265,wiktionary,1,4,1,0
דו״ש,דוד שמש,64,wiktionary,2,4,3,0
דו״ש,דו-שבעון,0,wiktionary,3,4,0,0
דו״ש,דורש שלומו,0,wiktionary,4,4,0,0
דחב״ש,דור חורבן בית שני,0,wiktionary,1,2,0,0
דחב״ש,דור חכמי בית שני,0,wiktionary,2,2,0,0
דל״ש,דל שומן,40,wiktionary,1,2,3,0
דל״ש,דלא שייך/שנא/שמיה,0,wiktionary,2,2,0,0
דמ״צ,דרישות מבצעיות,7,wiktionary,1,2,3,0
דמ״צ,דירקטור מקרב הציבור,1,wiktionary,2,2,1,0
דמ״ש,דמי שכירות,171,wiktionary,1,5,3,0
דמ״ש,דין משמעתי,90,wiktionary,2,5,3,0
דמ״ש,דרך משל,36,wiktionary,3,5,3,0
דמ״ש,דמי משלוח,19,wiktionary,4,5,3,0
דמ״ש,דע מה שתשיב,14,wiktionary,5,5,2,0
דנ״א,דיון נוסף אזרחי,1,wiktionary,1,2,0,0
דנ״א,DNA. תעתוק עברי של חומצה דאוקסיריבונוקלאית,0,wiktionary,2,2,0,0
דס״ל,דלק סילוני,72,wiktionary,1,2,3,0
דס״ל,דסבירא ליה (שסבור הוא),0,wiktionary,2,2,0,0
דפ״א,דיודה פולטת אור,34,wiktionary,1,2,3,0
דפ״א,דרך פעולה אפשרית,6,wiktionary,2,2,2,0
דפ״ר,דפוס ראשון,135,wiktionary,1,2,3,0
דפ״ר,דירוג פסיכוטכני ראשוני,7,wiktionary,2,2,1,0
דר״א,דרבי אליעזר,198,wiktionary,1,2,3,0
דר״א,דרך אגב,56,wiktionary,2,2,3,0
ד״א,חזיר,2449,wiktionary,1,13,3,0
ד״א,עבודה זרה,1166,wiktionary,2,13,3,0
ד״א,דבר אחר,828,wikipedia,3,13,3,0
ד״א,דרך ארץ,583,wikipedia+wiktionary,4,13,3,0
ד״א,יחסי אישות,209,wiktionary,5,13,3,0
ד״א,ד' אלפים,109,wikipedia,6,13,0,0
ד״א,עניין אחר,97,wiktionary,7,13,3,0
ד״א,דרך אגב,56,wiktionary,8,13,3,0
ד״א,ד' אמות,48,wikipedia+wiktionary,9,13,0,0
ד״א,דיני אדם,3,wikipedia+wiktionary,10,13,0,0
ד״א,דבר אחר.במשמעות,0,wiktionary,11,13,0,0
ד״א,דרך אכילה/אכילתו,0,wiktionary,12,13,0,0
ד״א,דרכא אחרינא (דרך אחרת),0,wiktionary,13,13,0,0
ד״ה,דברי הימים,1644,wiktionary,1,3,3,0
ד״ה,דיבור המתחיל,200,wiktionary,2,3,3,0
ד״ה,דברי הכל,7,wiktionary,3,3,1,0
ד״ח,דגש חזק,184,wiktionary,1,3,3,0
ד״ח,דרגת חופש,49,wiktionary,2,3,3,0
ד״ח,דפוס חדש,15,wiktionary,3,3,3,0
ד״ט,דף ט,25,wiktionary,1,2,0,0
ד״ט,ד טפחים,0,wiktionary,2,2,0,0
ד״ל,ודי לחכימא,3,wiktionary,1,2,2,0
ד״ל,ודי למבין,1,wiktionary,2,2,0,0
ד״מ,דיני ממונות,232,wiktionary,1,3,2,0
ד״מ,דרך משל,36,wiktionary,2,3,3,0
ד״מ,דצימטר,10,wiktionary,3,3,3,0
ד״נ,דיון נוסף,189,wiktionary,1,3,3,0
ד״נ,דיני נפשות,72,wiktionary,2,3,3,0
ד״נ,דואר נע,10,wiktionary,3,3,3,0
ד״ע,דברי עצמו,17,wiktionary,1,2,3,0
ד״ע,דבר עבירה,10,wiktionary,2,2,3,0
ד״צ,דין צדק,115,wiktionary,1,3,1,0
ד״צ,דפוס צילום,60,wiktionary,2,3,1,0
ד״צ,דואר צבאי,17,wiktionary,3,3,3,0
ד״ק,דגש קל,75,wiktionary,1,2,3,0
ד״ק,דמי קדימה,19,wiktionary,2,2,3,0
ד״ר,דוקטור,19000,wiktionary,1,4,6,3
ד״ר,דברי רבי־,258,wiktionary,2,4,1,1
ד״ר,דפוס ראשון,135,wiktionary,3,4,3,0
ד״ר,דברים רבה,54,wiktionary,4,4,3,0
ד״ש,דו-שנתי,265,wiktionary,1,5,3,0
ד״ש,דרישת שלום,219,wiktionary,2,5,3,0
ד״ש,דוד שמש,64,wiktionary,3,5,3,0
ד״ש,דיני שמים,3,wiktionary,4,5,2,0
ד״ש,דו-שבעון,0,wiktionary,5,5,0,0
ד״ת,דברי תורה,530,wiktionary,1,3,3,0
ד״ת,דין תורה,163,wiktionary,2,3,3,0
ד״ת,דעת תורה,108,wiktionary,3,3,3,0
האר״י,רבי יצחק לוריא,31,wiktionary,1,3,1,1
האר״י,האשכנזי רבי יצחק,3,wiktionary,2,3,1,0
האר״י,האדון רבי יצחק,1,wiktionary,3,3,0,0
הגה״צ,הגאון הצדיק,51,wiktionary,1,2,0,0
הגה״צ,הגנת הצומח,42,wiktionary,2,2,3,0
הועה״מ,הועד המרכזי,7,wiktionary,1,4,0,0
הועה״מ,הועדה המרכזת,2,wiktionary,2,4,0,0
הועה״מ,הועדה המתמדת,1,wiktionary,3,4,0,0
הועה״מ,הועדה המסדרת,0,wiktionary,4,4,0,0
הו״ל,הוציא לאור,2702,wiktionary,1,3,3,0
הו״ל,הובא לדפוס,50,wiktionary,2,3,3,0
הו״ל,הֲוָה לֵיהּ,0,wiktionary,3,3,0,0
החי״ל,הבריגדה היהודית,494,wikipedia,1,2,3,0
החי״ל,החבל הימי לישראל,78,wikipedia,2,2,3,0
הי״ו,היקר והחשוב,3,wiktionary,1,2,3,0
הי״ו,השם יחייהו ויחזקהו,0,wiktionary,2,2,0,0
הי״מ,"הוד, יסוד, מלכות",4,wiktionary,1,4,2,0
הי״מ,ה' יצילנו משגיאות,0,wiktionary,2,4,0,0
הי״מ,"היכי מצי (=איפה מצינו, איך אפשר)",0,wiktionary,3,4,0,0
הי״מ,היש מפרשים,0,wiktionary,4,4,0,0
הי״ת,השם יתברך,69,wiktionary,1,2,2,0
הי״ת,"המשביר, יכין, תנובה",0,wiktionary,2,2,0,0
הנ״ל,הנזכר לעיל,81,wiktionary,1,3,3,0
הנ״ל,הנראה למעלה,7,wiktionary,2,3,3,0
הנ״ל,הנזכר למטה,1,wiktionary,3,3,0,0
הנ״ץ,הנוער הציוני,412,wikipedia,1,2,3,0
הנ״ץ,נפתלי הירץ יהודה נימנוביץ',2,wikipedia,2,2,0,0
הצ״ח,הצעת חוק,2723,wiktionary,1,3,3,0
הצ״ח,הסתדרות ציונית חדשה,86,wiktionary,2,3,0,0
הצ״ח,הצבת חירום,8,wiktionary,3,3,3,0
הרא״ה,הרב אברהם יצחק הכהן קוק,554,wikipedia,1,2,3,0
הרא״ה,רבי אהרן הלוי,8,wiktionary,2,2,0,0
הרה״ג,הרב הגאון,189,wiktionary,1,2,2,0
הרה״ג,הרבנים הגאונים,9,wiktionary,2,2,1,0
הרה״ר,הרב הראשי,2264,wiktionary,1,2,3,0
הרה״ר,הרבנות הראשית,1207,wiktionary,2,2,3,0
השב״ס,שירות בתי הסוהר,594,wikipedia,1,2,4,1
השב״ס,השאלה בין-ספרייתית,19,wikipedia,2,2,3,0
ה״ג,הלכה ג',380,wiktionary,1,5,0,0
ה״ג,הסגת גבול,247,wiktionary,2,5,3,0
ה״ג,הלכות גדולות,110,wiktionary,3,5,3,0
ה״ג,ה' גבורות,0,wiktionary,4,5,0,0
ה״ג,כך אנו גורסים,0,wiktionary,5,5,0,0
ה״ה,הלכה ה',334,wiktionary,1,9,0,0
ה״ה,הוא הדין,104,wiktionary,2,9,3,0
ה״ה,השם הטוב,37,wiktionary,3,9,3,0
ה״ה,האדון הנכבד,5,wiktionary,4,9,1,0
ה״ה,האדונים הנכבדים,3,wiktionary,5,9,1,0
ה״ה,הגברת הנכבדה,3,wiktionary,6,9,2,0
ה״ה,הרב החשוב,3,wiktionary,7,9,2,0
ה״ה,הרבני הנגיד,1,wiktionary,8,9,0,0
ה״ה,הכי השתא,0,wiktionary,9,9,0,0
ה״ט,הלכה ט',185,wiktionary,1,2,0,0
ה״ט,האי טעמא - זה הטעם,0,wiktionary,2,2,0,0
ה״כ,הכנסת כלה,51,wiktionary,1,2,3,0
ה״כ,הלכה כ',25,wiktionary,2,2,0,0
ה״מ,הפסקת מסחר,3,wiktionary,1,5,0,0
ה״מ,הוה מצי (=היה יכול),0,wiktionary,2,5,0,0
ה״מ,"היכי מצי (=איפה מצינו, איך אפשר)",0,wiktionary,3,5,0,0
ה״מ,הני מילי (=מילים אילו),0,wiktionary,4,5,0,0
ה״מ,הערת מתרגם,0,wiktionary,5,5,0,0
ה״נ,הוה נמי (=היה גם),0,wiktionary,1,2,0,0
ה״נ,הכא/הכי נמי (=כאן/כך גם),0,wiktionary,2,2,0,0
ה״פ,הארי פוטר,999,wiktionary,1,3,3,0
ה״פ,המרצת פתיחה,10,wiktionary,2,3,3,0
ה״פ,הודעה פרטית,7,wiktionary,3,3,2,0
ה״ש,הערת שוליים,371,wiktionary,1,2,3,0
ה״ש,הוראת שינוי,1,wiktionary,2,2,0,0
ודו״ק,ודייק ותמצא קל,1,wiktionary,1,5,0,0
ודו״ק,דרוש וחקור קרוב,0,wiktionary,2,5,0,0
ודו״ק,ודוחק קצת,0,wiktionary,3,5,0,0
ודו״ק,ודקדק ומצא קושטא,0,wiktionary,4,5,0,0
ודו״ק,ועיין דברי ותמצאם קלים,0,wiktionary,5,5,0,0
וד״ל,ועדה לדיור לאומי,2,wiktionary,1,3,1,0
וד״ל,ודי למבין,1,wiktionary,2,3,0,0
וד״ל,ודי לחַכִּימָא (בִּרְמִיזָא): עברית 'ודי לחכם (ברמז)',0,wiktionary,3,3,0,0
ונ״ל,ונקל להבין,0,wiktionary,1,2,0,0
ונ״ל,ונראה לומר,0,wiktionary,2,2,0,0
זא״ז,זה את זה,1992,wiktionary,1,2,3,0
זא״ז,זה אצל זה,12,wiktionary,2,2,3,0
זה״ב,זהירות בדרכים,63,wikipedia,1,2,3,0
זה״ב,הימים בהם קוראים בתורה: ז' (שבת),1,wikipedia,2,2,0,0
זק״ש,זרע קדושים,4,wiktionary,1,4,0,0
זק״ש,זרע קדושים שנשרפו,2,wiktionary,2,4,0,0
זק״ש,זרע קודש שמו,1,wiktionary,3,4,0,0
זק״ש,זרע קדושי שפיירא,0,wiktionary,4,4,0,0
ז״א,זאת אומרת,460,wiktionary,1,3,3,0
ז״א,זכות אבות,78,wiktionary,2,3,3,0
ז״א,זעיר אנפין,15,wiktionary,3,3,3,0
ז״ח,זרם חילופין,140,wiktionary,1,2,3,0
ז״ח,זיהוי חללים,18,wiktionary,2,2,3,0
ז״י,זכויות יוצרים,1147,wiktionary,1,2,3,0
ז״י,זרם ישר,116,wiktionary,2,2,3,0
ז״ל,זרע לבטלה,90,wiktionary,1,7,5,2
ז״ל,זכור לטוב,52,wiktionary,2,7,3,0
ז״ל,זכר לחורבן,20,wiktionary,3,7,3,0
ז״ל,זכרנו לחיים,18,wiktionary,4,7,3,0
ז״ל,זה לשונו,5,wiktionary,5,7,1,0
ז״ל,זכר לדבר,5,wiktionary,6,7,1,0
ז״ל,זכרו לברכה; זכרונו לברכה,0,wiktionary,7,7,0,0
ז״פ,זמן פירעון,2,wiktionary,1,2,1,0
ז״פ,זהוי פלילי,0,wiktionary,2,2,0,0
ז״ק,זמן קצר,25271,wiktionary,1,6,3,0
ז״ק,זנב קשיח,5,wiktionary,2,6,2,0
ז״ק,זקף קטן,4,wiktionary,3,6,3,0
ז״ק,זרע קדושים (שם משפחה),0,wiktionary,4,6,0,0
ז״ק,זרע קודש (שם משפחה),0,wiktionary,5,6,0,0
ז״ק,זרע קיים,0,wiktionary,6,6,0,0
חג״ם,חיילות גיוס מיוחד,3,wiktionary,1,2,0,0
חג״ם,חיל הגנה מרחבית,1,wiktionary,2,2,0,0
חדו״א,חידושי אגדות,60,wiktionary,1,2,0,0
חדו״א,חשבון דיפרנציאלי ואינטגרלי,22,wiktionary,2,2,3,0
חה״י,חיל הים הישראלי,756,wiktionary,1,2,3,0
חה״י,חמדת הימים,7,wiktionary,2,2,2,0
חה״ס,חג הסוכות,356,wiktionary,1,3,3,0
חה״ס,חול המועד סוכות,108,wiktionary,2,3,3,0
חה״ס,חיל הספקה,6,wiktionary,3,3,2,0
חה״פ,חג הפסח,673,wiktionary,1,2,3,0
חה״פ,חול המועד פסח,111,wiktionary,2,2,3,0
חוה״מ,חול המועד,367,wiktionary,1,2,3,0
חוה״מ,חוק המקרקעין,83,wiktionary,2,2,3,0
חו״ב,חריף ובקי,24,wiktionary,1,3,2,0
חו״ב,חכמה ובינה,20,wiktionary,2,3,3,0
חו״ב,חזק וברוך,4,wiktionary,3,3,3,0
חו״ג,חומרי גלם,1131,wiktionary,1,2,2,0
חו״ג,חסד וגבורה,3,wiktionary,2,2,0,0
חו״ז,חובה וזכות,43,wiktionary,1,2,3,0
חו״ז,חייבים וזכאים,1,wiktionary,2,2,0,0
חו״ח,חס וחלילה,187,wiktionary,1,2,3,0
חו״ח,חלילה וחס,7,wiktionary,2,2,2,0
חו״מ,חושן משפט,573,wiktionary,1,4,3,0
חו״מ,חומה ומגדל,277,wiktionary,2,4,3,0
חו״מ,חוץ מזה,181,wiktionary,3,4,3,0
חו״מ,חומרים מרוכבים,108,wiktionary,4,4,3,0
חו״פ,חילוץ ופינוי,18,wiktionary,1,2,3,0
חו״פ,חוליה פיקודית,1,wiktionary,2,2,0,0
חו״ר,חכמי ורבני,27,wiktionary,1,3,3,0
חו״ר,חסד ורחמים,26,wiktionary,2,3,3,0
חו״ר,חנון ורחום,25,wiktionary,3,3,1,0
חו״ש,חס ושלום,100,wiktionary,1,2,3,0
חו״ש,חדש ושבת,1,wiktionary,2,2,0,0
חזל״ש,חזרה לשירות,97,wiktionary,1,2,3,0
חזל״ש,חזרה לשגרה,39,wiktionary,2,2,3,0
חט״ם,חטיבת המחקר,215,wiktionary,1,2,3,0
חט״ם,"חבל, טריג, מקבילים",0,wiktionary,2,2,0,0
חי״ל,חזית יהודית לאומית,41,wiktionary,1,3,3,0
חי״ל,(הבריגדה היהודית) אשר לחמה באירופה במלחמת העולם השניה,0,wiktionary,2,3,0,0
חי״ל,האגודה לפיתוח הימאות העברית ולהחדרת תודעתה בארץ ובעולם,0,wiktionary,3,3,0,0
חי״ש,חיל שריון,97,wiktionary,1,2,3,0
חי״ש,חיל שדה,20,wiktionary,2,2,0,0
חמ״ל,חדר מלחמה,53,wiktionary,1,2,3,0
חמ״ל,חדר ניהול אירוע ומעקב אחר תרחיש,0,wiktionary,2,2,0,0
חמ״ס,חומר מסווג,24,wiktionary,1,2,3,0
חמ״ס,"חומשים, מחזורים, סידורים",0,wiktionary,2,2,0,0
חנ״ה,חברת הנפט הלאומית,96,wikipedia,1,2,3,0
חנ״ה,חומר נפץ הודף,40,wikipedia,2,2,3,0
חפ״ק,חבורת פיקוד קדמית,3,wiktionary,1,2,0,0
חפ״ק,חונה פה קהילת,1,wiktionary,2,2,1,0
חפ״ש,חייל פשוט,51,wiktionary,1,2,3,0
חפ״ש,חומרים פעילי-שטח,30,wiktionary,2,2,0,0
חקש״ב,חוקר שבויים,13,wiktionary,1,2,3,0
חקש״ב,חוקרת שבויים,0,wiktionary,2,2,0,0
חק״ש,חוקר שבויים,13,wiktionary,1,2,3,0
חק״ש,חיל קשישים,3,wiktionary,2,2,0,0
חרד״ק,חרדי קל דעת,2,wiktionary,1,3,0,0
חרד״ק,חתן (או חכם) רבי דוד קמחי,0,wiktionary,2,3,0,0
חרד״ק,חתן ר' דוד קלונימוס (קלמן),0,wiktionary,3,3,0,0
חרל״פ,חייא ראש לגולי פורטוגל,1,wiktionary,1,4,0,0
חרל״פ,חייא ראש לבני פולין,0,wiktionary,2,4,0,0
חרל״פ,חייא ראש לגליל פורטוגל,0,wiktionary,3,4,0,0
חרל״פ,"חכמים, רבנים, למדנים, פרשנים",0,wiktionary,4,4,0,0
חר״ג,חרם (ד)רבינו גרשום,0,wiktionary,1,2,0,0
חר״ג,חתן רבי גבריאל,0,wiktionary,2,2,0,0
ח״ד,חוות דעת,1389,wiktionary,1,4,3,0
ח״ד,חלק ד,352,wiktionary,2,4,3,0
ח״ד,חיקור דין,8,wiktionary,3,4,3,0
ח״ד,חתיכא דאיסורא,2,wiktionary,4,4,0,0
ח״ו,חס וחלילה,187,wiktionary,1,7,2,0
ח״ו,חלק ו',170,wiktionary,2,7,0,0
ח״ו,חס ושלום,100,wiktionary,3,7,3,0
ח״ו,חבר ועדה,53,wiktionary,4,7,3,0
ח״ו,חינוך ומשפחה,9,wiktionary,5,7,0,0
ח״ו,חלילה וחס,7,wiktionary,6,7,2,0
ח״ו,חוסם ורידים,0,wiktionary,7,7,0,0
ח״ח,חלקי חילוף,345,wiktionary,1,11,3,0
ח״ח,חברת חשמל,124,wiktionary,2,11,3,0
ח״ח,חרדה חברתית,103,wikipedia+wiktionary,3,11,3,0
ח״ח,חיזוק חיובי,39,wiktionary,4,11,3,0
ח״ח,חופת חתנים,8,wiktionary,5,11,0,0
ח״ח,חלק חוזר,5,wiktionary,6,11,3,0
ח״ח,חפץ חיים (ספר),4,wikipedia,7,11,0,0
ח״ח,חפץ חיים (קיבוץ),4,wikipedia,8,11,0,0
ח״ח,חשש חמץ,4,wiktionary,9,11,3,0
ח״ח,חלל חרב,1,wiktionary,10,11,0,0
ח״ח,"חפץ חיים: ספר, מחברו, או קיבוץ",0,wiktionary,11,11,0,0
ח״י,חוק יסוד,677,wiktionary,1,7,3,0
ח״י,חיל ים,131,wiktionary,2,7,3,0
ח״י,חות יאיר (ספר),1,wiktionary,3,7,0,0
ח״י,חיה יחידה,1,wiktionary,4,7,0,0
ח״י,חק יעקב (ספר),0,wiktionary,5,7,0,0
ח״י,חרם יהושע (יהדות),0,wiktionary,6,7,0,0
ח״י,שמונה עשרה בגימטריה,0,wiktionary,7,7,0,0
ח״כ,חבר כנסת,556,wiktionary,1,2,4,1
ח״כ,חזקת כשרות,14,wiktionary,2,2,3,0
ח״ל,חייב לעבור,126,wiktionary,1,2,3,0
ח״ל,"חוץ לארץ, חוצה לארץ",0,wiktionary,2,2,0,0
ח״מ,חבר מרכז,229,wiktionary,1,2,1,0
ח״מ,חתום מטה,0,wiktionary,2,2,0,0
ח״ן,חיים נחמן (ביאליק),1090,wiktionary,1,4,0,0
ח״ן,חיל נשים,40,wikipedia+wiktionary,2,4,1,0
ח״ן,חכמת הנסתר,11,wiktionary,3,4,3,0
ח״ן,חשבון נייר (ח-ן),0,wiktionary,4,4,0,0
ח״פ,חד פעמי,1576,wiktionary,1,2,3,0
ח״פ,חונה פה,5,wiktionary,2,2,1,0
ח״צ,חברה ציבורית,1041,wiktionary,1,2,3,0
ח״צ,חכם צבי (ספר),0,wiktionary,2,2,0,0
ח״ק,חברה קדישא,978,wiktionary,1,3,3,0
ח״ק,חצי קדיש,27,wiktionary,2,3,3,0
ח״ק,חסר קליע,3,wiktionary,3,3,3,0
ח״ש,חיי שרה,206,wiktionary,1,4,0,0
ח״ש,חילול שבת,165,wiktionary,2,4,3,0
ח״ש,חודר שריון,91,wiktionary,3,4,3,0
ח״ש,חיי שעה,13,wiktionary,4,4,3,0
טל״מ,טוב לא משנה,3,wiktionary,1,3,1,0
טל״מ,טיפוח לימודי מזרחנות,1,wiktionary,2,3,0,0
טל״מ,טכנולוגיות למידה מתוקשבות,0,wiktionary,3,3,0,0
טמ״א,טומאת אוכלין,20,wiktionary,1,2,3,0
טמ״א,טומוגרפיה ממוחשבת אנגיוגרפית,0,wiktionary,2,2,0,0
טמ״מ,טוב מותי מחיי,2,wiktionary,1,4,1,0
טמ״מ,טכנאי מערכות מחשוב,1,wiktionary,2,4,0,0
טמ״מ,טכנאי מזרונים מתנפחים,0,wiktionary,3,4,0,0
טמ״מ,טכנאי מערכות תקשורת נתונים מתקדמות,0,wiktionary,4,4,0,0
טר״א,טורי אבן,15,wiktionary,1,2,1,0
טר״א,טיפול רפואי אישי,0,wiktionary,2,2,0,0
ט״א,טביעת אצבע,170,wiktionary,1,3,3,0
ט״א,טווח-ארוך,122,wiktionary,2,3,0,0
ט״א,תעופה טיס אוטומטי,0,wiktionary,3,3,0,0
ט״ז,המספר שש עשרה בגימטריה,0,wiktionary,1,2,0,0
ט״ז,חיבורו של רבי דוד הלוי סגל על השולחן ערוך,0,wiktionary,2,2,0,0
ט״כ,טבילת כלים,20,wiktionary,1,2,3,0
ט״כ,טעם כעיקר,10,wiktionary,2,2,0,0
ט״מ,טוב מאוד,371,wiktionary,1,4,3,0
ט״מ,טומוגרפיה ממוחשבת,172,wiktionary,2,4,3,0
ט״מ,טמא/טומאת מת,1,wiktionary,3,4,0,0
ט״מ,ט' מידות,0,wiktionary,4,4,0,0
ט״נ,טומאת נבלה,21,wiktionary,1,2,3,0
ט״נ,טרום ניתוח,4,wiktionary,2,2,2,0
יא״פ,יד אפרים,18,wiktionary,1,2,2,0
יא״פ,יחידת אשפוז פנימי,0,wiktionary,2,2,0,0
יהב״י,יקותיאל הכהן,10,wikipedia,1,2,2,0
יהב״י,יהודה ייטלס,7,wikipedia,2,2,1,0
יה״ש,יחידת השתתפות,139,wikipedia,1,2,1,0
יה״ש,יהושע השל שור,20,wikipedia,2,2,2,0
יומה״כ,יום הכיפורים,5870,wiktionary,1,2,3,0
יומה״כ,יוצא מן הכלל,989,wiktionary,2,2,3,0
יוע״מ,יועץ משפטי,242,wikipedia+wiktionary,1,2,3,0
יוע״מ,יועץ מס,38,wiktionary,2,2,3,0
יו״ד,יורה דעה,990,wikipedia,1,3,3,0
יו״ד,יוד,421,wikipedia,2,3,3,0
יו״ד,"יורה דעה, אחד מחלקי השלחן ערוך",0,wiktionary,3,3,0,0
יחב״ל,יחסים בינלאומיים,321,wikipedia,1,3,3,0
יחב״ל,יחידות בינלאומיות,4,wikipedia,2,3,3,0
יחב״ל,היחידה לחקירות בינלאומיות,1,wikipedia,3,3,0,0
יח״ל,יחידות לימוד,160,wiktionary,1,3,3,0
יח״ל,ישיבת חכמי לובלין,151,wikipedia+wiktionary,2,3,2,0
יח״ל,יחידת לבגרות,1,wikipedia,3,3,0,0
יח״מ,יחידת מידה,360,wiktionary,1,2,3,0
יח״מ,יחידת מדים,0,wiktionary,2,2,0,0
יט״א,יחידת טיפול אוויר,0,wiktionary,1,2,0,0
יט״א,יחידת טיפול אקלים,0,wiktionary,2,2,0,0
יי״ש,יין שרף,24,wiktionary,1,2,3,0
יי״ש,יין יבש,5,wiktionary,2,2,3,0
יל״ש,ילקוט שמעוני,251,wiktionary,1,2,3,0
יל״ש,יש לשאול,42,wiktionary,2,2,3,0
ימ״ח,ימי מחבוש,25,wiktionary,1,2,3,0
ימ״ח,יחידת מחסני חירום,8,wiktionary,2,2,3,0
יס״ב,יד סולדת בו,2,wiktionary,1,2,0,0
יס״ב,יחידת סיור הבנקים,0,wiktionary,2,2,0,0
יעב״ץ,מבעלי התוספות,196,wiktionary,1,3,3,0
יעב״ץ,מחכמי מרוקו במאה ה-18,1,wiktionary,2,3,0,0
יעב״ץ,"(1698 - 1776), מגדולי הרבנים במאה ה-18",0,wiktionary,3,3,0,0
יע״א,יחוננך עליון אמן,0,wiktionary,1,2,0,0
יע״א,"יכתב על עיר: 1.יגן עליה (עליך, עלינו, וכו') אלהים",0,wiktionary,2,2,0,0
יע״מ,מעבד,2869,wiktionary,1,2,3,0
יע״מ,יחידת עיבוד מרכזית (CPU),1,wiktionary,2,2,0,0
יק״ר,יחידה לקנאביס רפואי,1,wiktionary,1,2,0,0
יק״ר,יחידות קישור רפואית,0,wiktionary,2,2,0,0
יר״א,ירא אלוהים,15,wiktionary,1,2,3,0
יר״א,יראי אלוהים,11,wiktionary,2,2,3,0
יר״ש,יראת שמים,131,wiktionary,1,2,3,0
יר״ש,ירא שמים,69,wiktionary,2,2,3,0
יש״ו,ימח שמו וזכרו,13,wiktionary,1,2,2,0
יש״ו,יש שם ושן,0,wiktionary,2,2,0,0
יש״י,יחידת השליטה הימית,44,wiktionary,1,2,3,0
יש״י,יחד שבטי ישראל,26,wiktionary,2,2,2,0
יש״ר,יוסף שלמה דלמדיגו,41,wikipedia,1,3,0,0
יש״ר,יצחק שמואל רג'יו,13,wikipedia,2,3,3,0
יש״ר,"רב איטלקי, מראשי תנועת חכמת ישראל",0,wiktionary,3,3,0,0
י״א,יש אומרים,659,wiktionary,1,4,3,0
י״א,ירא אדוני,0,wiktionary,2,4,0,0
י״א,שווה בגודלה למרחק כדור-הארץ מהשמש,0,wiktionary,3,4,0,0
י״א,שנת הלימודים האחת־עשרה של התלמידים בישראל,0,wiktionary,4,4,0,0
י״ח,יוסף חיים,1164,wiktionary,1,2,4,1
י״ח,יודעי חן,4,wiktionary,2,2,1,0
י״ל,יש להם,2509,wiktionary,1,5,3,0
י״ל,יש לומר,196,wiktionary,2,5,3,0
י״ל,יהודה לב,15,wiktionary,3,5,1,0
י״ל,יצחק לייבוש,11,wiktionary,4,5,6,3
י״ל,יראה לי,4,wiktionary,5,5,0,0
י״מ,יש מפרשים,82,wiktionary,1,2,3,0
י״מ,יפה מראה (פירוש על אגדות התלמוד ירושלמי),0,wiktionary,2,2,0,0
י״צ,יוסף צבי,412,wiktionary,1,2,3,0
י״צ,ישמרהו צורו,8,wiktionary,2,2,0,0
כד״א,כדור הארץ,7804,wikipedia+wiktionary,1,4,3,0
כד״א,כדוריות דם אדומות,68,wikipedia+wiktionary,2,4,3,0
כד״א,כמה דאת אמר,5,wikipedia+wiktionary,3,4,0,0
כד״א,כמה דאמר/דאמרינן/דאיתמר,0,wiktionary,4,4,0,0
כה״ג,כהן גדול,583,wiktionary,1,3,3,0
כה״ג,כנסת הגדולה,286,wiktionary,2,3,3,0
כה״ג,כהאי גוונא,9,wiktionary,3,3,2,0
כו״כ,כמה וכמה,920,wiktionary,1,2,3,0
כו״כ,כך וכך,114,wiktionary,2,2,3,0
כי״ח,כל ישראל חברים,459,wiktionary,1,2,4,1
כי״ח,כל יוצאי חלציו,0,wiktionary,2,2,0,0
כנ״ל,כך נראה לי (או: כן נראה לי),0,wiktionary,1,4,0,0
כנ״ל,"כנאמר לעיל (או: כנזכר לעיל, כנכתב לעיל)",0,wiktionary,2,4,0,0
כנ״ל,כנאמר לקמן כנזכר להלן,0,wiktionary,3,4,0,0
כנ״ל,כנכון לגביי,0,wiktionary,4,4,0,0
כ״א,כל אחד,13941,wiktionary,1,7,6,3
כ״א,כי אם,4697,wiktionary,2,7,3,0
כ״א,כוח אדם,2542,wiktionary,3,7,3,0
כ״א,כי אתה,265,wiktionary,4,7,3,0
כ״א,כרטיס אשראי,190,wiktionary,5,7,3,0
כ״א,כיווני אוויר,5,wiktionary,6,7,3,0
כ״א,(גימטריה) 21,0,wiktionary,7,7,0,0
כ״ז,כל זאת,2138,wiktionary,1,2,3,0
כ״ז,כל זמן,647,wiktionary,2,2,3,0
כ״ח,כהנא חי,34,wiktionary,1,4,3,0
כ״ח,כתיב חסר,30,wiktionary,2,4,3,0
כ״ח,כדור חוזר,15,wiktionary,3,4,3,0
כ״ח,כינוי חבור,5,wiktionary,4,4,3,0
כ״י,כתב יד,2075,wiktionary,1,2,3,0
כ״י,כן ירבו,6,wiktionary,2,2,0,0
כ״כ,כמו כן,49440,wiktionary,1,3,3,0
כ״כ,כל כך,9288,wiktionary,2,3,3,0
כ״כ,כיתת כוננות,35,wiktionary,3,3,3,0
כ״מ,כל מקום,569,wiktionary,1,2,3,0
כ״מ,כושר מוגבל,3,wiktionary,2,2,1,0
כ״ס,כפר סבא,2565,wikipedia+wiktionary,1,3,3,0
כ״ס,כוח סוס,469,wikipedia+wiktionary,2,3,6,3
כ״ס,כתב סתר,7,wikipedia,3,3,3,0
כ״ע,כתב עת,4694,wiktionary,1,3,3,0
כ״ע,כתב עליו,604,wiktionary,2,3,3,0
כ״ע,"כולי עלמא (כֻּלֵּי עָלְמָא, כל העולם)",0,wiktionary,3,3,0,0
כ״ק,כושר קרבי,106,wiktionary,1,2,3,0
כ״ק,כבוד קדושת,14,wiktionary,2,2,1,0
כ״ש,כל שהוא,288,wiktionary,1,4,3,0
כ״ש,כל שכן,243,wiktionary,2,4,3,0
כ״ש,כהן שלום,19,wiktionary,3,4,0,0
כ״ש,כלי שני,13,wiktionary,4,4,3,0
כ״ת,כתר תורה,118,wiktionary,1,2,3,0
כ״ת,כמו תמיד,72,wiktionary,2,2,3,0
לב״ב,לא בא בחשבון,32,wiktionary,1,2,3,0
לב״ב,לחימה בשטח בנוי (מיושן),0,wiktionary,2,2,0,0
להב״ה,למניעת התבוללות בארץ הקודש,10,wikipedia,1,2,0,0
להב״ה,לצמצום הפער הדיגיטלי בחברה הישראלית,6,wikipedia,2,2,0,0
לו״ז,לוח זמנים,939,wikipedia,1,2,3,0
לו״ז,לוחמה זעירה,84,wikipedia,2,2,3,0
למל״מ,לא מועיל לא מזיק,0,wiktionary,1,2,0,0
למל״מ,לא מריח לא מסריח,0,wiktionary,2,2,0,0
למ״ד,האות ל',24,wiktionary,1,2,0,0
למ״ד,למאן דאמר,3,wiktionary,2,2,0,0
למ״ה,למורי הרב,1,wiktionary,1,2,0,0
למ״ה,לא מפי הרב,0,wiktionary,2,2,0,0
לע״ז,לשון עם זר,3,wiktionary,1,2,0,0
לע״ז,גזירת נוטריקון מן המילה לעז המשנאית,0,wiktionary,2,2,0,0
לפ״ד,לפי דברי,380,wiktionary,1,2,3,0
לפ״ד,"לפי דעתו, לפי דעתי",0,wiktionary,2,2,0,0
ל״א,לוחמה אלקטרונית,540,wiktionary,1,2,3,0
ל״א,לשון אחר,28,wiktionary,2,2,3,0
ל״ב,להגמל במאסר,0,wiktionary,1,2,0,0
ל״ב,שלושים ושניים בגימטריה,0,wiktionary,2,2,0,0
ל״ג,לא גרסינן,1,wiktionary,1,3,0,0
ל״ג,גימטריה 33,0,wiktionary,2,3,0,0
ל״ג,למד הפועל גרונית,0,wiktionary,3,3,0,0
ל״ד,לחץ דם,1061,wiktionary,1,3,3,0
ל״ד,לאו דווקא,786,wiktionary,2,3,3,0
ל״ד,לא דמי,4,wiktionary,3,3,1,0
ל״ל,למה לי,410,wiktionary,1,2,3,0
ל״ל,"לית ליה, לית לן, (ארמית-אין לו, אין לה, אין לנו)",0,wiktionary,2,2,0,0
ל״ע,לעת עתה,391,wiktionary,1,3,3,0
ל״ע,לימוד עצמי,77,wiktionary,2,3,3,0
ל״ע,לא עלינו,24,wiktionary,3,3,3,0
ל״ש,לירה שטרלינג,315,wiktionary,1,4,3,0
ל״ש,לא שייך,160,wiktionary,2,4,3,0
ל״ש,לא שמיה (=לא נקרא/נחשב),0,wiktionary,3,4,0,0
ל״ש,לא שנא/שנו,0,wiktionary,4,4,0,0
ל״ת,לא תעשה,612,wiktionary,1,2,3,0
ל״ת,ללא תוכן,84,wiktionary,2,2,3,0
מא״ג,מאג,234,wiktionary,1,3,3,0
מא״ג,מדרש אגדה,93,wiktionary,2,3,3,0
מא״ג,מקלע אחיד גדודי,2,wiktionary,3,3,0,0
מא״ש,מאה שערים,562,wikipedia,1,4,3,0
מא״ש,מרדכי איש-שלום,118,wikipedia,2,4,2,0
מא״ש,המרכז לאימונים באש,31,wikipedia,3,4,2,0
מא״ש,מאיר איש-שלום,30,wikipedia,4,4,2,0
מב״א,מערכת בקרת אש,81,wiktionary,1,2,3,0
מב״א,מכלול בקרה אוגדתי,5,wiktionary,2,2,1,0
מב״ו,מלך בשר ודם,24,wiktionary,1,2,3,0
מב״ו,מבשר ודם,5,wiktionary,2,2,1,0
מב״ט,מטוס בלי טייס,1,wiktionary,1,2,0,0
מב״ט,מרכז בקרה טכנולוגי,0,wiktionary,2,2,0,0
מב״ם,מבקר המדינה,1638,wiktionary,1,3,3,0
מב״ם,המערכה בין המלחמות,25,wiktionary,2,3,3,0
מב״ם,מזר בכיר מתקדם,3,wiktionary,3,3,0,0
מב״ר,משרד הבריאות,2719,wiktionary,1,3,3,0
מב״ר,מסלול בגרויות רגיל,0,wiktionary,2,3,0,0
מב״ר,מפגר בעל רצון,0,wiktionary,3,3,0,0
מג״ב,משמר הגבול,1491,wiktionary,1,3,6,3
מג״ב,מגה בית (גם: מגה בייט). בדיוק מיליון בית,0,wiktionary,2,3,0,0
מג״ב,מיירט גובה בינוני,0,wiktionary,3,3,0,0
מג״ל,המכון הגבוה לתורה,33,wikipedia,1,7,3,0
מג״ל,מביא גאולה לעולם,7,wiktionary,2,7,1,0
מג״ל,מגל (בעבר מערך גיבוי לחימה),1,wikipedia,3,7,0,0
מג״ל,שם עט של גיורא לשם,1,wikipedia,4,7,0,0
מג״ל,מיליגרם לליטר (mg/L),0,wiktionary,5,7,0,0
מג״ל,מנה ג' לשבטים (שם משפחה של שבט לוי),0,wiktionary,6,7,0,0
מג״ל,מרכז גמילה ליפתא,0,wiktionary,7,7,0,0
מג״מ,מפקד גף מטוסים,2,wiktionary,1,2,0,0
מג״מ,מרכז גיוס מרחבי,0,wiktionary,2,2,0,0
מג״ר,מרק גרמני,33,wiktionary,1,2,3,0
מג״ר,מיירט גובה רב,0,wiktionary,2,2,0,0
מג״ש,מגיד שיעור,51,wiktionary,1,2,3,0
מג״ש,מפקד גוש,23,wiktionary,2,2,3,0
מדא״ג,מדרש אגדה,93,wiktionary,1,2,3,0
מדא״ג,מדריכת אימון גופני,3,wiktionary,2,2,0,0
מד״א,מגן דוד אדום,429,wiktionary,1,5,6,3
מד״א,מרא דאתרא,170,wiktionary,2,5,3,0
מד״א,מסכת דרך ארץ,32,wiktionary,3,5,3,0
מד״א,מאן דאמר (מי שאמר),0,wiktionary,4,5,0,0
מד״א,משום דרכי אמורי,0,wiktionary,5,5,0,0
מד״ח,משוואות דיפרנציאליות חלקיות,103,wikipedia,1,5,3,0
מד״ח,משוואה דיפרנציאלית חלקית,56,wiktionary,2,5,3,0
מד״ח,מדת חסידות,11,wiktionary,3,5,3,0
מד״ח,מדריך חוץ וטבע,2,wikipedia,4,5,0,0
מד״ח,אנגלית: PDE,0,wiktionary,5,5,0,0
מד״ן,משה דוד גאון,247,wikipedia,1,3,2,0
מד״ן,מדריך נוער,95,wiktionary,2,3,2,0
מד״ן,מספן המודיעין,79,wikipedia,3,3,3,0
מד״ס,מדעי הסביבה,121,wiktionary,1,4,3,0
מד״ס,מדברי סופרים,35,wiktionary,2,4,3,0
מד״ס,מדריך ספורט,19,wiktionary,3,4,3,0
מד״ס,מדי ספורט,3,wiktionary,4,4,1,0
מד״ר,מדרש רבה,178,wiktionary,1,3,3,0
מד״ר,מדריך ראשי,70,wiktionary,2,3,3,0
מד״ר,משוואה דיפרנציאלית רגילה,32,wiktionary,3,3,3,0
מהו״ת,מידע,129370,wikipedia,1,5,3,0
מהו״ת,מרכז התעצמות ותובנה,2,wikipedia,2,5,0,0
מהו״ת,מרכז הערבות והתמודדות בחירום,1,wikipedia,3,5,0,0
מהו״ת,מרכז הערכה ופיתוח תוכניות,1,wikipedia,4,5,0,0
מהו״ת,מרכז השתלמויות ותנופה,1,wikipedia,5,5,0,0
מהרי״א,יצחק אברבנאל,254,wikipedia,1,5,3,0
מהרי״א,יצחק אבוהב,86,wikipedia,2,5,3,0
מהרי״א,יהודה אסאד,36,wikipedia,3,5,2,0
מהרי״א,יצחק אייזיק אייכנשטיין,29,wikipedia,4,5,0,0
מהרי״א,יצחק אדרבי,11,wikipedia,5,5,3,0
מהרי״ח,ישראל חיים פרידמן,17,wikipedia,1,6,1,0
מהרי״ח,יוסף חיים הכהן,16,wikipedia,2,6,3,0
מהרי״ח,יחזקיה ממגדבורג,8,wikipedia,3,6,0,0
מהרי״ח,ישראל חיים דייכס,4,wikipedia,4,6,0,0
מהרי״ח,ישראל חיים קצבורג,4,wikipedia,5,6,0,0
מהרי״ח,יואל חסיד מאמצ'יסלוב,3,wikipedia,6,6,0,0
מהרי״ץ,יוסף צבי דושינסקי,97,wikipedia,1,6,3,0
מהרי״ץ,יצחק מוולוז'ין,39,wikipedia,2,6,3,0
מהרי״ץ,יהודה צבי ברנדויין (הראשון),6,wikipedia,3,6,1,0
מהרי״ץ,מארי יחיא צאלח,3,wikipedia,4,6,0,0
מהרי״ץ,יוסף צבי דינר (או דונר),1,wikipedia,5,6,0,0
מהרי״ץ,רבנים מהאחרונים,1,wikipedia,6,6,0,0
מהרש״א,שלמה אליעזר אלפנדרי,34,wikipedia,1,4,3,0
מהרש״א,שמואל אליעזר הלוי איידלס,33,wikipedia,2,4,1,0
מהרש״א,שמעון אגסי,31,wikipedia,3,4,3,0
מהרש״א,שלמה איגר,26,wikipedia,4,4,3,0
מהרש״ג,רבי שמעון גרינפלד,9,wikipedia,1,2,2,0
מהרש״ג,רבי שמואל גאון,2,wikipedia,2,2,0,0
מהרש״ק,רבקה מהרשק,39,wikipedia,1,11,1,0
מהרש״ק,ר' שלמה קלוגר,7,wikipedia,2,11,0,0
מהרש״ק,בני מהרשק,5,wikipedia,3,11,1,0
מהרש״ק,ר' שלמה מקרלין,4,wikipedia,4,11,0,0
מהרש״ק,ר' שמואל קאיידנובר,4,wikipedia,5,11,0,0
מהרש״ק,ישראל מהרשק,3,wikipedia,6,11,1,0
מהרש״ק,רבי שמשון בן יצחק מקינון (לעיתים,2,wikipedia,7,11,0,0
מהרש״ק,מורנו הרב רבי שלמה כהן,0,wiktionary,8,11,0,0
מהרש״ק,מורנו הרב רבי שלמה קלוגר,0,wiktionary,9,11,0,0
מהרש״ק,מורנו הרב רבי שלמה קרלינר,0,wiktionary,10,11,0,0
מהרש״ק,מורנו הרב רבי שמואל קיידאנובר,0,wiktionary,11,11,0,0
מהר״י,רבי יעקב בירב,60,wikipedia,1,8,3,0
מהר״י,רבי יצחק אבוהב (גאון קסטיליה),22,wikipedia,2,8,1,0
מהר״י,רבי ישראל יעקב אלגאזי,12,wikipedia,3,8,1,0
מהר״י,רבי יהודה בן אליעזר הלוי מינץ,4,wikipedia,4,8,0,0
מהר״י,רבי יוסף בן אברהם ג'יקטיליה,3,wikipedia,5,8,0,0
מהר״י,רבי יעקב בן יהודה וייל,2,wikipedia,6,8,0,0
מהר״י,רבי יעקב בן שלמה אבן חביב,1,wikipedia,7,8,0,0
מהר״י,רבי ישראל בן רבי חיים ברונא,1,wikipedia,8,8,0,0
מהר״ם,רבי מרדכי יפה,69,wikipedia,1,22,3,0
מהר״ם,רבי מרדכי בנט,28,wikipedia,2,22,1,0
מהר״ם,רבי מאיר ברבי,24,wikipedia,3,22,3,0
מהר״ם,רבי מאיר איזנשטט,18,wikipedia,4,22,3,0
מהר״ם,רבי משה מינץ,16,wikipedia,5,22,3,0
מהר״ם,רבי מאיר קצנלנבוגן,15,wikipedia,6,22,0,0
מהר״ם,רבי מאיר פישלס,9,wikipedia,7,22,3,0
מהר״ם,רבי משה אלשקר,7,wikipedia,8,22,3,0
מהר״ם,רבי משה גאלנטי (הראשון),5,wikipedia,9,22,0,0
מהר״ם,רבי משה שיק,5,wikipedia,10,22,2,1
מהר״ם,רבי יהודה מאיר שפירא,4,wikipedia,11,22,2,1
מהר״ם,רבי מאיר בן ברוך מרוטנבורג,4,wikipedia,12,22,0,0
מהר״ם,רבי מאיר שיף,4,wikipedia,13,22,0,0
מהר״ם,רבי מרדכי בריסק,4,wikipedia,14,22,1,0
מהר״ם,רבי מנחם דוד בן יצחק,3,wikipedia,15,22,0,0
מהר״ם,רבי מאיר הלוי איש הורוביץ,2,wikipedia,16,22,0,0
מהר״ם,רבי מנחם מנדל אביגדורש,2,wikipedia,17,22,0,0
מהר״ם,דורותי מהרם,1,wikipedia,18,22,0,0
מהר״ם,מהרם (חברה),1,wikipedia,19,22,0,0
מהר״ם,משפט מהרם,1,wikipedia,20,22,0,0
מהר״ם,מורנו הרב רבי מאיר,0,wiktionary,21,22,0,0
מהר״ם,מורנו הרב רבי מנדל,0,wiktionary,22,22,0,0
מהר״ש,רבי שלום רוקח,54,wikipedia,1,7,3,0
מהר״ש,רבי שמואל שניאורסון,40,wikipedia,2,7,3,0
מהר״ש,רבי שמואל יפה אשכנזי,12,wikipedia,3,7,3,0
מהר״ש,רבי שלום מנוישטט,4,wikipedia,4,7,2,0
מהר״ש,רבי שלום כהן מקושטא,1,wikipedia,5,7,0,0
מהר״ש,רבי שלמה בן יצחק לבית הלוי (השני),1,wikipedia,6,7,0,0
מהר״ש,רבי שלמה מלובלין,1,wikipedia,7,7,0,0
מה״ד,משרד הדתות,322,wiktionary,1,6,3,0
מה״ד,משרד הדואר,204,wiktionary,2,6,3,0
מה״ד,מידת הדין,36,wiktionary,3,6,3,0
מה״ד,מהא דכתיב (=מזה שכתוב),0,wiktionary,4,6,0,0
מה״ד,מהו דתימא (=מהו שתאמר),0,wiktionary,5,6,0,0
מה״ד,מרכז/מחלקת הדרכה,0,wiktionary,6,6,0,0
מה״ט,המכון הממשלת להכשרה בטכנולוגיה ובמדע,0,wiktionary,1,2,0,0
מה״ט,מהאי טעמא,0,wiktionary,2,2,0,0
מה״מ,מלך המשיח,76,wiktionary,1,2,3,0
מה״מ,מנא הני מילי (מניין דברים אלו),0,wiktionary,2,2,0,0
מו״ח,מדעי החיים,548,wiktionary,1,2,3,0
מו״ח,מורשה חתימה,10,wiktionary,2,2,2,0
מו״מ,משא ומתן,5791,wiktionary,1,3,3,0
מו״מ,מקח וממכר,164,wiktionary,2,3,1,0
מו״מ,מרכב ומושב,0,wiktionary,3,3,0,0
מזי״א,מזרע ישראל איסרלן,2,wiktionary,1,2,0,0
מזי״א,מזרע יהודים אנוסים,1,wiktionary,2,2,0,0
מזל״ט,מזל טוב,653,wiktionary,1,2,3,0
מזל״ט,מטוז זעיר ללא טייס,0,wiktionary,2,2,0,0
מז״א,מזג אויר,33,wiktionary,1,2,1,0
מז״א,מה זאת אומרת?,8,wiktionary,2,2,1,0
מחב״ש,מחלקת ביטחון שדה,6,wiktionary,1,2,0,0
מחב״ש,מלוגמא חמין במוצאי שבת,0,wiktionary,2,2,0,0
מחמ״ד,מחלקת המדינה,1096,wiktionary,1,2,3,0
מחמ״ד,מנהלת החינוך הממלכתי-דתי,0,wiktionary,2,2,0,0
מח״כ,מחוסר כיפורים,15,wiktionary,1,2,3,0
מח״כ,מחילת כבודו,0,wiktionary,2,2,0,0
מח״ל,מתנדבי חוץ לארץ במלחמת העצמאות,2,wiktionary,1,2,2,1
מח״ל,מפלגת חרות לאומית,0,wiktionary,2,2,0,0
מח״מ,משך חיים ממוצע,5,wiktionary,1,2,0,0
מח״מ,מרכז חינוכי משותף,1,wiktionary,2,2,0,0
מט״ח,מטבע חוץ,238,wiktionary,1,2,3,0
מט״ח,מרכז לטכנולוגיה חינוכית,4,wiktionary,2,2,0,0
מט״ל,מכון טכנולוגי לישראל,1189,wiktionary,1,2,2,0
מט״ל,מד טווח לייזר,45,wiktionary,2,2,3,0
מט״ש,מְכוֹן טִהוּר שְׁפָכִים,0,wiktionary,1,2,0,0
מט״ש,מִתְקָן טִהוּר שְׁפָכִים,0,wiktionary,2,2,0,0
מלמ״ש,מיליון מטר מעוקב לשנה,6,wiktionary,1,2,0,0
מלמ״ש,מרכז ללימודי משטרה,1,wiktionary,2,2,0,0
מלר״ם,מוקד לשירותים רפואיים,0,wiktionary,1,2,0,0
מלר״ם,מערך ל'רפואה מונעת,0,wiktionary,2,2,0,0
מל״ב,מלכים ב',586,wiktionary,1,2,0,0
מל״ב,מבלי לפגוע בזכויות,10,wiktionary,2,2,3,0
מל״ט,מטוס ללא טייס,32,wiktionary,1,2,2,0
מל״ט,מיגו לחצי טענה,0,wiktionary,2,2,0,0
מל״ל,המוסד לביטוח לאומי,619,wikipedia,1,3,3,0
מל״ל,המטה לביטחון לאומי,235,wikipedia,2,3,3,0
מל״ל,משה לייב ליליינבלום,204,wikipedia,3,3,6,3
מל״ם,המרכז למורשת המודיעין,272,wiktionary,1,5,3,0
מל״ם,מוליך למחצה,142,wiktionary,2,5,3,0
מל״ם,המרכז (הישראלי) לחינוך מדעי,2,wiktionary,3,5,0,0
מל״ם,מודיעין לקראת משימה,0,wiktionary,4,5,0,0
מל״ם,"משנה למלך, ספרו של רבי יהודה רוזאניס",0,wiktionary,5,5,0,0
מל״מ,המרכז למורשת המודיעין,272,wikipedia,1,7,3,0
מל״מ,מוליך למחצה,142,wikipedia,2,7,3,0
מל״מ,מפעל מלמ,39,wikipedia,3,7,3,0
מל״מ,מוסמך למדעים,23,wikipedia,4,7,3,0
מל״מ,מלם תים,16,wikipedia,5,7,3,0
מל״מ,מלם מערכות,13,wikipedia,6,7,3,0
מל״מ,מודיעין לקראת מבצע,3,wikipedia,7,7,0,0
ממ״ג,המרכז למחקר גרעיני,65,wikipedia,1,6,2,0
ממ״ג,מערכת מידע גאוגרפי,38,wikipedia,2,6,3,0
ממ״ג,מצנח ממונע גלגלי,5,wikipedia,3,6,0,0
ממ״ג,כלי טיס ממונע אשר בו מצנח המשמש לעילוי,1,wiktionary,4,6,0,0
ממ״ג,מתקן למחקר גרעיני הממוקם בנחל שורק,1,wiktionary,5,6,0,0
ממ״ג,קבוצת תוכנות לניתוח מידע גיאוגרפי,0,wiktionary,6,6,0,0
ממ״ד,ממלכתי דתי,239,wiktionary,1,3,2,0
ממ״ד,המרכז למחקר מדיני,29,wikipedia,2,3,3,0
ממ״ד,מרחב מוגן דירתי,11,wikipedia+wiktionary,3,3,4,3
ממ״י,מִנהל מקרקעי ישראל,2,wiktionary,1,2,0,0
ממ״י,משפט מגדיר יחס,0,wiktionary,2,2,0,0
ממ״ם,מרכז המחקר והמידע,676,wiktionary,1,2,3,0
ממ״ם,מרחב מוגן מוסדי,2,wiktionary,2,2,0,0
ממ״ס,מכונאי מטוסים,24,wiktionary,1,3,3,0
ממ״ס,ממזר ספק,1,wiktionary,2,3,0,0
ממ״ס,ממש ממש סודי,0,wiktionary,3,3,0,0
ממ״ק,מיליון מטר מעוקב,59,wikipedia,1,4,4,1
ממ״ק,ממלא מקום קצין,11,wikipedia+wiktionary,2,4,3,0
ממ״ק,מילימטר מעוקב,5,wiktionary,3,4,1,0
ממ״ק,מרחב מוגן קומתי,5,wikipedia+wiktionary,4,4,0,0
ממ״ר,מפקד מרחב,234,wiktionary,1,2,1,0
ממ״ר,מילימטר רבוע,8,wiktionary,2,2,3,0
מנ״ח,מנהל חשבונות,133,wiktionary,1,2,3,0
מנ״ח,מנחת חינוך,105,wiktionary,2,2,3,0
מס״ב,מסע בין כוכבים,972,wikipedia,1,4,3,0
מס״ב,מסילת ברזל,531,wiktionary,2,4,3,0
מס״ב,מרכז סליקה בנקאי,8,wikipedia+wiktionary,3,4,0,0
מס״ב,מערכת סליקה בנקאית,1,wiktionary,4,4,1,0
מס״ר,מפקד סירת,4,wiktionary,1,2,1,0
מס״ר,מרכז סימולציה רפואית,2,wiktionary,2,2,0,0
מע״ד,מערכת יד,1,wiktionary,1,2,1,0
מע״ד,מכשיר עזר דיבורי,0,wiktionary,2,2,0,0
מע״ר,מרכז עסקים ראשי,50,wikipedia+wiktionary,1,3,3,0
מע״ר,מגיש עזרה ראשונה,15,wikipedia+wiktionary,2,3,4,1
מע״ר,מע'אר (בערבית: المغار),4,wikipedia,3,3,0,0
מע״ש,מסכת מעשר שני,47,wiktionary,1,3,1,0
מע״ש,מערכת שעות,17,wiktionary,2,3,3,0
מע״ש,מפעל עבודה שיקומי,4,wiktionary,3,3,0,0
מע״ת,מאסר על תנאי,657,wiktionary,1,2,3,0
מע״ת,מועצת תלמידים,27,wiktionary,2,2,3,0
מפמ״ר,מפקד מרכז,128,wiktionary,1,2,2,0
מפמ״ר,מפקח מרכז,6,wiktionary,2,2,1,0
מצ״ד,מספן הציוד,77,wikipedia,1,3,3,0
מצ״ד,להק הציוד,49,wikipedia,2,3,4,1
מצ״ד,מחנה הציונות הדתית,9,wikipedia,3,3,3,0
מקל״ש,מטר מעוקב לשנייה,37,wiktionary,1,2,3,0
מקל״ש,מקלחות שדה,2,wiktionary,2,2,0,0
מק״ג,מקראות גדולות,219,wiktionary,1,2,3,0
מק״ג,מיקרוגרם,99,wiktionary,2,2,3,0
מק״ט,מספר קטלוגי,245,wiktionary,1,2,3,0
מק״ט,מפקד קטע,2,wiktionary,2,2,1,0
מרת״א,המרכז הרפואי תל אביב,182,wikipedia,1,2,1,0
מרת״א,מועדון רצי תל אביב,2,wikipedia,2,2,0,0
מר״מ,מרפאת מומחים,6,wiktionary,1,2,2,0
מר״מ,מרכז רפואה מיידי,0,wiktionary,2,2,0,0
מר״ן,משנת רבי נתן,6,wiktionary,1,3,1,0
מר״ן,מורנו רבי נחמן,0,wiktionary,2,3,0,0
מר״ן,ממאתים רבנים נסמך,0,wiktionary,3,3,0,0
מר״צ,מאמר רננו צדיקים,0,wiktionary,1,3,0,0
מר״צ,מורנו רבנו צעיר/צדיק,0,wiktionary,2,3,0,0
מר״צ,מצוה רצונית,0,wiktionary,3,3,0,0
משה״ד,משרד הדתות,322,wiktionary,1,2,3,0
משה״ד,משרד הדואר,204,wiktionary,2,2,3,0
משה״ח,משרד החוץ,5075,wiktionary,1,2,3,0
משה״ח,משרד החינוך,4292,wiktionary,2,2,3,0
מש״ה,מוגבלות שכלית התפתחותית,172,wiktionary,1,3,3,0
מש״ה,משום הכי,4,wiktionary,2,3,2,0
מש״ה,מדף שפת התקפה,3,wiktionary,3,3,0,0
מש״ל,מה שצריך להוכיח,3,wiktionary,1,3,0,0
מש״ל,(מתמטיקה) מה שהיה להוכיח,0,wiktionary,2,3,0,0
מש״ל,מרכז שרות לציבור,0,wiktionary,3,3,0,0
מש״צ,משולש שווה צלעות,124,wiktionary,1,2,0,0
מש״צ,מרכז שכבה צעירה,0,wiktionary,2,2,0,0
מש״ש,משולש שווה שוקיים,88,wiktionary,1,3,0,0
מש״ש,מדריך שנת שרות,0,wiktionary,2,3,0,0
מש״ש,מה ששנינו שם,0,wiktionary,3,3,0,0
מת״ש,מתן שכר,21,wiktionary,1,2,3,0
מת״ש,משפט תשלום,2,wiktionary,2,2,0,0
מ״א,מועצה אזורית,4397,wikipedia+wiktionary,1,15,3,0
מ״א,מקום אחר,848,wiktionary,2,15,3,0
מ״א,מלכים א',649,wiktionary,3,15,0,0
מ״א,משנה א',470,wiktionary,4,15,0,0
מ״א,מגן אברהם,276,wikipedia,5,15,3,0
מ״א,מעמד אישי,153,wiktionary,6,15,1,0
מ״א,מערכות אלקטרוניות,130,wiktionary,7,15,3,0
מ״א,המפקדה הארצית,101,wikipedia,8,15,3,0
מ״א,מספר אישי,59,wikipedia+wiktionary,9,15,3,0
מ״א,מודיעין אזרחי,29,wiktionary,10,15,3,0
מ״א,מעצור אוויר,13,wiktionary,11,15,3,0
מ״א,מחזור אחרון,4,wiktionary,12,15,1,0
מ״א,מוסמך אוניברסיטה (נקרא גם 'תואר שני'),1,wikipedia,13,15,0,0
מ״א,מֻסְמָךְ אוּנִיבֶרְסִיטָה,0,wiktionary,14,15,0,0
מ״א,משתנה אקראי (תורת ההסתברות),0,wiktionary,15,15,0,0
מ״ב,משנה ברורה,403,wiktionary,1,3,3,0
מ״ב,מתן בסתר,38,wiktionary,2,3,3,0
מ״ב,מהרה בימינו,2,wiktionary,3,3,0,0
מ״ג,מפקד גף,22,wiktionary,1,3,3,0
מ״ג,מילת־גוף,1,wiktionary,2,3,0,0
מ״ג,מיליגרם (אלפית הגרם),0,wiktionary,3,3,0,0
מ״ד,מאי דכתיב,42,wiktionary,1,3,1,0
מ״ד,מאן דאמר,9,wiktionary,2,3,3,0
מ״ד,מהו דתימא,5,wiktionary,3,3,2,0
מ״ה,מס הכנסה,877,wiktionary,1,2,3,0
מ״ה,מחשבים מערכת הפעלה,0,wiktionary,2,2,0,0
מ״ז,מין זכר,590,wiktionary,1,2,1,0
מ״ז,מספר זנב,187,wiktionary,2,2,3,0
מ״ח,מדעי החיים,548,wiktionary,1,4,3,0
מ״ח,משפט חוזר,178,wiktionary,2,4,3,0
מ״ח,מועצת חכמים,7,wiktionary,3,4,3,0
מ״ח,מילת חיבור,6,wiktionary,4,4,1,0
מ״ט,מכונת טיורינג,108,wiktionary,1,3,3,0
מ״ט,מאי טעמא,51,wiktionary,2,3,2,0
מ״ט,משנה טכני,3,wiktionary,3,3,2,0
מ״כ,מועדון כדורגל,1829,wiktionary,1,3,3,0
מ״כ,מרכז כובד,79,wiktionary,2,3,3,0
מ״כ,מפקד כיתה,78,wiktionary,3,3,4,1
מ״מ,מילימטר,1632,wikipedia,1,16,6,3
מ״מ,ממלא מקום,1575,wikipedia+wiktionary,2,16,4,1
מ״מ,מכל מקום,1165,wiktionary,3,16,4,1
מ״מ,מערכות מידע,735,wiktionary,4,16,3,0
מ״מ,מפקד מחלקה,302,wikipedia+wiktionary,5,16,3,0
מ״מ,מראה מקום,300,wiktionary,6,16,1,0
מ״מ,משתנה מקרי,185,wikipedia+wiktionary,7,16,3,0
מ״מ,מרחב מטרי,137,wikipedia+wiktionary,8,16,3,0
מ״מ,מגיד מישרים,111,wikipedia,9,16,3,0
מ״מ,מרחב מכפלה,98,wikipedia+wiktionary,10,16,3,0
מ״מ,מערכות מחשב,91,wiktionary,11,16,3,0
מ״מ,מגיד משנה,68,wiktionary,12,16,0,0
מ״מ,מערך המבצעים המיוחדים,58,wikipedia,13,16,3,0
מ״מ,מכונאי מוטס,27,wiktionary,14,16,3,0
מ״מ,מקרא מגילה,25,wiktionary,15,16,3,0
מ״מ,מרחב מדגם,6,wikipedia+wiktionary,16,16,0,0
מ״ס,מועדון ספורט,982,wiktionary,1,2,3,0
מ״ס,מהירות סגירה,0,wiktionary,2,2,0,0
מ״ע,מצות עשה,70,wiktionary,1,2,3,0
מ״ע,מנוחתו עדן,4,wiktionary,2,2,0,0
מ״פ,מפקד פלוגה,756,wiktionary,1,6,3,0
מ״פ,מחנה פליטים,187,wiktionary,2,6,3,0
מ״פ,מחשבה פלילית,39,wiktionary,3,6,3,0
מ״פ,לשון משלים פועל,0,wiktionary,4,6,0,0
מ״פ,מחשבים מגה פיקסל,0,wiktionary,5,6,0,0
מ״פ,מתמטיקה מכפלה פנימית,0,wiktionary,6,6,0,0
מ״צ,מעלות צלזיוס,2747,wiktionary,1,3,3,0
מ״צ,משטרה צבאית,230,wiktionary,2,3,6,3
מ״צ,"משיח צדק, משיח צִדקנו",0,wiktionary,3,3,0,0
מ״ק,מספר קטן,1223,wiktionary,1,10,3,0
מ״ק,מטר מעוקב,414,wiktionary,2,10,6,3
מ״ק,מרכז קהילתי,323,wiktionary,3,10,3,0
מ״ק,מועד קטן,308,wiktionary,4,10,3,0
מ״ק,מכשיר קשר,140,wiktionary,5,10,3,0
מ״ק,מרא קמא,51,wiktionary,6,10,3,0
מ״ק,מחנה קבע,18,wiktionary,7,10,3,0
מ״ק,מילת קריאה,9,wiktionary,8,10,3,0
מ״ק,מלכין קדמאין,4,wiktionary,9,10,2,0
מ״ק,משמע קצת,4,wiktionary,10,10,0,0
מ״ר,מטר רבוע,545,wiktionary,1,3,6,3
מ״ר,מדרש רבה,178,wiktionary,2,3,3,0
מ״ר,מילי־רדיאן,4,wiktionary,3,3,0,0
מ״ש,מטר לשנייה,595,wiktionary,1,7,3,0
מ״ש,מה שכתוב,103,wiktionary,2,7,3,0
מ״ש,מצה שמורה,18,wiktionary,3,7,3,0
מ״ש,מילת שאלה,16,wiktionary,4,7,3,0
מ״ש,מאי שנא,12,wiktionary,5,7,3,0
מ״ש,מרפסת שמש,6,wiktionary,6,7,3,0
מ״ש,"משלים שם,לוואי",0,wiktionary,7,7,0,0
מ״ת,משחקי תפקידים,353,wiktionary,1,2,3,0
מ״ת,מתן תורה,209,wiktionary,2,2,3,0
נגה״ש,נס גדול היה שם,3,wiktionary,1,2,0,0
נגה״ש,"המקור הוא ביידיש, לפי ארבע אפשרויות במשחק הגרלה",0,wiktionary,2,2,0,0
נוג״ה,נורדיה גנות הדר,2,wiktionary,1,2,0,0
נוג״ה,נוער וגיל ההתבגרות,0,wiktionary,2,2,0,0
נמ״ר,נודניק מדרגה ראשונה,0,wiktionary,1,3,0,0
נמ״ר,ניהול מערכות רפואיות,0,wiktionary,2,3,0,0
נמ״ר,ניהול מרכזים רפואיים,0,wiktionary,3,3,0,0
נמ״ת,נמל תעופה,931,wiktionary,1,2,3,0
נמ״ת,נקודה מתה תחתונה,2,wiktionary,2,2,0,0
נר״ו,נפש רוח ונשמה,6,wiktionary,1,4,0,0
נר״ו,נַטְרֵיהּ רַחֲמָנָא וּפַרְקִיהּ (ישמרהו הרחמן ויפדהו),0,wiktionary,2,4,0,0
נר״ו,נטריה רחמנא וחיננא,0,wiktionary,3,4,0,0
נר״ו,נצרהו רחמנא ונטרהו,0,wiktionary,4,4,0,0
נש״מ,נציבות שירות המדינה,202,wikipedia,1,4,3,0
נש״מ,נשק מונחה,91,wikipedia,2,4,3,0
נש״מ,נקודת שיווי משקל,38,wikipedia,3,4,3,0
נש״מ,נותן שירותי מטבע,4,wikipedia,4,4,1,0
נ״א,נוסח אשכנז,341,wiktionary,1,8,3,0
נ״א,נגד אדם,208,wiktionary,2,8,3,0
נ״א,נחיתת אונס,176,wiktionary,3,8,3,0
נ״א,נחלת אבות,77,wiktionary,4,8,2,0
נ״א,נביאים אחרונים,47,wiktionary,5,8,3,0
נ״א,ניחום אבלים,37,wiktionary,6,8,3,0
נ״א,נפילת אפיים,21,wiktionary,7,8,3,0
נ״א,נוסחא אחרינא,0,wiktionary,8,8,0,0
נ״ב,נקודת בסיס,14,wiktionary,1,5,3,0
נ״ב,נוסף ברשימה,4,wiktionary,2,5,3,0
נ״ב,נזכרתי בדבר,3,wiktionary,3,5,2,0
נ״ב,נכתב בצדו,1,wiktionary,4,5,0,0
נ״ב,נזכר בזאת,0,wiktionary,5,5,0,0
נ״ח,נוסח חדש,281,wiktionary,1,3,3,0
נ״ח,נס חנוכה,26,wiktionary,2,3,2,0
נ״ח,נק' חיים,0,wiktionary,3,3,0,0
נ״ט,ניסוי טיסה,25,wiktionary,1,2,3,0
נ״ט,צבא נגד טנקים,0,wiktionary,2,2,0,0
נ״י,ניו יורק,28771,wiktionary,1,4,6,0
נ״י,נצח ישראל,253,wiktionary,2,4,5,0
נ״י,נרו יאיר,19,wiktionary,3,4,2,0
נ״י,נסמך יחיד,0,wiktionary,4,4,0,0
נ״ל,נראה לי,334,wiktionary,1,3,3,0
נ״ל,נזכר לעיל,1,wiktionary,2,3,0,0
נ״ל,נכתב לקמן,0,wiktionary,3,3,0,0
נ״מ,נגד מטוסים,722,wiktionary,1,2,6,3
נ״מ,נפקא מינא,12,wiktionary,2,2,3,0
נ״ע,ניירות ערך,844,wiktionary,1,2,3,0
נ״ע,נוחו עדן,8,wiktionary,2,2,2,0
נ״ר,נר ראשון (של חנוכה),121,wiktionary,1,8,0,0
נ״ר,נטע רבעי,82,wiktionary,2,8,3,0
נ״ר,נביאים ראשונים,61,wiktionary,3,8,3,0
נ״ר,נחת רוח,52,wiktionary,4,8,3,0
נ״ר,נפש רוח,21,wiktionary,5,8,0,0
נ״ר,נקבה רבים,9,wiktionary,6,8,1,0
נ״ר,ניירות רכישה,0,wiktionary,7,8,0,0
נ״ר,נסמך רבים,0,wiktionary,8,8,0,0
סאפ,בוב סאפ,10,wikipedia,1,7,0,0
סאפ,סאפ לאבס ישראל,4,wikipedia,2,7,0,0
סאפ,SAP (חברה),3,wikipedia,3,7,4,3
סאפ,סאפ (גלישה),3,wikipedia,4,7,2,2
סאפ,SAP (חומר),2,wikipedia,5,7,0,0
סאפ,SAP (מפלגה),2,wikipedia,6,7,0,0
סאפ,Sap (אלבום),2,wikipedia,7,7,0,0
סג״ל,סגן לויה,7,wiktionary,1,5,0,0
סג״ל,סגידה לאל,1,wiktionary,2,5,2,0
סג״ל,סגולת לויים,0,wiktionary,3,5,0,0
סג״ל,סגן לויים,0,wiktionary,4,5,0,0
סג״ל,סגן לכהונה (לכוהן),0,wiktionary,5,5,0,0
סד״א,סדר דין אזרחי,53,wiktionary,1,2,2,0
סד״א,סלקא דעתך אמינא,1,wiktionary,2,2,0,0
סד״ג,סדר גודל,244,wiktionary,1,2,3,0
סד״ג,סירת דייג,1,wiktionary,2,2,0,0
סד״פ,סדר דין פלילי,62,wiktionary,1,2,0,0
סד״פ,סדר פעולות,45,wiktionary,2,2,3,0
סה״מ,ספר המאמרים,20,wiktionary,1,2,3,0
סה״מ,סיוע התיישבותי מותנה,0,wiktionary,2,2,0,0
סל״ש,סיביות לשנייה,20,wiktionary,1,4,3,0
סל״ש,סיבובים לשנייה,10,wiktionary,2,4,3,0
סל״ש,אנגלית: bps,0,wiktionary,3,4,0,0
סל״ש,אנגלית: rps,0,wiktionary,4,4,0,0
סמב״ס,סגן מפקד בסיס,24,wiktionary,1,2,1,0
סמב״ס,סתם מסתובב בבסיס,0,wiktionary,2,2,0,0
סמ״ט,סימן טוב,608,wiktionary,1,3,3,0
סמ״ט,סגן מפקד טייסת,42,wiktionary,2,3,3,0
סמ״ט,סור מרע ועשה טוב,16,wiktionary,3,3,2,0
סמ״ק,ספר מצוות קטן,24,wiktionary,1,2,3,0
סמ״ק,סנטימטר מעוקב,9,wiktionary,2,2,3,0
סמ״ר,סמל ראשון,336,wikipedia,1,3,6,3
סמ״ר,ספינת משמר,78,wikipedia+wiktionary,2,3,3,0
סמ״ר,סנטימטר רבוע,12,wikipedia+wiktionary,3,3,3,0
סמ״ש,סימון שבילים,36,wiktionary,1,2,3,0
סמ״ש,סמל שני,23,wiktionary,2,2,1,0
ס״א,ספרים אחרים,227,wiktionary,1,2,3,0
ס״א,סיטרא אחרא (צד אחר),0,wiktionary,2,2,0,0
ס״ב,סודי ביותר,221,wiktionary,1,2,3,0
ס״ב,ספרת ביקורת,27,wiktionary,2,2,3,0
ס״ג,סירת גומי,45,wiktionary,1,2,2,0
ס״ג,סנהדרין גדולה,17,wiktionary,2,2,3,0
ס״ד,סוף דבר,210,wiktionary,1,5,3,0
ס״ד,סוציאל דמוקרטי,124,wiktionary,2,5,0,0
ס״ד,ספרא דצניעותא,26,wiktionary,3,5,2,0
ס״ד,סייעתא דשמיא (עזרת השם),0,wiktionary,4,5,0,0
ס״ד,סלקא דעתך (= עולה ב/על דעתך),0,wiktionary,5,5,0,0
ס״ט,סימן טוב,608,wiktionary,1,4,3,0
ס״ט,ספרדי טהור,12,wiktionary,2,4,3,0
ס״ט,סופו טוב (סיפיה טב),0,wiktionary,3,4,0,0
ס״ט,סינא טינא (עפר ואפר),0,wiktionary,4,4,0,0
ס״ל,ספריה לאומית,4,wiktionary,1,3,1,0
ס״ל,"סבירא ליה ( הוא סבור, מסתבר לו)",0,wiktionary,2,3,0,0
ס״ל,סמיך ליה (ארמית:סמוך לו),0,wiktionary,3,3,0,0
ס״מ,סנטימטר,3316,wiktionary,1,4,6,3
ס״מ,סגן מפקד,2032,wiktionary,2,4,1,0
ס״מ,סמאל,83,wiktionary,3,4,3,0
ס״מ,סטרא דמסאבותא,0,wiktionary,4,4,0,0
ס״ס,סוף-סוף,2089,wiktionary,1,3,0,0
ס״ס,סוף סימן־,122,wiktionary,2,3,0,0
ס״ס,ספק ספיקא,21,wiktionary,3,3,3,0
ס״ת,ספר תורה,868,wiktionary,1,2,3,0
ס״ת,סופי תיבות,6,wiktionary,2,2,2,0
עב״ג,עם בחיר/ת גורלו/ה,0,wiktionary,1,2,0,0
עב״ג,"עם בן גילה, עם בת גילו",0,wiktionary,2,2,0,0
עב״ל,עם בחיר/ת לבה/ו,0,wiktionary,1,2,0,0
עב״ל,עם בן/בת לוייתו/לוייתה,0,wiktionary,2,2,0,0
עב״ס,ערך בסיכון,6,wiktionary,1,2,0,0
עב״ס,עבודות בסיס,1,wiktionary,2,2,0,0
עד״מ,עד מדינה,124,wiktionary,1,2,3,0
עד״מ,על דרך משל,8,wiktionary,2,2,2,0
עה״ש,עלות השחר,709,wiktionary,1,2,3,0
עה״ש,עליו השלום,101,wiktionary,2,2,1,0
עה״ת,(חיבור פרשני) על התורה,0,wiktionary,1,2,0,0
עה״ת,ערך היסק תחתון,0,wiktionary,2,2,0,0
עו״ש,בהשאלה עובר אורח ברחוב או בכל מקום ציבורי,0,wiktionary,1,2,0,0
עו״ש,עוֹבֵר וָשָׁב.(סוג חשבון בנק),0,wiktionary,2,2,0,0
עז״ה,על זה הדרך,10,wiktionary,1,2,3,0
עז״ה,על זה הכוונה,0,wiktionary,2,2,0,0
עכו״ם,עבודה זרה,1166,wikipedia,1,6,5,2
עכו״ם,גוי,704,wikipedia,2,6,4,1
עכו״ם,פגניות,169,wikipedia,3,6,3,0
עכו״ם,הלכות הרחקה מגויים,18,wikipedia,4,6,3,2
עכו״ם,עבודת כוכבים ומזלות,4,wiktionary,5,6,1,0
עכו״ם,עובד כוכבים ומזלות (גויים ונכרים עובדי אלילים),0,wiktionary,6,6,0,0
עמ״ט,עבודת מטה,120,wiktionary,1,2,3,0
עמ״ט,עתודה מדעית טכנולוגית,6,wiktionary,2,2,1,0
עמ״י,עם ישראל,8275,wiktionary,1,3,3,0
עמ״י,עזר מ'ציון,0,wiktionary,2,3,0,0
עמ״י,עמותת 'מושתלים ישראלים,0,wiktionary,3,3,0,0
עמ״נ,על-מנת,46031,wiktionary,1,2,0,0
עמ״נ,עתודת מיקוש ניידת,0,wiktionary,2,2,0,0
עמ״ש,עמוד השדרה,823,wiktionary,1,3,3,0
עמ״ש,ערעור משפחה,2,wiktionary,2,3,0,0
עמ״ש,ערעור מס שבח,1,wiktionary,3,3,0,0
ענ״א,עיבוד נתונים אוטומטי,5,wiktionary,1,2,1,0
ענ״א,עיבוד נתונים אלקטרוני,3,wiktionary,2,2,0,0
ערעור,אי הסכמה עם טענה,0,wiktionary,1,2,0,0
ערעור,"עקירת יסודות, ביטול יציבות של דבר עומד",0,wiktionary,2,2,0,0
ע״א,עבודת אלילים,153,wiktionary,1,4,3,0
ע״א,עובד אלילים,40,wiktionary,2,4,3,0
ע״א,עפר ואפר,35,wiktionary,3,4,3,0
ע״א,ערעור אזרחי,14,wiktionary,4,4,2,0
ע״ב,על בסיס,15609,wiktionary,1,4,3,0
ע״ב,עבודת-בית,65,wiktionary,2,4,0,0
ע״ב,ערעור בחירות,10,wiktionary,3,4,3,0
ע״ב,העמוד השמאלי בדף גמרא,0,wiktionary,4,4,0,0
ע״ג,על גבי,12046,wiktionary,1,2,4,1
ע״ג,עבודת גילולים,2,wiktionary,2,2,0,0
ע״ד,על דרך,1953,wiktionary,1,4,3,0
ע״ד,על דעת,1300,wiktionary,2,4,3,0
ע״ד,עריכת דין,318,wiktionary,3,4,3,0
ע״ד,על דבר/דברי,0,wiktionary,4,4,0,0
ע״ה,עם הארץ,206,wiktionary,1,3,3,0
ע״ה,עליו הראיה,105,wiktionary,2,3,3,0
ע״ה,עליו/עליה השלום,0,wiktionary,3,3,0,0
ע״ז,על זה,2841,wiktionary,1,2,3,0
ע״ז,עבודה זרה,1166,wiktionary,2,2,3,0
ע״ח,על חשבון,3365,wiktionary,1,2,3,0
ע״ח,עץ חיים,1004,wiktionary,2,2,3,0
ע״י,על ידי,215915,wiktionary,1,3,5,2
ע״י,על יד,3106,wiktionary,2,3,3,0
ע״י,עַם ישראל,18,wiktionary,3,3,3,0
ע״כ,על כך,27984,wiktionary,1,4,3,0
ע״כ,על כן,6975,wiktionary,2,4,3,0
ע״כ,עד כאן,410,wiktionary,3,4,3,0
ע״כ,"על כורחך, (על כורחי, על כורחו)",0,wiktionary,4,4,0,0
ע״מ,על מנת,46031,wiktionary,1,2,3,0
ע״מ,עוסק מורשה,12,wiktionary,2,2,3,0
ע״נ,עזרת נשים,277,wiktionary,1,4,3,0
ע״נ,ערך נקוב,81,wiktionary,2,4,3,0
ע״נ,עילוי נשמה,7,wiktionary,3,4,3,0
ע״נ,עונת נדרים,1,wiktionary,4,4,0,0
ע״ס,על סמך,5878,wiktionary,1,4,3,0
ע״ס,על סך,1063,wiktionary,2,4,3,0
ע״ס,עבודה סוציאלית,449,wiktionary,3,4,3,0
ע״ס,עשר ספירות,22,wiktionary,4,4,0,0
ע״ע,ערך עצמי,177,wiktionary,1,4,3,0
ע״ע,עיין ערך,86,wiktionary,2,4,3,0
ע״ע,עבודה עצמית,63,wiktionary,3,4,3,0
ע״ע,ערעור עבודה,1,wiktionary,4,4,0,0
ע״פ,על פי,90011,wiktionary,1,5,5,2
ע״פ,על פניו,1396,wiktionary,2,5,3,0
ע״פ,על פה,103,wiktionary,3,5,4,1
ע״פ,ערעור פלילי,18,wiktionary,4,5,2,0
ע״פ,עושה פסים (=סרגל),0,wiktionary,5,5,0,0
ע״ר,עזרה ראשונה,511,wiktionary,1,3,3,0
ע״ר,עמותה רשומה,150,wiktionary,2,3,4,1
ע״ר,עיתון רשמי,68,wiktionary,3,3,3,0
ע״ש,על שום,902,wiktionary,1,5,4,1
ע״ש,עמוד השדרה,823,wiktionary,2,5,6,3
ע״ש,ערב שבת,258,wiktionary,3,5,3,0
ע״ש,עיין שם,32,wiktionary,4,5,0,0
ע״ש,עיקר שכחתי,8,wiktionary,5,5,3,0
פא״י,פחות או יותר,1349,wiktionary,1,3,3,0
פא״י,פועלי אגודת ישראל,302,wiktionary,2,3,3,0
פא״י,פועלי ארץ ישראל,189,wiktionary,3,3,3,0
פו״ם,פיקוד ומטה,635,wiktionary,1,4,0,0
פו״ם,פוליטיקה וממשל,219,wiktionary,2,4,0,0
פו״ם,המכללה הבין זרועית לפיקוד ולמטה,207,wiktionary,3,4,1,0
פו״ם,פלוגות מיוחדות,5,wiktionary,4,4,3,0
פו״ש,פיקוד ושליטה,206,wiktionary,1,2,3,0
פו״ש,יחידות בהגנה 1937-1939,0,wiktionary,2,2,0,0
פז״ם,פרק זמן ממושך,38,wiktionary,1,2,3,0
פז״ם,פרק זמן מינימלי,14,wiktionary,2,2,3,0
פח״מ,פחמימות,527,wiktionary,1,2,3,0
פח״מ,פעימות חדריות מוקדמות,2,wiktionary,2,2,0,0
פל״א,פה לאוזן,2,wiktionary,1,2,1,0
פל״א,פקדונות לזמנים ארוכים,0,wiktionary,2,2,0,0
פל״ם,פטרול לוחם,9,wiktionary,1,2,0,0
פל״ם,פלוגת ממתינים,1,wiktionary,2,2,0,0
פמ״א,פנים מאירות (ספר),0,wiktionary,1,2,0,0
פמ״א,פרח מטה אהרן (ספר),0,wiktionary,2,2,0,0
פס״ד,פסידא דלקוחות,1,wiktionary,1,2,0,0
פס״ד,פסק(י) דין,0,wiktionary,2,2,0,0
פס״ר,פסיק רישא,91,wiktionary,1,2,3,0
פס״ר,פסיקתא רבתי,61,wiktionary,2,2,3,0
פר״ח,פרי חדש,130,wiktionary,1,3,3,0
פר״ח,פרויקט חונכות,16,wiktionary,2,3,0,0
פר״ח,פירש רבנו חננאל,0,wiktionary,3,3,0,0
פ״א,פעם אחת,5477,wiktionary,1,11,3,0
פ״א,פה אחד,2240,wiktionary,2,11,3,0
פ״א,פרקי אבות,284,wiktionary,3,11,3,0
פ״א,פרה אדומה,193,wiktionary,4,11,3,0
פ״א,פירוש אחר,124,wiktionary,5,11,3,0
פ״א,פגישה אישית,57,wiktionary,6,11,3,0
פ״א,פרא אדם,45,wiktionary,7,11,3,0
פ״א,פלוני אלמוני,16,wiktionary,8,11,2,0
פ״א,פולינום אופייני,13,wiktionary,9,11,3,0
פ״א,פרקי אליהו,6,wiktionary,10,11,1,0
פ״א,פרוטה אחרונה,0,wiktionary,11,11,0,0
פ״ג,פעילות גופנית,619,wiktionary,1,3,3,0
פ״ג,פרויקט גמר,49,wiktionary,2,3,3,0
פ״ג,פרק/פסוק/פרשה ג',0,wiktionary,3,3,0,0
פ״ד,פרק רביעי,292,wiktionary,1,2,2,0
פ״ד,פסק(י) דין,0,wiktionary,2,2,0,0
פ״ח,פיתוחי חותם,14,wiktionary,1,2,2,0
פ״ח,פרטי חקירה,5,wiktionary,2,2,3,0
פ״נ,פה נטמן,37,wiktionary,1,2,2,0
פ״נ,פדיון נפש,21,wiktionary,2,2,3,0
פ״ע,פגישת עבודה,28,wiktionary,1,4,3,0
פ״ע,פועל עומד,13,wiktionary,2,4,3,0
פ״ע,פונקציה עצמית,10,wiktionary,3,4,3,0
פ״ע,פה עירנו,3,wiktionary,4,4,0,0
פ״ק,פרק קמא,5,wiktionary,1,3,0,0
פ״ק,פקודת קבע,4,wiktionary,2,3,3,0
פ״ק,פרופיל קרבי,4,wiktionary,3,3,1,0
פ״ש,פדיון שבויים,155,wiktionary,1,5,3,0
פ״ש,פרשת שבוע,85,wiktionary,2,5,3,0
פ״ש,פקיד שומה,53,wiktionary,3,5,1,0
פ״ש,פת שחרית,10,wiktionary,4,5,3,0
פ״ש,פריסת שלום,4,wiktionary,5,5,1,0
צב״י,צדיק באמונתו יחיה,9,wiktionary,1,3,1,0
צב״י,צרכני בריאות ישראל,1,wiktionary,2,3,0,0
צב״י,צעיר באלפי ישראל,0,wiktionary,3,3,0,0
צח״מ,צוות חקירה מיוחד,108,wiktionary,1,3,0,0
צח״מ,צריכת חמצן מרבית,6,wiktionary,2,3,2,0
צח״מ,צוות חטיבתי משוריין,1,wiktionary,3,3,0,0
צל״ח,צלום חזה,0,wiktionary,1,2,0,0
צל״ח,רבי' יחזקאל לנדא - על שם ספרו - ציון לנפש חיה,0,wiktionary,2,2,0,0
צק״ר,צחק בקול רם,3,wiktionary,1,3,3,0
צק״ר,ציוד קשר רדיו,1,wiktionary,2,3,0,0
צק״ר,ציון קצונה ראשוני,0,wiktionary,3,3,0,0
צ״ל,צריך להיות,2888,wiktionary,1,4,3,0
צ״ל,צריך לומר,131,wiktionary,2,4,3,0
צ״ל,צריך להוכיח,61,wiktionary,3,4,3,0
צ״ל,צריך להראות,50,wiktionary,4,4,3,0
צ״ס,ציונים סוציאליסטים,115,wiktionary,1,3,0,0
צ״ס,צירוף סל,1,wiktionary,2,3,0,0
צ״ס,צרת סוטה,0,wiktionary,3,3,0,0
צ״ק,צוות קרקע,80,wiktionary,1,2,3,0
צ״ק,ציוד קרקע,9,wiktionary,2,2,1,0
קא״ם,קורס אימון מבצעי,21,wikipedia,1,3,2,0
קא״ם,קורס אימון מתקדם,14,wikipedia,2,3,3,0
קא״ם,קצין אקדמאי מיוחד,4,wikipedia,3,3,0,0
קב״מ,קבלן משנה,45,wiktionary,1,2,3,0
קב״מ,קרינה בלתי מייננת,22,wiktionary,2,2,3,0
קב״ר,קבלן ראשי,16,wiktionary,1,2,3,0
קב״ר,קצין בינה רשתית,10,wiktionary,2,2,2,0
קב״ש,קבלת שבת,225,wiktionary,1,3,3,0
קב״ש,קילובייט לשנייה,5,wiktionary,2,3,2,0
קב״ש,קצין ביטחון שדה,1,wiktionary,3,3,1,0
קג״מ,קילוגרם מסה,3,wiktionary,1,2,0,0
קג״מ,קנין גמור,2,wiktionary,2,2,1,0
קו״ח,אנגלית,60992,wiktionary,1,5,3,0
קו״ח,קורות חיים,10290,wiktionary,2,5,3,0
קו״ח,קל וחומר,224,wiktionary,3,5,3,0
קו״ח,קול חתן,19,wiktionary,4,5,0,0
קו״ח,קודם חורבן,6,wiktionary,5,5,0,0
קו״נ,קולנוע,41634,wiktionary,1,3,3,0
קו״נ,קב ונקי,48,wiktionary,2,3,3,0
קו״נ,קורבן נתנאל,2,wiktionary,3,3,0,0
קמ״א,קורס מפקדי איסוף,1,wiktionary,1,2,0,0
קמ״א,קצין מקצועי אקדמי,1,wiktionary,2,2,1,0
קמ״ט,קצין מטה,157,wikipedia+wiktionary,1,3,3,0
קמ״ט,קורס מפקדי טנקים,129,wikipedia+wiktionary,2,3,3,0
קמ״ט,קצין מיון טרומי,0,wiktionary,3,3,0,0
קמ״ש,קילומטרים לשעה,164,wiktionary,1,3,3,0
קמ״ש,קצין משמרת,41,wiktionary,2,3,3,0
קמ״ש,קצין משפטים,7,wiktionary,3,3,3,0
קנ״מ,קנה-מידה,443,wiktionary,1,2,0,0
קנ״מ,קבוצת ניצול משאבים,0,wiktionary,2,2,0,0
קפ״ל,קפיצה לגובה,647,wiktionary,1,2,3,0
קפ״ל,קפיצה לרוחק,533,wiktionary,2,2,3,0
קצא״א,קו צינור אילת-אשקלון,82,wikipedia,1,3,6,3
קצא״א,דליפת הנפט בשמורת עברונה,14,wikipedia,2,3,4,3
קצא״א,חברת קו צינור אירופה אסיה,7,wikipedia,3,3,2,0
קק״ל,קרן קיימת לישראל,743,wikipedia,1,2,6,3
קק״ל,קילו קלוריה,3,wikipedia,2,2,0,0
קק״צ,קורס קצינים,819,wiktionary,1,2,3,0
קק״צ,קורס קדם צבאי,9,wiktionary,2,2,1,0
קרוב״ץ,קרובות,21834,wiktionary,1,2,3,0
קרוב״ץ,קול רִנה וישועה באהלי צדיקים,0,wiktionary,2,2,0,0
קרפ״ח,קצין רפואה חילי,7,wiktionary,1,2,0,0
קרפ״ח,קצין רפואה חטיבתי,4,wiktionary,2,2,1,0
קש״ב,משפט קנטור-שרדר-ברנשטיין,16,wiktionary,1,2,3,0
קש״ב,קצין שיפוט בכיר,8,wiktionary,2,2,3,0
ק״א,קריית ארבע,454,wiktionary,1,2,3,0
ק״א,קרב־אוויר,126,wiktionary,2,2,0,0
ק״ו,קל וחומר,224,wiktionary,1,2,3,0
ק״ו,קצר וקולע,14,wiktionary,2,2,1,0
ק״ל,קשה לי,143,wiktionary,1,3,3,0
ק״ל,קל להבין,50,wiktionary,2,3,3,0
ק״ל,קיימא לן (מוחזק לנו),0,wiktionary,3,3,0,0
ק״נ,קרבן נתנאל,17,wikipedia,1,2,0,0
ק״נ,150 (מספר),7,wikipedia,2,2,0,0
ק״פ,קורבן פסח,78,wikipedia,1,2,3,0
ק״פ,180 (מספר),3,wikipedia,2,2,0,0
ק״צ,קופת צדקה,34,wiktionary,1,2,2,0
ק״צ,קרבן ציבור,7,wiktionary,2,2,1,0
ק״ק,קרקע-קרקע,335,wiktionary,1,3,3,0
ק״ק,קהילת קודש,29,wiktionary,2,3,1,0
ק״ק,קודשי קדשים,4,wiktionary,3,3,3,0
ק״ש,קריית שמונה,7798,wikipedia,1,3,3,0
ק״ש,קריאת שמע,593,wikipedia+wiktionary,2,3,3,0
ק״ש,קדיש שלם,5,wiktionary,3,3,2,0
ראב״ד,ראש בית דין או ראש אבות בתי דין,1,wikipedia,1,2,0,0
ראב״ד,שם משפחה נפוץ אצל יהדות יוצאי אירופה,0,wiktionary,2,2,0,0
ראב״ן,אליעזר בן נתן,212,wikipedia,1,3,3,0
ראב״ן,אברהם בן נתן הירחי,25,wikipedia,2,3,1,0
ראב״ן,חיבורו של רבי אליעזר בן נתן,1,wikipedia,3,3,0,0
ראב״ע,רבי אלעזר בן עזריה,236,wiktionary,1,2,3,0
ראב״ע,מגדולי המלומדים והמשוררים היהודיים,0,wiktionary,2,2,0,0
רא״ם,רבי אליעזר ממיץ,167,wikipedia,1,6,2,0
רא״ם,רבי אברהם מרדכי אלתר,84,wikipedia,2,6,3,0
רא״ם,רבי אליהו מני,40,wikipedia,3,6,2,0
רא״ם,רבי אליהו מזרחי,34,wikipedia,4,6,2,0
רא״ם,רבי יוסף אבן מיגאש,16,wikipedia,5,6,3,0
רא״ם,הרב אליעזר מאיר ליפשיץ,8,wikipedia,6,6,2,0
רא״מ,רבי אליעזר ממיץ,167,wiktionary,1,2,2,0
רא״מ,רבי אהרון משה טאובס מיאסי,0,wiktionary,2,2,0,0
רא״ת,ראשי תיבות,3551,wiktionary,1,2,0,0
רא״ת,רכז אמצעי תקשוב,1,wiktionary,2,2,1,0
רב״ץ,רב צבאי,77,wiktionary,1,2,3,0
רב״ץ,הרבנות הצבאית הראשית,21,wiktionary,2,2,3,0
רדב״ז,רבי דוד בן זכאי,2,wiktionary,1,2,1,0
רדב״ז,רבי דוד בן זמרא (1479–1573),0,wiktionary,2,2,0,0
רה״ק,רוח הקודש,852,wiktionary,1,2,3,0
רה״ק,רבותינו הקדושים,12,wiktionary,2,2,0,0
רו״מ,רבי ומורי,9,wiktionary,1,2,2,0
רו״מ,רום מעלתו,3,wiktionary,2,2,3,0
רח״ל,רחמנא ליצלן,30,wiktionary,1,2,3,0
רח״ל,ראש חוליה,4,wiktionary,2,2,0,0
ריב״א,רבי יצחק בן אברהם מנרבונה,42,wikipedia,1,5,0,0
ריב״א,רבי יצחק בן אברהם משאנץ,3,wikipedia,2,5,0,0
ריב״א,רבי יצחק בן אשר הלוי השני,2,wikipedia,3,5,0,0
ריב״א,רבי יצחק בן אשר הלוי משפיירא,2,wikipedia,4,5,0,0
ריב״א,רבי יהודה בן אליעזר מטרואה,1,wikipedia,5,5,0,0
ריב״ל,רבי יהושע בן לוי,246,wikipedia,1,4,3,0
ריב״ל,יצחק בר לווינזון,30,wikipedia,2,4,1,0
ריב״ל,אבי תנועת ההשכלה ברוסיה,0,wiktionary,3,4,0,0
ריב״ל,אמורא ארץ ישראלי בן הדור הראשון לאמוראים,0,wiktionary,4,4,0,0
ריב״ש,ר' ישראל בעל שם,17,wikipedia,1,9,0,0
ריב״ש,ר' יוסף בכור שור,14,wikipedia,2,9,0,0
ריב״ש,רבי יצחק בר ששת,11,wiktionary,3,9,1,0
ריב״ש,מחכמי יהדות תימן,8,wiktionary,4,9,0,0
ריב״ש,"הבעל שם טוב, מייסד תנועת החסידות",6,wiktionary,5,9,3,0
ריב״ש,ר' יחיא בן שלום חבשוש,1,wikipedia,6,9,0,0
ריב״ש,ר' יצחק בן ר' שמואל,1,wikipedia,7,9,0,0
ריב״ש,ר' יצחק בן שלמה מטולידו,1,wikipedia,8,9,0,0
ריב״ש,מבעלי התוספות שחי בצרפת במאה ה-12,0,wiktionary,9,9,0,0
רי״א,רבי יצחק אברבנאל,79,wikipedia,1,8,3,0
רי״א,רבי יצחק אבוהב,53,wikipedia,2,8,3,0
רי״א,רבי יוסף אלבו,38,wikipedia,3,8,3,0
רי״א,רבי יצחק אבוהב (גאון קסטיליה),22,wikipedia,4,8,1,0
רי״א,רבי יצחק אבוהב דה-פונסיקה,7,wikipedia,5,8,1,0
רי״א,211 (מספר),5,wikipedia,6,8,0,0
רי״א,רבי יהוסף אשכנזי,4,wikipedia,7,8,3,0
רי״א,רבי יצחק אבוהב (מנורת המאור),2,wikipedia,8,8,0,0
רל״א,רופאים לזכויות אדם,125,wikipedia,1,2,3,0
רל״א,ראש להק האוויר בחיל האוויר הישראלי,1,wikipedia,2,2,0,0
רמא״ג,רמת אביב ג',68,wikipedia,1,2,0,0
רמא״ג,מרדכי אהרן גינצבורג (1795,2,wikipedia,2,2,0,0
רמב״ם,משנה תורה,1942,wikipedia,1,4,3,0
רמב״ם,ר' משה בן מימון,5,wikipedia,2,4,0,0
רמב״ם,המרכז הרפואי מיימונידיס,3,wikipedia,3,4,0,0
רמב״ם,הקריה הרפואית לבריאות האדם – בית חולים בחיפה,1,wikipedia,4,4,0,0
רמ״א,שנה עברית,1809,wikipedia,1,5,1,0
רמ״א,ראש המנהל האזרחי,78,wikipedia,2,5,3,0
רמ״א,ראש המפקדה הארצית,58,wikipedia,3,5,3,0
רמ״א,רבי משה איסרליש,49,wikipedia,4,5,2,0
רמ״א,רפאל משה אלבז,19,wikipedia,5,5,3,0
רמ״ד,ראש מדור,224,wikipedia,1,4,3,0
רמ״ד,רבי משה די ליאון,10,wikipedia,2,4,3,0
רמ״ד,רבי משה דוד ואלי,4,wikipedia,3,4,0,0
רמ״ד,רבי משה מדסאו,1,wikipedia,4,4,0,0
רמ״ז,רבי משה זכות,33,wiktionary,1,2,3,0
רמ״ז,ר' משה זיידל,0,wiktionary,2,2,0,0
רמ״ח,ראש מחלקה,116,wiktionary,1,2,3,0
רמ״ח,מספר האיברים בגוף האדם,0,wiktionary,2,2,0,0
רמ״ך,משה הכהן אבן ג'יקטילה,52,wikipedia,1,4,0,0
רמ״ך,כלפון משה הכהן,46,wikipedia,2,4,2,0
רמ״ך,רבי מלאכי הכהן,16,wikipedia,3,4,3,0
רמ״ך,רבי משה הכהן מלוניל,4,wikipedia,4,4,0,0
רמ״ק,רמקול קטן,7,wiktionary,1,2,3,0
רמ״ק,רבי משה קורדברו,0,wiktionary,2,2,0,0
רס״ג,רבי סעדיה גאון,81,wiktionary,1,2,2,0
רס״ג,רב סמל גדודי,2,wiktionary,2,2,0,0
רע״א,רבי עקיבא אייגר,13,wiktionary,1,2,1,0
רע״א,רשות ערעור אזרחי,3,wiktionary,2,2,0,0
רע״ם,"רימון רסס, עשן, מטען",0,wiktionary,1,4,0,0
רע״ם,ריענון ערכות מגן,0,wiktionary,2,4,0,0
רע״ם,רפואה עורפית מתקדמת,0,wiktionary,3,4,0,0
רע״ם,שמו של האיחוד* בין סוריה למצרים בין השנים 1958 לבין 1961,0,wiktionary,4,4,0,0
רע״מ,הרשימה הערבית המאוחדת,73,wikipedia,1,5,3,0
רע״מ,ריצודי עיניים מהירים,8,wiktionary,2,5,2,0
רע״מ,רקטה עתירת משקל,8,wikipedia,3,5,1,0
רע״מ,הרשימה הערבית המאוחדת (הכנסת השמינית),4,wikipedia,4,5,0,0
רע״מ,רענון ערכות מגן,2,wikipedia,5,5,0,0
רפו״ש,רפואת שיניים,321,wiktionary,1,2,3,0
רפו״ש,רפואה שלמה,72,wiktionary,2,2,3,0
רשב״א,רבי שמעון בן אלעזר,202,wiktionary,1,4,3,0
רשב״א,רב שימי בר אשי,195,wiktionary,2,4,3,0
רשב״א,רבי שלמה בן אדרת,14,wiktionary,3,4,0,0
רשב״א,רבי שלמה בן אברהם (רבי שלמה מן ההר),0,wiktionary,4,4,0,0
רשב״ג,רבן שמעון בן גמליאל,297,wiktionary,1,2,3,0
רשב״ג,רבי שלמה אבן גבירול,101,wiktionary,2,2,3,0
רש״י,ר' שלמה יצחקי,6,wiktionary,1,2,0,0
רש״י,רחיים של יד,2,wiktionary,2,2,2,0
רש״ש,רבי שלום שבזי (1619,1,wikipedia,1,4,0,0
רש״ש,רבי שלום שרעבי (1720/1703,1,wikipedia,2,4,0,0
רש״ש,רבי שמואל שְׂטְרָאשׁוּן (1793,1,wikipedia,3,4,0,0
רש״ש,רבי שמעון שְׁקוֹפּ (1860,1,wikipedia,4,4,0,0
רש״ת,ראשי תיבות,3551,wiktionary,1,2,1,1
רש״ת,רשות שדות התעופה,302,wiktionary,2,2,4,1
ר״א,רבי אלעזר,1466,wiktionary,1,3,3,0
ר״א,רבי אליעזר,1345,wiktionary,2,3,3,0
ר״א,אלגברה ריבוי אלגברי,0,wiktionary,3,3,0,0
ר״ב,ראה בזאת,10,wiktionary,1,2,3,0
ר״ב,רצוף בזאת,0,wiktionary,2,2,0,0
ר״ג,רמת גן,6895,wiktionary,1,3,6,3
ר״ג,רבן גמליאל,555,wiktionary,2,3,3,0
ר״ג,מספר הוקטורים הבלתי-תלויים המתאימים לערך עצמי כלשהו,0,wiktionary,3,3,0,0
ר״ה,ראש השנה,2476,wiktionary,1,3,3,0
ר״ה,רב הונא,626,wiktionary,2,3,3,0
ר״ה,רשות הרבים,217,wiktionary,3,3,3,0
ר״ח,ראש חודש,598,wikipedia,1,2,3,0
ר״ח,רבנו חננאל,290,wikipedia,2,2,3,0
ר״י,רבי יצחק,3169,wiktionary,1,6,3,0
ר״י,רבי יהודה,3027,wiktionary,2,6,4,1
ר״י,רבי יהושע,1240,wiktionary,3,6,3,0
ר״י,רבי יוחנן,1021,wiktionary,4,6,3,0
ר״י,רבי יוסי,730,wiktionary,5,6,3,0
ר״י,רבי יודן,177,wiktionary,6,6,3,0
ר״ל,רבי שמעון בן לקיש,36,wiktionary,1,3,3,0
ר״ל,רחמנא ליצלן,30,wiktionary,2,3,3,0
ר״ל,ר(ו)צה לומר,0,wiktionary,3,3,0,0
ר״מ,רבי מאיר,1648,wikipedia+wiktionary,1,5,4,1
ר״מ,ראש ממשלה,1558,wikipedia+wiktionary,2,5,3,0
ר״מ,ריש מתיבתא,29,wikipedia,3,5,2,0
ר״מ,רב המלמד בישיבה,2,wikipedia,4,5,0,0
ר״מ,רַב מורה,0,wiktionary,5,5,0,0
ר״נ,רב נחמן,344,wikipedia+wiktionary,1,3,3,0
ר״נ,רישיון נהיגה,300,wiktionary,2,3,3,0
ר״נ,250 (מספר),8,wikipedia,3,3,0,0
ר״ע,רבי עקיבא,1118,wikipedia+wiktionary,1,4,3,0
ר״ע,ראש עיר,429,wiktionary,2,4,3,0
ר״ע,רבי עובדיה מברטנורה,17,wikipedia,3,4,3,0
ר״ע,270 (מספר),6,wikipedia,4,4,0,0
ר״ש,רבי שמעון,1833,wiktionary,1,2,3,0
ר״ש,רפואה שלמה,72,wiktionary,2,2,3,0
ר״ת,ראשי תיבות,3551,wikipedia+wiktionary,1,2,0,0
ר״ת,רבנו תם,671,wikipedia+wiktionary,2,2,3,0
שב״ד,שליחי בית דין,4,wiktionary,1,2,0,0
שב״ד,שופטי בית דין,0,wiktionary,2,2,0,0
שב״ח,שוהה בלתי חוקי,44,wiktionary,1,2,3,0
שב״ח,שימוש בלתי חוקי (בנשק),5,wiktionary,2,2,0,0
שב״י,שבטי ישראל,739,wiktionary,1,2,3,0
שב״י,שבטי יה,5,wiktionary,2,2,0,0
שב״ת,שינה בשבת תענוג,4,wiktionary,1,2,0,0
שב״ת,שיני בנים תקהינה,1,wiktionary,2,2,0,0
שד״ר,שדה ראיה,3,wiktionary,1,2,0,0
שד״ר,שְׁלוּחָא דְרַבָּנָן,2,wiktionary,2,2,0,0
שו״ב,שם משפחה יהודי,464,wikipedia,1,4,3,0
שו״ב,שליטה ובקרה,424,wikipedia+wiktionary,2,4,3,0
שו״ב,שיכון ובינוי,155,wikipedia,3,4,3,0
שו״ב,שוחט ובודק,75,wikipedia+wiktionary,4,4,3,0
שו״מ,שואל ומשיב,68,wiktionary,1,2,1,0
שו״מ,שלוש קהילות בגרמניה אשר עברו תלאות רבות בימי מסעי הצלב,0,wiktionary,2,2,0,0
שו״ס,שותף סוד,23,wiktionary,1,2,1,0
שו״ס,שותפות סוד,2,wiktionary,2,2,1,0
שו״ש,שווה שוקיים,121,wiktionary,1,3,0,0
שו״ש,שינויים ושיפורים,56,wiktionary,2,3,3,0
שו״ש,שמחה וששון,8,wiktionary,3,3,1,0
שח״ל,שמואל חיים לנדוי,21,wiktionary,1,4,3,0
שח״ל,שירות חלוצי לישראל,4,wiktionary,2,4,0,0
שח״ל,שירות חולי לב,3,wiktionary,3,4,0,0
שח״ל,שירות חירום לחולים,0,wiktionary,4,4,0,0
שח״ר,שירותי חינוך ורווחה,4,wiktionary,1,3,2,0
שח״ר,שיבוץ וחזרה לשירות,0,wiktionary,2,3,0,0
שח״ר,תנועה פוליטית שהוקמה בשלהי הכנסת ה-15,0,wiktionary,3,3,0,0
שכ״ט,שכר־טרחה,104,wiktionary,1,2,0,0
שכ״ט,שכר־טוראי,0,wiktionary,2,2,0,0
שליט״א,שיחיה לאורך ימים טובים אמן,4,wiktionary,1,4,0,0
שליט״א,"שיזכה לחיים (גם: לימים) יפים, טובים וארוכים",0,wiktionary,2,4,0,0
שליט״א,שיזכה לחיים יותר טובים אמן,0,wiktionary,3,4,0,0
שליט״א,שיזכה לימים טובים וארוכים,0,wiktionary,4,4,0,0
שמ״ע,(תפילת) שמונה עשרה,136,wiktionary,1,2,0,0
שמ״ע,שחרית מנחה ערבית,45,wiktionary,2,2,0,0
שנ״צ,שינוי צורה,252,wiktionary,1,2,3,0
שנ״צ,שנת צוהריים,1,wiktionary,2,2,0,0
שע״ח,שעת חירום,211,wiktionary,1,2,3,0
שע״ח,שער חליפין,154,wiktionary,2,2,3,0
שע״י,שעל יד,439,wiktionary,1,2,3,0
שע״י,שלום על ישראל,54,wiktionary,2,2,3,0
שפ״ח,שפעת החזירים,56,wiktionary,1,2,3,0
שפ״ח,שירות פסיכולוגי חנוכי,0,wiktionary,2,2,0,0
שק״ד,שיקול דעת,670,wiktionary,1,4,3,0
שק״ד,שקיעת דם,21,wiktionary,2,4,3,0
שק״ד,שיקום דתי לאסיר,0,wiktionary,3,4,0,0
שק״ד,שיקלול דיפרנציאלי,0,wiktionary,4,4,0,0
שש״כ,שמירת שבת כהלכתה,61,wiktionary,1,2,3,0
שש״כ,שומר שבת כשרות,0,wiktionary,2,2,0,0
שת״פ,שיתוף פעולה,9198,wiktionary,1,2,3,0
שת״פ,שיעור תשואה פנימי,4,wiktionary,2,2,0,0
ש״ב,שמואל ב',531,wiktionary,1,5,0,0
ש״ב,שירות ביטחון,250,wiktionary,2,5,3,0
ש״ב,שלום בית,230,wiktionary,3,5,3,0
ש״ב,שבע ברכות,206,wiktionary,4,5,3,0
ש״ב,שיעורי בית,122,wiktionary,5,5,3,0
ש״ג,שומר גבול,8,wiktionary,1,4,1,0
ש״ג,שוטר גדודי,5,wiktionary,2,4,1,0
ש״ג,שער גבול,4,wiktionary,3,4,2,0
ש״ג,תורת הזרימה שכבת גבול,0,wiktionary,4,4,0,0
ש״ד,שיקול דעת,670,wiktionary,1,2,3,0
ש״ד,שפיכות דמים,474,wiktionary,2,2,3,0
ש״ה,שִׁיר הַיִּחוּד the Hymn of Unity,0,wiktionary,1,3,0,0
ש״ה,שִׁיר הַמַּעֲלוֹת Song of Degrees,0,wiktionary,2,3,0,0
ש״ה,שֵֹם הַמְפׂרָשׁ the Ineffable Name,0,wiktionary,3,3,0,0
ש״ז,שנה זו,3457,wiktionary,1,2,3,0
ש״ז,שמואל זנוויל (כהנא),32,wiktionary,2,2,0,0
ש״ח,ש.ח.,128,wikipedia,1,5,3,3
ש״ח,שקל חדש,123,wikipedia+wiktionary,2,5,6,3
ש״ח,שידור חוזר,85,wiktionary,3,5,3,0
ש״ח,שומר חינם,57,wikipedia+wiktionary,4,5,3,0
ש״ח,שטר חוב,51,wikipedia,5,5,3,0
ש״ט,שם טוב,2430,wiktionary,1,8,3,0
ש״ט,שעות טיסה,404,wiktionary,2,8,3,0
ש״ט,שנה טובה,319,wiktionary,3,8,3,0
ש״ט,שכר טרחה,104,wiktionary,4,8,3,0
ש״ט,שוחר טוב,51,wiktionary,5,8,3,0
ש״ט,שפע טל,19,wiktionary,6,8,3,0
ש״ט,שערי טומאה,8,wiktionary,7,8,0,0
ש״ט,שחיק טמיא,5,wiktionary,8,8,2,0
ש״י,שמואל יוסף (עגנון),175,wiktionary,1,4,3,3
ש״י,שומרון-יהודה,18,wiktionary,2,4,0,0
ש״י,שירות ידיעות,13,wiktionary,3,4,1,0
ש״י,ש (=השם) ישמרם,0,wiktionary,4,4,0,0
ש״ל,שירות לאומי,453,wiktionary,1,5,3,0
ש״ל,שושנים לדוד,39,wikipedia,2,5,2,0
ש״ל,שבח לאל,29,wiktionary,3,5,3,0
ש״ל,330 (מספר),1,wikipedia,4,5,0,0
ש״ל,שיבולי לקט או שיבולי הלקט,1,wikipedia,5,5,0,0
ש״מ,שם משפחה,2857,wiktionary,1,3,3,0
ש״מ,שמע מינא,0,wiktionary,2,3,0,0
ש״מ,תיאור כמות סופית,0,wiktionary,3,3,0,0
ש״ס,משנה,26429,wikipedia,1,8,6,3
ש״ס,תלמוד,6969,wikipedia,2,8,6,3
ש״ס,תלמוד בבלי,4240,wikipedia,3,8,4,3
ש״ס,תלמוד ירושלמי,1185,wikipedia,4,8,3,0
ש״ס,שחר סוויסה,27,wikipedia,5,8,3,0
ש״ס,שישה סדרים,8,wiktionary,6,8,3,0
ש״ס,שעה סמסטריאלית,1,wiktionary,7,8,0,0
ש״ס,שומרי תורה ספרדיים,0,wiktionary,8,8,0,0
ש״ע,שולחן ערוך,1956,wiktionary,1,5,3,0
ש״ע,שמונה עשרה,1061,wiktionary,2,5,3,0
ש״ע,שם עצם,224,wiktionary,3,5,3,0
ש״ע,שמיני עצרת,223,wiktionary,4,5,3,0
ש״ע,שנת-עבודה,39,wiktionary,5,5,0,0
ש״פ,שושן פורים,778,wiktionary,1,4,1,0
ש״פ,שם פרטי,618,wiktionary,2,4,3,0
ש״פ,שבת פרשת,89,wiktionary,3,4,3,0
ש״פ,שווה פרוטה,19,wiktionary,4,4,3,0
ש״צ,שליח ציבור,181,wiktionary,1,6,3,0
ש״צ,שבתאי צבי,83,wiktionary,2,6,2,0
ש״צ,שוטר צבאי,42,wiktionary,3,6,3,0
ש״צ,שמרהו צורו,3,wiktionary,4,6,0,0
ש״צ,שיעבוד צף,1,wiktionary,5,6,0,0
ש״צ,שתוק צעיר,0,wiktionary,6,6,0,0
ש״ק,שבת קודש,198,wiktionary,1,3,1,0
ש״ק,שליח קודש,0,wiktionary,2,3,0,0
ש״ק,שנת קציר,0,wiktionary,3,3,0,0
ש״ש,שנה שנייה,496,wiktionary,1,12,3,0
ש״ש,שנת שירות,232,wiktionary,2,12,4,1
ש״ש,שם שמים,77,wiktionary,3,12,3,0
ש״ש,שעות שבועיות,72,wiktionary,4,12,3,0
ש״ש,שבת שלום,69,wiktionary,5,12,3,0
ש״ש,שומר שכר,48,wiktionary,6,12,3,0
ש״ש,שב שמעתתא,36,wiktionary,7,12,3,0
ש״ש,שעת שינה,11,wiktionary,8,12,3,0
ש״ש,שעות שנתיות,5,wiktionary,9,12,1,0
ש״ש,שבועת שוא,2,wiktionary,10,12,0,0
ש״ש,שבלת שועל,2,wiktionary,11,12,0,0
ש״ש,שירות שקים,0,wiktionary,12,12,0,0
ש״ת,שמחת תורה,526,wiktionary,1,3,3,0
ש״ת,שבת תשובה,15,wiktionary,2,3,2,0
ש״ת,שה תמים,7,wiktionary,3,3,1,0
תא״מ,תאימות אלקטרומגנטית,9,wiktionary,1,2,3,0
תא״מ,תיק אזרחי בסדר דין מהיר,0,wiktionary,2,2,0,0
תד״ל,תובלת דרג לוחם,0,wiktionary,1,2,0,0
תד״ל,תיק דרך לחייל,0,wiktionary,2,2,0,0
תו״ח,תורת חיים,294,wikipedia,1,5,3,0
תו״ח,תורת חטאת,15,wikipedia,2,5,0,0
תו״ח,תוספות חדשים,5,wikipedia,3,5,0,0
תו״ח,תורת חיים על התורה מרבי חיים הגר,1,wikipedia,4,5,0,0
תו״ח,תורת חיים על התלמוד מרבי אברהם חיים שור,1,wikipedia,5,5,0,0
תו״ל,תורת לחימה,269,wiktionary,1,2,3,0
תו״ל,תום לב,198,wiktionary,2,2,3,0
תו״מ,תורה ומצוות,230,wiktionary,1,3,3,0
תו״מ,תרומות ומעשרות,175,wiktionary,2,3,3,0
תו״מ,תכף ומיד,8,wiktionary,3,3,1,0
תו״ת,תכנון ותקציבים,4,wiktionary,1,2,1,0
תו״ת,תדפיסים ותמונות,1,wiktionary,2,2,0,0
תל״ן,תוצר לאומי נקי,0,wiktionary,1,2,0,0
תל״ן,תכנית לימודים נוספת,0,wiktionary,2,2,0,0
תמ״א,תוכנית מתאר ארצית,81,wikipedia,1,2,5,2
תמ״א,תוספת מכסת אחוזים,1,wikipedia,2,2,0,0
תמ״ג,תהודה מגנטית גרעינית,84,wiktionary,1,2,3,0
תמ״ג,תוצר מקומי גולמי,82,wiktionary,2,2,4,1
תמ״ר,תסמונת המעי הרגיז,40,wiktionary,1,2,3,0
תמ״ר,תיק מרכז רפואי,0,wiktionary,2,2,0,0
תמ״ש,תיק משפטי,42,wiktionary,1,2,3,0
תמ״ש,תיק משפחה,3,wiktionary,2,2,1,0
תע״ל,תצוגה עילית,50,wiktionary,1,2,3,0
תע״ל,תנועה ערבית להתחדשות,7,wiktionary,2,2,0,0
תע״ס,תלמוד עשר הספירות,7,wiktionary,1,2,1,0
תע״ס,תקנון עבודה סוציאלית,2,wiktionary,2,2,0,0
תע״צ,תענית ציבור,77,wiktionary,1,2,1,0
תע״צ,תעודת עובד ציבור,0,wiktionary,2,2,0,0
תפ״א,תפוח אדמה,462,wiktionary,1,2,3,0
תפ״א,תא פוטואלקטרי,8,wiktionary,2,2,3,0
תפ״ח,תיק פשעים חמורים,1,wiktionary,1,2,0,0
תפ״ח,תיק פלילי חמור,0,wiktionary,2,2,0,0
תצ״א,תצלום אוויר,351,wiktionary,1,2,3,0
תצ״א,תיאוריית צו אלוהי (divine command theory),0,wiktionary,2,2,0,0
תת״מ,תת משקל,55,wiktionary,1,2,1,0
תת״מ,תהליך תופס מקום,4,wiktionary,2,2,1,0
ת״א,תל אביב,49129,wiktionary,1,7,6,3
ת״א,תפוח אדמה,462,wikipedia+wiktionary,2,7,3,0
ת״א,תרגום אונקלוס,211,wikipedia+wiktionary,3,7,3,0
ת״א,תיק אזרחי,12,wikipedia+wiktionary,4,7,1,0
ת״א,תחבושת אישית,5,wiktionary,5,7,3,0
ת״א,מדדים של הבורסה לניירות ערך בתל אביב,1,wikipedia,6,7,0,0
ת״א,תכנית אימונים,1,wiktionary,7,7,1,0
ת״ב,תשעה באב,1086,wiktionary,1,3,3,0
ת״ב,תעודת בגרות,476,wiktionary,2,3,3,0
ת״ב,תרגילי בית,2,wiktionary,3,3,1,0
ת״ד,תאונת דרכים,669,wiktionary,1,2,3,0
ת״ד,תיבת דואר,72,wiktionary,2,2,3,0
ת״ז,תעודת זהות,425,wiktionary,1,3,3,0
ת״ז,תרשים זרימה,46,wiktionary,2,3,3,0
ת״ז,תפוח זהב,44,wiktionary,3,3,3,0
ת״ח,תלמיד חכם,683,wiktionary,1,2,3,0
ת״ח,תענית חלום,4,wiktionary,2,2,3,0
ת״י,תקן ישראלי,64,wiktionary,1,2,4,2
ת״י,תרג(ו)ם יונתן,0,wiktionary,2,2,0,0
ת״ל,תלמוד לומר,92,wiktionary,1,2,2,0
ת״ל,תיפוק ליה,0,wiktionary,2,2,0,0
ת״ע,תוכנית עבודה,145,wiktionary,1,4,3,0
ת״ע,תוכן עניינים,121,wiktionary,2,4,3,0
ת״ע,תיק עבודה,3,wiktionary,3,4,2,0
ת״ע,תורה ועבודה (בני עקיבא),1,wiktionary,4,4,0,0
ת״פ,תחת פיקוד,1450,wiktionary,1,2,3,0
ת״פ,תיק פלילי,125,wiktionary,2,2,3,0
ת״צ,תובענה ייצוגית,316,wiktionary,1,2,3,0
ת״צ,תענית ציבור,77,wiktionary,2,2,1,0
ת״ק,תנא קמא,78,wiktionary,1,2,3,0
ת״ק,תביעות קטנות,27,wiktionary,2,2,3,0
ת״ש,תפילת שחרית,379,wiktionary,1,5,3,0
ת״ש,תקיעת שופר,174,wiktionary,2,5,3,0
ת״ש,תנאי שירות,53,wiktionary,3,5,3,0
ת״ש,תחנת שאיבה,43,wiktionary,4,5,3,0
ת״ש,בא שמע,1,wiktionary,5,5,0,0
ת״ת,תלמוד תורה,1402,wikipedia+wiktionary,1,4,3,0
ת״ת,תרומה תצוה,60,wiktionary,2,4,0,0
ת״ת,תומכי תורה,14,wikipedia,3,4,3,0
ת״ת,השנה ה-800 במניין השנים העבריות,1,wikipedia,4,4,0,0
