acronym,expansion_a,hits_a,expansion_b,hits_b,similarity,decision
"מל״ל","המוסד לביטוח לאומי",619,"מוסד לביטוח לאומי",3,0.971,merge
"מהר״ם","רבי מאיר איזנשטט",18,"רבי מאיר איזנשטטר",8,0.97,merge
"מד״ן","מספן המודיעין",79,"מספן מודיעין",13,0.96,merge
"מהר״ם","רבי משה מינץ",16,"רבי משה ממינץ",1,0.96,merge
"חקש״ב","חוקר שבויים",13,"חוקרת שבויים",0,0.957,keep
"חרל״פ","חייא ראש לגולי פורטוגל",1,"חייא ראש לגליל פורטוגל",0,0.955,
"יר״א","ירא אלוהים",15,"יראי אלוהים",11,0.952,keep
"ח״ן","חכמת הנסתר",11,"חכמת נסתר",3,0.947,merge
"כנלע״ד","כך נראה לעניות דעתי",0,"כן נראה לעניות דעתי",0,0.947,merge
"מדמ״ח","מדעי המחשב",1398,"מדעי מחשב",11,0.947,merge
"מהר״ם","מהר""ם ס""ל",132,"מהר""ם סג""ל",4,0.947,keep
"סמ״ר","סמל ראשון",336,"סמ""ל ראשון",0,0.947,merge
"פומ״ה","פורץ מכשולים הנדסי",7,"פורץ מכשולים הנדסיים",0,0.947,merge
"ר״א","רבי אלעזר",1466,"רבי אליעזר",1345,0.947,keep
"בדא״ח","בדרך אחרת",436,"בדרך אחת",39,0.941,keep
"יר״ש","יראת שמים",131,"ירא שמים",69,0.941,keep
"אחב״י","אחינו בית ישראל",21,"אחינו בני ישראל",21,0.933,keep
"מ״מ","מילימטר",1632,"מילי מטר",0,0.933,merge
"אס״ק","אווירת סוף קו",0,"אווירת סוף קורס",0,0.929,keep
"א״ל","אמר לו",1124,"אמר להו",33,0.923,merge
"רע״מ","הרשימה הערבית המאוחדת",73,"רשימה ערבית מאוחדת",10,0.923,merge
"כצ״ל","כך צריך לומר",0,"כן צריך לומר",0,0.917,merge
"מל״ל","משה לייב ליליינבלום",204,"משה ליב לילנבלום",1,0.914,merge
"נע״ג","נוחו עדן גן",0,"נחלו עדן גן",0,0.909,keep
"סל״ש","אנגלית: bps",0,"אנגלית: rps",0,0.909,keep
"ע״ג","על גבי",12046,"על גב",680,0.909,merge
"ע״י","על ידי",215915,"על יד",3106,0.909,keep
"ע״ס","על סמך",5878,"על סך",1063,0.909,keep
"קק״ל","קילו קלוריה",3,"קילו־קלוריה",3,0.909,merge
"יאע״ה","יעקב אבינו עליו השלום",4,"יצחק אבינו עליו השלום",1,0.905,keep
"מד״ח","משוואות דיפרנציאליות חלקיות",103,"משוואה דיפרנציאלית חלקית",56,0.902,keep
"א״א","אין אומרים",122,"אין אומרין",6,0.9,keep
"דב״ז","דברים זוטא",4,"דברים זוטי",1,0.9,keep
"ז״ק","זרע קדושים (שם משפחה)",0,"זרע קודש (שם משפחה)",0,0.9,keep
"מד״ס","מדריך ספורט",19,"מדי ספורט",3,0.9,keep
"סג״ל","סגולת לויים",0,"סגל לויים",0,0.9,merge
"מהרש״ק","מורנו הרב רבי שלמה קלוגר",0,"מורנו הרב רבי שלמה קרלינר",0,0.898,keep
"ממ״ק","מיליון מטר מעוקב",59,"מילימטר מעוקב",5,0.897,keep
"ריב״ש","רבי יצחק בר ששת",11,"ר' יצחק בר ששת",6,0.897,merge
"אב״ג","אוניברסיטת בן-גוריון",2313,"אוניברסיטת בן-גוריון בנגב",1758,0.889,merge
"אל״ם","אלוף משנה",2519,"אלוף-משנה",2519,0.889,merge
"ב״י","בני ישראל",2034,"בית ישראל",996,0.889,keep
"יט״א","יאט""א",577,"יט""א",31,0.889,keep
"מפמ״ר","מפקד מרכז",128,"מפקח מרכז",6,0.889,keep
"סג״ל","סגל לויים",0,"סגן לויים",0,0.889,keep
"א״בדב״ס","אלפא ביתא דבן סירא",20,"אלף בית דבן סירא",1,0.882,merge
"מס״ב","מרכז סליקה בנקאי",8,"מערכת סליקה בנקאית",1,0.882,keep
"עכת״ד","עד כאן תוכן דבריו",0,"עד כאן תורף דבריו",0,0.882,merge
"הכנ״ג","הכנסת הגדולה",50,"הכנסיה הגדולה",6,0.88,keep
"הרא״ה","הרב אברהם יצחק הכהן קוק",554,"רבי אברהם (יצחק) הכהן (קוק)",16,0.88,merge
"קס״ד","קא סלקא דעתיה",0,"קא סלקא דעתך",0,0.88,merge
"ב״ב","בני ברית",876,"בני ביתו",141,0.875,keep
"מלח״ם","המרכז לחקר מערות",36,"המדור לחקר מערות",2,0.875,merge
"קרפ״ח","קצין רפואה חילי",7,"קצין רפואה חטיבתי",4,0.875,keep
"חרל״פ","חייא ראש לבני פולין",0,"חייא ראש לגולי פולין",0,0.872,keep
"הועה״מ","הועד המרכזי",7,"הועדה המרכזת",2,0.87,keep
"ע״א","עבודת אלילים",153,"עובד אלילים",40,0.87,keep
"ריב״א","רבי יצחק בן אשר הלוי השני",2,"רבי יצחק בן אשר הלוי משפיירא",2,0.868,keep
"רמ״א","ראש להק מבצעי אוויר (בראשי תיבות: רמ""א)",1,"ראש מחלקת אוויר (בראשי תיבות: רמ""א)",1,0.865,keep
"a","לפני",94689,"לפי",79146,0.857,keep
"א״ל","אמר ליה",126,"אמר להו",33,0.857,keep
"א״ת","אל תאמר",124,"אם תאמר",11,0.857,keep
"ב״ק","שמואל בק (רב)",6,"שמואל בק (צייר)",4,0.857,keep
"חרל״פ","חייא ראש לגולי פורטוגל",1,"חייא ראש לגולי פולין",0,0.857,merge
"ח״ש","חיי שרה",206,"חיי שעה",13,0.857,keep
"לכ״א","לכל אחד",2842,"לכל אדם",1188,0.857,merge
"צ״ל","צריך להיות",2888,"צריך להראות",50,0.857,keep
"רא״ם","רבי אליהו מני",40,"רבי אליהו מזרחי",34,0.857,keep
"תמ״א","תמ""א 38",88,"תמ""א 35",40,0.857,keep
"מט״ש","מְכוֹן טִהוּר שְׁפָכִים",0,"מִתְקָן טִהוּר שְׁפָכִים",0,0.851,keep
"פלחה״ן","פלוגת חבלה והנדסה",6,"פלוגת חיל ההנדסה",0,0.848,merge
"קצא״א","קו צינור אילת-אשקלון",82,"חברת קו צינור אילת אשקלון",42,0.844,merge
"אב״ג","אברהם בר גוטלובר",43,"אברהם בר גוטלובר (1811",1,0.842,merge
"אה״ק","ארץ הקודש",537,"ארון הקודש",534,0.842,keep
"א״א","אדרת אליהו",84,"אמר אליהו",6,0.842,keep
"בעה״ב","בעלות הברית",5168,"בעל הבית",461,0.842,keep
"גב״ש","גבעת שמואל",793,"גבעת שאול",381,0.842,keep
"מב״ו","מלך בשר ודם",24,"מבשר ודם",5,0.842,keep
"פלס״ר","פלוגת סיור",98,"פלוגת סער",3,0.842,merge
"רה״ג","רב האי גאון",419,"רב הגאון",1,0.842,merge
"אש״ל","אכילה שתיה לינה",1,"אכילה שתיה ליווי",0,0.839,merge
"הועה״מ","הועדה המרכזת",2,"הועדה המסדרת",0,0.833,keep
"לכאו״א","לכל אחד ואחד",59,"לכל אדם ואדם",13,0.833,merge
"מהר״ם","רבי משה אלשקר",7,"רבי משה שיק",5,0.833,keep
"מהר״ם","מורנו הרב רבי מאיר",0,"מורנו הרב רבי מנדל",0,0.833,keep
"מט״ש","מְכוֹן טִהוּר שְׁפָכִים",0,"מֶרְכָּז טִהוּר שְׁפָכִים",0,0.833,merge
"מל״ל","המטה לביטחון לאומי",235,"מועצה לבטחון לאומי",2,0.833,merge
"ע״פ","על פי",90011,"על פניו",1396,0.833,keep
"ריב״א","רבי יצחק בן אברהם מנרבונה",42,"רבי יצחק בן אברהם משאנץ",3,0.833,keep
"מהרי״ץ","יהודה צבי ברנדויין (הראשון)",6,"יהודה צבי ברנדויין (מקובל)",6,0.83,merge
"קרפ״ח","קצין רפואה חטיבתי",4,"קצין רפואה (רופא) חטיבתי",1,0.829,merge
"האר״י","האדון רבי יצחק",1,"אדוננו רבי יצחק",0,0.828,merge
"מהרש״ק","מורנו הרב רבי שלמה כהן",0,"מורנו הרב רבי שלמה קלוגר",0,0.826,keep
"ביה״כ","בית הכנסת",8270,"בית הכסא",19,0.824,keep
"ד״ת","דברי תורה",530,"דין תורה",163,0.824,keep
"זא״ז","זה את זה",1992,"זה אצל זה",12,0.824,keep
"יט״א","יחידת טיפול אוויר",0,"יחידת טיפול אקלים",0,0.824,keep
"מ״מ","ממלא מקום",1575,"מכל מקום",1165,0.824,keep
"סג״ל","סגן לויה",7,"סגן לויים",0,0.824,
"ר״י","רבי יהודה",3027,"רבי יודן",177,0.824,keep
"ר״י","רבי יוחנן",1021,"רבי יודן",177,0.824,keep
"ר״ע","ראש עיר",429,"ראש עירייה",158,0.824,merge
"ש״ג","שומר גבול",8,"שער גבול",4,0.824,keep
"ש״ס","שעה סמסטריאלית",1,"שעה סמסטריאלית (ש""ס)",1,0.824,merge
"א״א","אין אומרים",122,"אחרים אומרים",82,0.818,keep
"ברנ״ט","בן רבי נתן",7,"בן רבי נתנאל",2,0.818,keep
"בר״ש","ברבי שמעון",212,"בן רבי שמשון",4,0.818,keep
"הרה״ר","הרב הראשי",2264,"הרבנות הראשית",1207,0.818,keep
"NBL","ליגת העל האוסטרלית בכדורסל",18,"ליגת העל הצ'כית בכדורסל",4,0.816,keep
"מט״ש","מִתְקָן טִהוּר שְׁפָכִים",0,"מֶרְכָּז טִהוּר שְׁפָכִים",0,0.816,keep
"מא״ש","מרדכי איש-שלום",118,"מאיר איש-שלום",30,0.815,keep
"סל״ש","סיביות לשנייה",20,"סיבובים לשנייה",10,0.815,keep
"פא״י","פועלי אגודת ישראל",302,"פועלי ארץ ישראל",189,0.812,keep
"חרל״פ","חייא ראש לגולי פולין",0,"חייא ראש לגליל פורטוגל",0,0.81,keep
"יחב״ל","יחידות בינלאומיות",4,"היחידה לחקירות בינלאומיות",1,0.81,keep
"מהרש״ק","מורנו הרב רבי שלמה כהן",0,"מורנו הרב רבי שלמה קרלינר",0,0.809,keep
"NGA","ראשי תיבות באנגלית של הגלריה הלאומית לאמנות בארצות הברית",1,"ראשי תיבות באנגלית של הגלריה הלאומית של אוסטרליה",1,0.808,keep
"NGA","ראשי תיבות באנגלית של אגודת המושלים הלאומית בארצות הברית",1,"ראשי תיבות באנגלית של הגלריה הלאומית לאמנות בארצות הברית",1,0.804,keep
"אמ״ל","אין מה להוסיף",1,"אין מה להעיר",0,0.8,merge
"א״כ","אם כן",4005,"אם כך",674,0.8,keep
"א״כ","ארבע כוסות",113,"ארבע כנפות",42,0.8,keep
"ברנ״ט","בן רבי נתן",7,"בן רבי נטע",0,0.8,keep
"ב״ב","בני ברק",3711,"בני ברית",876,0.8,keep
"ב״ש","בית שאן",7985,"בית שמאי",159,0.8,keep
"ב״ש","בית שמש",1159,"בית שמאי",159,0.8,keep
"האר״י","האשכנזי רבי יצחק",3,"האלהי רבי יצחק",0,0.8,merge
"הנ״ל","הנזכר לעיל",81,"הנזכר לפני",1,0.8,merge
"יח״מ","יחידת מידה",360,"יחידת מדים",0,0.8,keep
"מהר״י","מהר""י הלוי",6,"מהר""י לבית הלוי",3,0.8,merge
"מהר״ם","רבי מאיר ברבי",24,"רבי מאיר שיף",4,0.8,keep
"מה״ד","משרד הדתות",322,"משרד הדואר",204,0.8,keep
"משה״ד","משרד הדתות",322,"משרד הדואר",204,0.8,keep
"משה״ח","משרד החוץ",5075,"משרד החינוך",4292,0.8,keep
"סאפ","SAP (חברה)",3,"SAP (חומר)",2,0.8,keep
"סג״ל","סגולת לויים",0,"סגן לויים",0,0.8,keep
"ע״כ","על כך",27984,"על כן",6975,0.8,keep
"ע״פ","על פי",90011,"על פה",103,0.8,keep
"קצא״א","חברת קו צינור אילת אשקלון",42,"חברת קו צינור אילת (קצ""א)",3,0.8,keep
"ראב״ד","אחיה ראב""ד",417,"איתי ראב""ד",6,0.8,keep
"ראב״ד","יורם ראב""ד",49,"תומר ראב""ד",6,0.8,keep
"ראב״ד","איתי ראב""ד",6,"גלית ראב""ד",5,0.8,keep
"רי״א","רבי יצחק אברבנאל",79,"רבי יצחק אבוהב",53,0.8,keep
"תו״ח","תורת חיים על התורה מרבי חיים הגר",1,"תורת חיים על התלמוד מרבי אברהם חיים שור",1,0.789,keep
"אג״נ","אדון וגברת נכבדים",0,"אדון/גברת נכבד/ה",0,0.788,keep
"דחב״ש","דור חורבן בית שני",0,"דור חכמי בית שני",0,0.788,keep
"האר״י","האדון רבי יצחק",1,"האלהי רבי יצחק",0,0.786,keep
"מהר״ם","רבי מרדכי יפה",69,"רבי מרדכי בריסק",4,0.786,keep
"מהר״ם","רבי מרדכי בנט",28,"רבי מרדכי בריסק",4,0.786,keep
"בד״צ","בית דין צבאי",316,"בית דין צדק",78,0.783,keep
"ביד״צ","בית דין צבאי",316,"בית דין צדק",78,0.783,keep
"בר״מ","בן רבי מרדכי",44,"בן רבי מאיר",41,0.783,keep
"בר״ש","בן רבי שלמה",32,"בן רבי שמשון",4,0.783,keep
"מהרש״ק","ישראל מהרשק",3,"שמואל מהרש""ק",2,0.783,keep
"מהר״ם","רבי משה מינץ",16,"רבי משה שיק",5,0.783,keep
"מוכ״ז","מוסר כתב זה",3,"מוליך כתב זה",0,0.783,merge
"עמ״ש","ערעור משפחה",2,"ערעור מס שבח",1,0.783,keep
"ש״ש","שעות שבועיות",72,"שעות שנתיות",5,0.783,keep
"ענ״א","עיבוד נתונים אוטומטי",5,"עיבוד נתונים אלקטרוני",3,0.78,keep
"אה״ב","ארצות הברית",106217,"את הבית",3121,0.778,keep
"א״א","ארך אפים",38,"אריך אנפין",4,0.778,merge
"ביה״מ","בית המשפט",13236,"בית המדרש",2432,0.778,keep
"דה״כ","דברי הכתוב",8,"דברי הכל",7,0.778,keep
"ד״ר","דברי רבי־",258,"דברים רבה",54,0.778,keep
"ז״ק","זרע קיים",0,"זרעא קיימא",0,0.778,merge
"מכ״ע","מכתב עת",16,"מכתב עִתִּי",0,0.778,merge
"מל״ל","המוסד לביטוח לאומי",619,"המטה לביטחון לאומי",235,0.778,keep
"מ״מ","ממלא מקום",1575,"מראה מקום",300,0.778,keep
"ס״א","סימן אל""ף",0,"סעיף אל""ף",0,0.778,merge
"צ״ק","צוות קרקע",80,"ציוד קרקע",9,0.778,keep
"ראב״ד","ראב""ד הראשון (1110",1,"ראב""ד השלישי (1110",1,0.778,
"ר״י","רבי יהודה",3027,"רבי יהושע",1240,0.778,keep
"שו״ס","שותף סוד",23,"שותפות סוד",2,0.778,keep
"תמ״ש","תיק משפטי",42,"תיק משפחה",3,0.778,keep
"א״ל","אמר לו",1124,"אמר ליה",126,0.769,keep
"בכ״ז","בכל זאת",3604,"בכל זה",42,0.769,merge
"ב״ד","בעל דעת",8,"בן דעת",7,0.769,merge
"ב״ר","בן רבי",1133,"בן רֶבּ",0,0.769,merge
"ה״ה","האדון הנכבד",5,"האדונים הנכבדים",3,0.769,keep
"מהר״ם","רבי מרדכי יפה",69,"רבי מרדכי בנט",28,0.769,keep
"מהר״ם","רבי מאיר פישלס",9,"רבי מאיר שיף",4,0.769,keep
"שב״ד","שליחי בית דין",4,"שופטי בית דין",0,0.769,keep
"ת״א","ת""א 35",19,"ת""א 125",-1,0.769,keep
"ראב״ד","ראב""ד השלישי (1110",1,"ראב""ד השני (1085",1,0.765,keep
"א״ב","איתור בית",3,"אישור בחירות",2,0.762,keep
"בר״מ","בן רבי משה",78,"בן רבי מאיר",41,0.762,keep
"חזל״ש","חזרה לשירות",97,"חזרה לשגרה",39,0.762,keep
"צ״ל","צריך להיות",2888,"צריך להוכיח",61,0.762,keep
"ת״ע","תוכנית עבודה",145,"תיק עבודה",3,0.762,keep
"מקמש״ר","מפקדת קצין המשא""ן הראשי",0,"מפקדת קצין מודיעין שדה ראשי",0,0.76,keep
"מש״ל","מה שצריך להוכיח",3,"מה שצריך למצוא",0,0.759,merge
"רמ״ד","רבי משה די ליאון",10,"רבי משה מדסאו",1,0.759,keep
"מהרש״ק","מורנו הרב רבי שלמה קלוגר",0,"מורנו הרב רבי שמואל קיידאנובר",0,0.755,keep
"קצ״א","קו צינור אילת-אשקלון (קצא""א)",21,"חברת קו צינור אילת (קצ""א)",3,0.755,keep
"DNA","DNA (שיר של BTS) משנת 2017",1,"DNA (שיר של קנדריק לאמאר) משנת 2017",1,0.754,merge
"אמ״ל","אין מה להעיר",0,"אין מה לציין",0,0.75,merge
"בכ״מ","בכל מקום",3844,"בכל מקרה",2082,0.75,keep
"ב״מ","בית משפט",3395,"בית מדרש",1348,0.75,keep
"ב״ק","ישראל ב""ק",73,"שרה ב""ק",42,0.75,keep
"דו״צ","ירי דו-צדדי",93,"אימון דו-צדדי",3,0.75,keep
"ד״ת","דין תורה",163,"דעת תורה",108,0.75,keep
"הועה״מ","הועדה המרכזת",2,"הועדה המתמדת",1,0.75,keep
"הועה״מ","הועדה המתמדת",1,"הועדה המסדרת",0,0.75,keep
"יו״ד","האות יו""ד",39,"האות י'",37,0.75,merge
"מהו״ת","מרכז התעצמות ותובנה",2,"מרכז השתלמויות ותנופה",1,0.75,keep
"מהר״ם","רבי משה שיק",5,"רבי משה ממינץ",1,0.75,keep
"נלבע״ה","נ""ע",87,"נלב""ע",26,0.75,keep
"נמ״ר","ניהול מערכות רפואיות",0,"ניהול מרכזים רפואיים",0,0.75,keep
"ע״ע","עיין ערך",86,"עיין עוד",5,0.75,merge
"קא״ם","קורס אימון מבצעי",21,"קורס אימון מתקדם",14,0.75,keep
"ריב״א","רבי יצחק בן אברהם משאנץ",3,"רבי יצחק בן אשר הלוי השני",2,0.75,keep
"רמ״ד","רבי משה די ליאון",10,"רבי משה דוד ואלי",4,0.75,keep
"ר״י","רבי יוסי",730,"רבי יודן",177,0.75,keep
"ר״מ","ר""ם",23,"ה'ר""ם",22,0.75,merge
"ר״נ","ר""ן",238,"ה'ר""ן",21,0.75,merge
