item_id,gold,response,same_as_gold
kn-0002,"שקל חדש","ש""ח = שקלים חדשים.",yes
kn-0004,"נגד מטוסים","נ""מ = נגד מטוסים",yes
kn-0005,"יוד","קוצו של יו""ד - י'.",yes
kn-0006,"שקל חדש","ש""ח = שקלים חדשים.",yes
kn-0021,"שקל חדש","35 ש""ח = ש""ח",yes
kn-0022,"שקל חדש","ש""ח = שקלים חדשים.",yes
kn-0025,"שמונה עשרה בגימטריה","ח""י = חיים, תומכים, חוק אושר.",no
kn-0027,"שמונה עשרה (גימטריה)","י""ח = י""ח בטבת",no
kn-0029,"שקל חדש","ש""ח = שקלים חדשים.",yes
kn-0030,"שקל חדש","ש""ח = שקלים חדשים.",yes
kn-0036,"שעות שבועיות","1.75 ש""ש = שעות שבועיות",yes
kn-0043,"שקל חדש","ש""ח = שקלים חדשים.",yes
kn-0044,"שקל חדש","ש""ח = שקלים חדשים.",yes
kn-0045,"שקל חדש","ש""ח = שקלים חדשים.",yes
kn-0064,"שקל חדש","ש""ח = שקלים חדשים",yes
kn-0067,"שקל חדש","ש""ח = שקלים חדשים.",yes
kn-0069,"משא ומתן","מו""מ = משא ומתן",yes
kn-0070,"שקל חדש","ש""ח = שקלים חדשים.",yes
kn-0074,"שקל חדש","ש""ח = שקלים חדשים.",yes
kn-0075,"מטר רבוע","מ""ר = מטרים רבועים.",yes
kn-0077,"שקל חדש","ש""ח = שקלים חדשים.",yes
kn-0078,"שקל חדש","ש""ח = שקלים חדשים.",yes
kn-0079,"שינוי יסודי (הצעת חוק פרטית)","ש""י = שי",no
kn-0097,"מטר רבוע","מ""ר = מטר רבוע",yes
kn-0098,"מטר רבוע","מ""ר = מטר רבוע.",yes
kn-0100,"מפלגת חרות לאומית","מח""ל = מפלגת חירות ליברלית",no
kn-0106,"מטר רבוע","10 מ""ר = מ""ר",yes
kn-0107,"סנטימטר","9 ס""מ.",no
kn-0108,"סנטימטר","70 ס""מ = ס""מ",no
kn-0118,"מפלגת חרות לאומית","מח""ל = מפלגת חירות ליברלית",no
kn-0126,"ארץ ישראל","א""י = ארץ ישראל",yes
kn-0131,"יוד","יו""ד = יוד, אות עברית.",yes
kn-0132,"מטר רבוע","מ""ר = מטר רבוע.",yes
kn-0133,"סנטימטר","ס""מ = סנטימטרים.",yes
kn-0140,"מטר רבוע","מ""ר = מטר רבוע",yes
kn-0141,"מטר רבוע","מ""ר = מטר רבוע",yes
kn-0142,"מטר רבוע","מ""ר = מטר רבוע",yes
kn-0143,"מטר רבוע","מ""ר = מטר רבוע.",yes
kn-0146,"שישים ושתיים (גימטריה)","ס""ב = סמוך לפרקם",no
kn-0150,"שמונה עשרה (גימטריה)","י""ח = י""ח בשבט, פירוש: 18 בשבט.",yes
kn-0153,"מטר רבוע","מ""ר = מטר רבוע",yes
kn-0156,"ראשי תיבות שם פרטי ומשפחה (זהות חסויה)","א""ס = אשת הסוחר",no
kn-0160,"מטר רבוע","15% מ""ר",no
kn-0161,"מטר רבוע","מ""ר = מטר רבוע",yes
kn-0162,"מטר רבוע","מ""ר = מטר רבוע",yes
kn-0163,"מטר רבוע","מ""ר = מטר רבוע",yes
kn-0164,"מטר רבוע","מ""ר = מטר רבוע.",yes
kn-0172,"יוד","יו""ד = יוד",yes
kn-0173,"שישים ושתיים (גימטריה)","ס""ב = ספר ישעיהו, פרק ב'.",no
kn-0188,"תוצר מקומי גולמי","תמ""ג = תוצר מקומי גולמי.",yes
kn-0201,"יוד","קוצו של יו""ד = 5 דקות",no
kn-0203,"ארבעים ושתיים (גימטריה)","מ""ב = מ""ב הצעת חוק",no
kn-0211,"שבעים וחמש (גימטריה)","ע""ה = עליו השלום",no
kn-0213,"סנטימטר מעוקב","סמ""ק = סנטימטר מעוקב",yes
kn-0215,"חיל נשים","ח""ן = חיל נשים",yes
kn-0223,"חיל נשים","ח""ן - חיל נשים",yes
kn-0225,"חיל נשים","ח""ן = חיל נשים. הפירוש הוא ""קצינת חיל נשים ראשית"".",yes
kn-0228,"יוד","לא כדאי לך לעמוד על י' דגושה.",no
kn-0229,"יוד","יו""ד = יוד",yes
kn-0232,"יוד","יו""ד = יוד, ראשי תיבות של המילה ""ישראל"".",no
kn-0242,"מפעל עבודה שיקומי","מע""ש = מערך שירותים.",no
kn-0243,"סנטימטר מעוקב","סמ""ק = סנטימטר מעוקב",yes
kn-0244,"שמונה עשרה בגימטריה","ח""י = 18, תומכים.",yes
kn-0247,"שישים ושתיים (גימטריה)","ס""ב = מסכת בבא מציעא, דף 22.",no
kn-0254,"שמונה עשרה בגימטריה","ח""י = 18 (ראשי תיבות של ""חי"")",yes
kn-0257,"אהרן דוד (גורדון)","א""ד = א.ד. (אברהם דוד) גורדון",no
kn-0261,"ראשי תיבות שם פרטי ומשפחה (זהות חסויה)","צ""ל = צוות לעניין",no
kn-0278,"יוד","יו""ד = יוד",yes
kn-0279,"יוד","יו""ד = יוד, ראשי תיבות של המילה ""יחיד"".",no
kn-0292,"יוד","יו""ד = יוד, ראשי תיבות.",yes
kn-0293,"שמואל יוסף (עגנון)","ש""י = שי עגנון",no
kn-0294,"אהרן דוד (גורדון)","א""ד = א.ד.",no
kn3-0001,"אגף מבצעים","אג""מ - אגף מבצעים במשטרה.",yes
kn3-0002,"אלכסנדר זיסקינד רבינוביץ'","אז""ר = אזור",no
kn3-0006,"ארגון יהודי לוחם","אי""ל = ארגון ""אייל"".",no
kn3-0007,"אימוץ מרום להצלחה (תוכנית חינוכית)","אמ""ץ - אגף מבצעים ולוגיסטיקה.",no
kn3-0008,"אגף תמיכה לוגיסטית","את""ל = אגף תכנון ולוגיסטיקה.",no
kn3-0009,"ראשי תיבות שם פרטי ומשפחה (זהות חסויה)","א""א = אזרח א'",no
kn3-0013,"ראשי תיבות שם פרטי ומשפחה (זהות חסויה)","א""מ = אשה בישראל",no
kn3-0016,"ראשי תיבות שם פרטי ומשפחה (זהות חסויה)","א""ק = אריה קרול (שם פרטי ושם משפחה)",no
kn3-0018,"ראשי תיבות שם פרטי ומשפחה (זהות חסויה)","א""ש = אדון/אדונית",no
kn3-0019,"אי-תביעה (תיק פלילי של קטין)","א""ת = אי-תביעה",yes
kn3-0022,"בסייעתא דשמיא (מילולית: בסיוע השמיים","בס""ד = בסיעתא דשמיא",yes
kn3-0033,"ראשי תיבות שם פרטי ומשפחה (זהות חסויה)","ד""ע = דרגת שופט עליון",no
kn3-0036,"ראשי תיבות שם פרטי ומשפחה (זהות חסויה)","ז""פ = זכויות פרט",no
kn3-0040,"חדר מלחמה","חמ""ל - חדר מלחמה.",yes
kn3-0043,"חיפה/פרברית (תוכנית מתאר)","ח""פ = חיפה",yes
kn3-0049,"שלושים וארבע (גימטריה)","ל""ד = סעיף 44",yes
kn3-0050,"הליברלים העצמאיים (מפלגה)","ל""ע = ליברלים עצמאיים, מפלגה שהייתה בעלת השפעה בשנות ה-50 וה-60.",yes
kn3-0052,"מגן דוד אדום","מד""א = מגן דוד אדום",yes
kn3-0058,"משה לייב ליליינבלום","מל""ל = מועצה אזורית לב השרון.",no
kn3-0059,"המרכז למורשת המודיעין","מל""מ = מרכז ללימודי מתמטיקה.",no
kn3-0063,"מרכז תשלומי שכר","מת""ש = משטרה צבאית.

מת""ש מורידים 25% מהתגמול המיוחד מהיום ה-16 ואילך כיוון שזהו נוהל או חוק צבאי.",no
kn3-0067,"ארבעים ושבע (גימטריה)","מ""ז = מגילה ז'.",no
kn3-0073,"ארבע מאות וארבעים (גימטריה)","מ""ת = מנדבת תרומה",no
kn3-0074,"חמישים ואחת (גימטריה)","נ""א = מסכת סוכה דף 11",no
kn3-0075,"חמישים ושמונה (גימטריה)","נ""ח = נח",no
kn3-0082,"שבעים ואחת (גימטריה)","ע""א = עזאם חכים מצאלחה",no
kn3-0087,"ראשי תיבות שם פרטי ומשפחה (זהות חסויה)","ע""פ = על פי",no
kn3-0090,"שמונים ואחת (גימטריה)","פ""א = פשע אלים",no
kn3-0092,"ראשי תיבות שם פרטי ומשפחה (זהות חסויה)","פ""נ = פטירת נכבד",no
kn3-0108,"תצלום אוויר","תצ""א = תצלום אוויר",yes
kn4-0014,"חיל נשים","ח""ן = חיל נשים",yes
kn4-0016,"משה לייב ליליינבלום","מל""ל = מועצה אזורית כפר מל""ל.",no
kn4-0022,"עבודת כוכבים ומזלות","עכו""ם = עובדי כוכבים ומזלות.",no
kn4-0024,"יוד","יו""ד = יחיד ודאי",no
kn4-0025,"יוד","קוצו של יו""ד = י'",no
kn4-0027,"יוד","יו""ד = יוד, ראשי תיבות.",yes
kn4-0028,"שמונה עשרה (גימטריה)","י""ח = 18",yes
kn4-0029,"אהרן דוד (גורדון)","א""ד = א.ד. גורדון",no
kn4-0031,"עבודת כוכבים ומזלות","עכו""ם = עובדי כוכבים ומזלות. פירוש: עכו""ם = גויים.",no
kn4-0044,"יוד","קצת נשמה, קצת לב. תפסיקו לעמוד על קוצו של יו""ד.",no
kn4-0048,"שמונה עשרה בגימטריה","ח""י = 18 תומכים",yes
kn4-0061,"יוד","יו""ד - יוד, אות עברית.",yes
kn4-0063,"חיל נשים","ח""ן = חיל נשים",yes
kn4-0072,"שומרון-יהודה","ש""י = שירות ידיעות.",no
kn4-0073,"שומרון-יהודה","ש""י = שירות ידיעות (של ההגנה)",no
kn4-0074,"שומרון-יהודה","ש""י = שירות ייעודי",no
kn4-0075,"שומרון-יהודה","ש""י = שירות ידיעות.",no
kn4-0076,"שומרון-יהודה","ש""י = שומרון ויהודה",yes
kn4-0077,"שומרון-יהודה","ש""י = שירות ידיעות",no
kn4-0078,"שומרון-יהודה","ש""י = שירות ידיעות",no
kn4-0079,"שומרון-יהודה","ש""י = שומרון ויהודה.",yes
kn4-0080,"שומרון-יהודה","ש""י = שומרון ויהודה (מחוז משטרתי).",yes
kn4-0081,"שומרון-יהודה","ש""י = שומרון ויהודה.",yes
kn4-0086,"שומרון-יהודה","ש""י = שומרון ויהודה. פירוש: היועצת המשפטית של מחוז ש""י מתייחסת לשיפור היחסים בין שוטרים לתושבי חברון.",yes
kn4-0087,"שומרון-יהודה","ש""י = שומרון ויהודה. פירוש: מפקד מחוז שומרון ויהודה (ש""י) נפגש עם נציגי תושבים לשיחה על יחסי המשטרה והתושבים.",yes
kn4-0088,"שמונה עשרה בגימטריה","ח""י = חיים",no
kn4-0089,"מפעל עבודה שיקומי","מע""ש = מסגרת תעסוקה שיקומית",no
kn4-0090,"ראשי תיבות שם פרטי ומשפחה (זהות חסויה)","א""א = אדם א'",no
kn4-0093,"מפלגת חרות לאומית","מח""ל - מפלגת חירות ליברלים.",no
kn4-0101,"סנטימטר מעוקב","סמ""ק = סנטימטר מעוקב. זה מתייחס לנפח המנוע ברכב, 1,500 סמ""ק.",yes
kn4-0107,"אגף מבצעים","אג""מ = אגף המבצעים.",yes
kn4-0109,"שמונה עשרה בגימטריה","ח""י = 18, תומכים.",yes
kn4-0112,"שמונה עשרה בגימטריה","ח""י = חי, ראשי תיבות של המילה חיים.",no
kn4-0113,"שמונה עשרה בגימטריה","ח""י = 18, מתייחס ל-18 המשפחות שעלו לישראל.",yes
kn4-0114,"שמונה עשרה בגימטריה","ח""י = חי, מתייחס למשפחות ויהודי גאורגיה במאבקם לעלייה לישראל.",no
kn4-0115,"שמונה עשרה בגימטריה","ח""י = 18, מתייחס למספר המשפחות במאבק.",yes
kn4-0116,"שמונה עשרה (גימטריה)","י""ח = י""ח המשפחות.",yes
kn4-0118,"שמונה עשרה בגימטריה","ח""י = 18, כלומר 18 חברי כנסת שחיים במקום אחר.",yes
kn4-0128,"שמונה עשרה בגימטריה","ח""י = חי וקיים",no
kn4-0133,"שומרון-יהודה","ש""י = שומרון ויהודה.",yes
kn4-0147,"אהרן דוד (גורדון)","א""ד = א.ד. גורדון",no
kn4-0148,"מגן דוד אדום","מד""א = מגן דוד אדום",yes
kn4-0149,"מגן דוד אדום","מד""א = מגן דוד אדום",yes
kn4-0150,"מגן דוד אדום","מד""א = מגן דוד אדום",yes
kn4-0163,"מפעל עבודה שיקומי","מע""ש = מע""ש",no
kn4-0184,"שמונה עשרה בגימטריה","ח""י = 18, חברי כנסת.",yes
kn4-0187,"סנטימטר","10 ס""מ = ס""מ",no
kn4-0188,"חמישים ושמונה (גימטריה)","נ""ח = נח, דמות מהסיפור בגמרא.",no
kn4-0194,"אהרן דוד (גורדון)","א""ד = אברהם דוד גורדון",no
kn4-0195,"סנטימטר מעוקב","סמ""ק = סנטימטר מעוקב.",yes
kn4-0196,"סנטימטר מעוקב","500 סמ""ק = סמ""ק",no
kn4-0197,"סנטימטר מעוקב","סמ""ק = סנטימטר מעוקב",yes
kn4-0198,"סנטימטר מעוקב","סמ""ק = סנטימטר מעוקב",yes
kn4-0199,"סנטימטר מעוקב","סמ""ק = סנטימטר מעוקב",yes
kn4-0200,"סנטימטר מעוקב","סמ""ק = סנטימטר מעוקב",yes
kn4-0201,"סנטימטר מעוקב","500 סמ""ק = סמ""ק",no
kn4-0204,"משה לייב ליליינבלום","מל""ל = מרכז לאומי ללוחמה בטרור",no
kn4-0205,"עבודת כוכבים ומזלות","עכו""ם = עובדי כוכבים ומזלות",no
kn4-0207,"סודי ביותר","ס""ב = מסכת בבא מציעא, דף 22.",no
kn4-0210,"אלכסנדר זיסקינד רבינוביץ'","אז""ר = אזור",no
kn4-0211,"אלכסנדר זיסקינד רבינוביץ'","אז""ר = אזור",no
kn4-0216,"סנטימטר","14 ס""מ = ס""מ",no
kn4-0218,"סנטימטר","ס""מ = סנטימטרים",yes
kn4-0227,"ראשי תיבות שם פרטי ומשפחה (זהות חסויה)","א""ק = אדון/גברת א""ק",no
kn4-0228,"ראשי תיבות שם פרטי ומשפחה (זהות חסויה)","א""ק = אסירה ק.",no
kn4-0234,"שמונה עשרה בגימטריה","ח""י = 18 תומכים",yes
kn4-0250,"שמונה עשרה בגימטריה","ח""י = 18",yes
kn4-0253,"חיל נשים","ח""ן = חיל נשים.",yes
kn4-0254,"חיל נשים","ח""ן - חיל נשים.",yes
kn4-0265,"חכמת הנסתר","ח""ן = חכמת נסתר.",yes
kn4-0266,"מגן דוד אדום","מד""א - מגן דוד אדום.",yes
kn4-0276,"שישים ושתיים (גימטריה)","ס""ב = סמוך לפרקם",no
kn4-0290,"משה לייב ליליינבלום","מל""ל = מושב כפר-מל""ל.",no
kn4-0291,"משה לייב ליליינבלום","מל""ל = מרכז לאומי ללוחמה בטרור.",no
kn4-0292,"משה לייב ליליינבלום","מל""ל = מועצה אזורית לב השרון.",no
kn4-0293,"מפעל עבודה שיקומי","מע""ש = מעון יום שיקומי.",no
kn4-0294,"חמישים ושמונה (גימטריה)","נ""ח = נח",no
kn4-0295,"המוסד לביטוח לאומי","מל""ל = המוסד לביטוח לאומי.",yes
kn4-0299,"מפלגת חרות לאומית","מח""ל - מתנדבי חוץ לארץ.",no
kn4-0301,"גולדפרב-גונן (סיעה)","ג""ג = גולדפרב, גונן.",yes
kn4-0302,"גולדפרב-גונן (סיעה)","ג""ג = גולדפרב וגונן",yes
kn4-0303,"גולדפרב-גונן (סיעה)","ג""ג = גולדפרב-גונן",yes
kn4-0304,"מפלגת חרות לאומית","מח""ל - מפלגת חירות ליברלים",no
kn4-0317,"סנטימטר מעוקב","סמ""ק = סנטימטר מעוקב.",yes
kn4-0318,"סנטימטר מעוקב","סמ""ק = סנטימטר מעוקב.",yes
kn4-0319,"סנטימטר מעוקב","סמ""ק = סנטימטר מעוקב.",yes
kn4-0330,"ארגון יהודי לוחם","אי""ל = ארגון אילות.",no
kn4-0334,"סנטימטר מעוקב","סמ""ק = סנטימטר מעוקב",yes
kn4-0337,"משה לייב ליליינבלום","מל""ל = מועצה מקומית כפר מל""ל.",no
kn4-0346,"סנטימטר","196 ס""מ = ס""מ",no
kn4-0347,"ראשי תיבות שם פרטי ומשפחה (זהות חסויה)","ע""פ = על פי",no
kn4-0348,"ראשי תיבות שם פרטי ומשפחה (זהות חסויה)","ע""פ = על פי",no
kn4-0350,"חיל נשים","ח""ן = חיל נשים.",yes
kn4-0351,"חיל נשים","ח""ן = חיל נשים.",yes
kn4-0352,"ארבעים ושבע (גימטריה)","מ""ז = מוחמד",no
kn4-0355,"חכמת הנסתר","ח""ן = חכמת נסתר, עוסק בבוטניקה, עץ זית לא מקבל הרכבות.",yes
kn4-0357,"ארגון יהודי לוחם","אי""ל = ארגון יהודי לוחם.",yes
kn4-0364,"סנטימטר","30-20 ס""מ = ס""מ",no
kn4-0370,"דירוג פסיכוטכני ראשוני","דפ""ר - דירוג פסיכוטכני ראשוני.",yes
kn4-0380,"חיל נשים","ח""ן = חיל נשים",yes
kn4-0384,"משא ומתן","מו""מ = משא ומתן",yes
kn4-0397,"חיל נשים","ח""ן = חיל נשים",yes
kn4-0409,"ארבעים ושתיים (גימטריה)","מ""ב = מר (אדון) ב'.",no
kn4-0410,"שמונה עשרה (גימטריה)","י""ח = י""ח בסיוון.",no
kn4-0413,"חכמת הנסתר","ח""ן = חכמת נסתר.",yes
kn4-0416,"ארגון יהודי לוחם","אי""ל = ארגון איסלמי לאומי.",no
kn4-0426,"סנטימטר","ס""מ = סנטימטרים.",yes
kn4-0442,"משה לייב ליליינבלום","מל""ל = מחלקת לימודי ליבה",no
kn4-0443,"משה לייב ליליינבלום","מל""ל = מרכז לאומי לאימונים.",no
kn4-0451,"משה לייב ליליינבלום","מל""ל = משה לייב ליליינבלום, כפר מל""ל.",yes
kn4-0459,"חיל נשים","ח""ן = חיל נשים.",yes
kn4-0462,"על פי","ע""פ = על פי",yes
kn4-0467,"שם האות פ (פ""א דגושה)","פ""א = פזמנטיר",no
kn4-0469,"אברהם יוסף לייזרזון (ח""כ)","א""י = ארץ ישראל",no
kn4-0483,"שנת שירות","ש""ש = שירות לאומי",no
kn4-0486,"אגף מבצעים","אג""מ - אגף מבצעים",yes
kn4-0494,"אברהם יוסף לייזרזון (ח""כ)","א""י = ארץ ישראל",no
kn4-0495,"סנטימטר","ס""מ = סנטימטרים.",yes
kn4-0496,"ראשי תיבות שם פרטי ומשפחה (זהות חסויה)","ב""ב = בני ברק. הכוונה היא לעיר בני ברק, שאולי נמנעה השתתפותה בתחרות.",no
kn4-0497,"שעות שבועיות","1.5 ש""ש = שעות שבועיות",yes
kn4-0499,"שמונה עשרה (גימטריה)","י""ח = 18 (בגימטריה)",yes
kn4-0504,"סנטימטר","2 ס""מ = ס""מ",no
kn4-0505,"שמונה עשרה (גימטריה)","י""ח = יואל פרק ד', פסוק י""ח",no
kn4-0524,"סנטימטר","ס""מ = סנטימטר.",yes
kn4-0525,"סנטימטר","60 ס""מ = ס""מ",no
kn4-0529,"משה לייב ליליינבלום","מל""ל = מרכז לאומי ללוחמה בטרור.",no
kn4-0545,"ארגון יהודי לוחם","אי""ל = ארגון אי""ל",no
kn4-0546,"ארגון יהודי לוחם","אי""ל = ארגון טרור לפי הפרקליטות.",no
kn4-0547,"ארגון יהודי לוחם","אי""ל = ארגון יהודי לוחם",yes
kn4-0548,"ארגון יהודי לוחם","אי""ל = ארגון יהודי לוחם",yes
kn4-0549,"ארגון יהודי לוחם","אי""ל = ארגון יהודי לוחם",yes
kn4-0550,"ארגון יהודי לוחם","אי""ל = ארגון יהודי לוחם.",yes
kn4-0551,"ארגון יהודי לוחם","אי""ל = ארגון טרור לפי פרקליטות המדינה.",no
kn4-0552,"ארגון יהודי לוחם","אי""ל = ארגון יהודי לוחם",yes
kn4-0553,"ארגון יהודי לוחם","אי""ל = ארגון יהודי לוחם",yes
kn4-0554,"ארגון יהודי לוחם","אי""ל = ארגון יהודי לוחם.",yes
kn4-0555,"ארגון יהודי לוחם","אי""ל = ארגון אי""ל.",no
kn4-0565,"סנטימטר","20 ס""מ",no
kn4-0567,"סנטימטר","70 ס""מ",no
kn4-0569,"נגד מטוסים","נ""מ = נגד מטוסים",yes
kn4-0572,"שעות שבועיות","1 ש""ש = 1 שעה שבועית",yes
kn4-0575,"תוצר מקומי גולמי","תמ""ג = תוצר מקומי גולמי.",yes
kn4-0592,"משה לייב ליליינבלום","מל""ל = מושב כפר-מל""ל.",no
kn4-0614,"עבודת כוכבים ומזלות","עכו""ם = עובדי כוכבים ומזלות.",no
kn4-0631,"ראשי תיבות שם פרטי ומשפחה (זהות חסויה)","א""מ = אגף מימון.",no
kn4-0634,"שמונה עשרה (גימטריה)","י""ח = 18, מתייחס ל-18 עיקרי התחייה.",yes
kn4-0640,"אלכסנדר זיסקינד רבינוביץ'","אז""ר = אזור",no
kn4-0647,"ארץ ישראל","א""י = ארץ ישראל",yes
kn4-0649,"שעות שבועיות","1.7 ש""ש = שעות שבועיות",yes
kn4-0650,"שעות שבועיות","1.7 ש""ש = שעות שבועיות",yes
kn4-0651,"שעות שבועיות","2 ש""ש = 2 שעות שבועיות תקניות",yes
nat-0009,"ארץ ישראל","א""י = ארץ ישראל.",yes
nat-0010,"ארץ ישראל","א""י = ארץ ישראל",yes
nat-0011,"ארץ ישראל","א""י = ארץ ישראל.",yes
nat-0022,"יוסף חיים","י""ח = יוסף חיים ברנר",yes
nat-0026,"כל ישראל חברים","כי""ח = כל ישראל חברים. פירוש: נציג כי""ח (כל ישראל חברים) הגיע לעיר שנה לאחר מכן, נדהם לראות יהודים אומללים עם טלאי, ופנה לשלטונות.",yes
nat-0030,"כוח סוס","100 כ""ס",no
nat-0031,"כוח סוס","120 כ""ס",no
nat-0032,"כוח סוס","כ""ס: כוחות סוס.",yes
nat-0036,"מגן דוד אדום","מד""א = מגן דוד אדום",yes
nat-0037,"מגן דוד אדום","מד""א - מגן דוד אדום.",yes
nat-0038,"מגן דוד אדום","מד""א = מגן דוד אדום",yes
nat-0041,"מפלגת חרות לאומית","מח""ל = מתנדבי חוץ לארץ",no
nat-0042,"משה לייב ליליינבלום","מל""ל = מושב מל""ל (כפר מל""ל).",no
nat-0043,"משה לייב ליליינבלום","מל""ל = מושב ללא לימוד",no
nat-0044,"משה לייב ליליינבלום","מל""ל = מושב עובדים ליד לוד.",no
nat-0059,"מטר רבוע","מ""ר = מטר רבוע.",yes
nat-0060,"מטר רבוע","מ""ר = מטרים רבועים.",yes
nat-0061,"מטר רבוע","מ""ר = מטר רבוע",yes
nat-0062,"נגד מטוסים","נ""מ = נגד מטוסים",yes
nat-0063,"נגד מטוסים","נ""מ = נגד מטוסים",yes
nat-0064,"נגד מטוסים","נ""מ = נגד מטוסים.",yes
nat-0073,"סנטימטר","0 ס""מ",no
nat-0074,"סנטימטר","3 ס""מ = ס""מ",no
nat-0075,"סנטימטר","1 ס""מ = סנטימטר",yes
nat-0076,"עבודת כוכבים ומזלות","עכו""ם = עובד כוכבים ומזלות.",no
nat-0077,"עובד כוכבים ומזלות (גויים ונכרים עובדי אלילים)","עכו""ם = עובד כוכבים ומזלות.",yes
nat-0081,"על פי","ע""פ = על פי",yes
nat-0082,"על פי","ע""פ = על פי",yes
nat-0095,"רמת גן","ר""ג = רמת גן.",yes
nat-0096,"רמת גן","ר""ג = רמת גן.",yes
nat-0097,"רמת גן","ר""ג = רמת גן",yes
nat-0100,"שקל חדש","ש""ח = שקלים חדשים.",yes
nat-0101,"שקל חדש","ש""ח = שקלים חדשים.",yes
nat-0102,"שקל חדש","ש""ח = שקלים חדשים. במשפט, ש""ח מייצג את המטבע הישראלי, שקלים חדשים.",yes
nat-0103,"שקל חדש","200 אלף ש""ח.",no
nat-0104,"שקל חדש","30 אלף ש""ח",no
nat-0105,"שקל חדש","ש""ח: שקלים חדשים",yes
nat-0106,"שמואל יוסף (עגנון)","ש""י = שמואל יוסף",yes
nat-0107,"שמואל יוסף (עגנון)","ש""י = שמואל יוסף. עגנון = סופר עברי. ""תמול שלשום"" = ספר. הוצאת שוקן = הוצאה לאור. פירוש: ""תמול שלשום"" של ש""י עגנון ממשיך לצאת לאור בהוצאת שוקן.",yes
nat-0108,"שמואל יוסף (עגנון)","ש""י = שמואל יוסף",yes
nat-0118,"תוצר מקומי גולמי","תמ""ג = תוצר מקומי גולמי.",yes
manual-0000,"אגף מטה","אג""מ = אגף המבצעים.",no
manual-0001,"אגף מטה","אג""מ = אגף המבצעים.",no
manual-0002,"אגף מטה","אג""מ = אגף המבצעים.",no
manual-0003,"אותו מצב","אמ""ץ = אגף מבצעים ולוגיסטיקה.",no
manual-0004,"אותו מצב","אמ""ץ = אגף מבצעים ולוגיסטיקה",no
manual-0005,"אותו מצב","אמ""ץ = אגף מבצעים ולוגיסטיקה.",no
manual-0006,"אם תאמר לי","את""ל = אם תנאי זה יתקיים.",no
manual-0007,"אם תאמר לי","את""ל = אם תנאי זה יתקיים.

פירוש: אם הוא צודק בטענתו, מה בכל זאת מנע ממנו להגיש את הערעור בזמן?",no
manual-0008,"אם תאמר לי","את""ל = אם תרצו לומר, אם תרצו להסביר.

פירוש: אם תרצו לומר שאין סתירה בין שני הפסוקים, כיצד מיישבים ביניהם?",no
manual-0009,"אליבא דאמת","א""ד = אדוני/גבירתי, דבריך.",no
manual-0010,"אליבא דאמת","א""ד = אין הבדל",no
manual-0011,"אליבא דאמת","א""ד = אדוני/אדוננו",no
manual-0012,"אמצעים מיוחדים","א""מ = אישור מפרקליט המדינה",no
manual-0013,"אמצעים מיוחדים","א""מ = אמצעי מיוחד",yes
manual-0014,"אמצעים מיוחדים","א""מ = אמצעי מיוחד",yes
manual-0015,"אוויר-קרקע","א""ק = אמצעי לחימה, הטיל שנורה.",no
manual-0016,"אוויר-קרקע","א""ק = טילי אוויר-קרקע",no
manual-0017,"אוויר-קרקע","א""ק = איומים קרקעיים",no
manual-0018,"אמר רבי","א""ר = אדוננו רבי",no
manual-0019,"אמר רבי","א""ר = אדוני רבי",no
manual-0020,"אמר רבי","א""ר - אדוננו רבי",no
manual-0021,"איש שלום","א""ש = איש",no
manual-0022,"איש שלום","א""ש = איש",no
manual-0023,"איש שלום","אש - איש שלום",yes
manual-0024,"אזור תעשיה","א""ת = אזור תעשייה דרומי",yes
manual-0025,"אזור תעשיה","א""ת = אזור תעשייה",yes
manual-0026,"אזור תעשיה","א""ת = אזור תעשייה",yes
manual-0027,"בסוף דבר","בס""ד = בסייעתא דשמיא",no
manual-0028,"בסוף דבר","בס""ד = בסייעתא דשמיא",no
manual-0029,"בסוף דבר","בס""ד = בסייעתא דשמיא (בעזרת השם)",no
manual-0030,"גאוגרפיה","ג""ג = גיאוגרפיה",yes
manual-0031,"גאוגרפיה","ג""ג = גיאוגרפיה",yes
manual-0032,"גאוגרפיה","ג""ג = גיאוגרפיה",yes
manual-0033,"דפוס ראשון","דפ""ר = דפוס ראשון.",yes
manual-0034,"דפוס ראשון","דפ""ר = דף ראשון.",no
manual-0035,"דפוס ראשון","דפ""ר = דף פגום, ריק.",no
manual-0036,"דבר עבירה","ד""ע = דרגת עבירה",no
manual-0037,"דבר עבירה","ד""ע = דנ""א עתיק",no
manual-0038,"דבר עבירה","ד""ע = דברים העלולים.",no
manual-0039,"חוק יסוד","ח""י = חיים, הצעת התיקון לחוק.",no
manual-0040,"חוק יסוד","ח""י = חוק יסוד: כבוד האדם וחירותו.",yes
manual-0041,"חוק יסוד","ח""י = חוק יסוד.",yes
manual-0042,"חד פעמי","ח""פ = חד פעמי.",yes
manual-0043,"חד פעמי","ח""פ = חד פעמי",yes
manual-0044,"חד פעמי","ח""פ = הוצאה חד פעמית",no
manual-0045,"לחץ דם","ל""ד = לחץ דם",yes
manual-0046,"לחץ דם","ל""ד = לחץ דם",yes
manual-0047,"לחץ דם","ל""ד = לחץ דם",yes
manual-0048,"לעת עתה","ל""ע = לא התקבלה החלטה.",no
manual-0049,"לעת עתה","ל""ע = לקראת אישור סופי.",no
manual-0050,"לעת עתה","ל""ע = לא נמצא פתרון.",no
manual-0051,"מרא דאתרא","מד""א = מגן דוד אדום",no
manual-0052,"מרא דאתרא","מד""א = מגן דוד אדום",no
manual-0053,"מרא דאתרא","מד""א = מגן דוד אדום. הכוונה היא לארגון ההצלה הרפואי הישראלי.",no
manual-0054,"מקח וממכר","מו""מ = משא ומתן",no
manual-0055,"מקח וממכר","מו""מ = משא ומתן",no
manual-0056,"מקח וממכר","מו""מ = משא ומתן",no
manual-0057,"מתן שכר","מת""ש = משכורת תנאי שירות",no
manual-0058,"מתן שכר","מת""ש = משכורת תנאי שירות",no
manual-0059,"מתן שכר","מת""ש = משק ותשלומים",no
manual-0060,"משנה ברורה","מ""ב = משנה ברורה.",yes
manual-0061,"משנה ברורה","מ""ב = משנה ברורה",yes
manual-0062,"משנה ברורה","מ""ב = משנה ברורה.",yes
manual-0063,"מין זכר","מ""ז - מין זכר.",yes
manual-0064,"מין זכר","מ""ז = ממין זכר",yes
manual-0065,"מין זכר","מ""ז = מזוהה",no
manual-0066,"מדרש רבה","מ""ר = מטר רבוע.",no
manual-0067,"מדרש רבה","מ""ר = מטר רבוע",no
manual-0068,"מדרש רבה","מ""ר = מטר רבוע",no
manual-0069,"נס חנוכה","נ""ח = נח",no
manual-0070,"נס חנוכה","נ""ח = נר חנוכה",no
manual-0071,"נס חנוכה","נ""ח = נח",no
manual-0072,"נפקא מינא","נ""מ = אין נפקא מינה",yes
manual-0073,"נפקא מינא","נ""מ = נגד מטוסים.",no
manual-0074,"נפקא מינא","נ""מ = נימוק מחלוקת",no
manual-0075,"ספר מצוות קטן","סמ""ק = ספר מצוות קטן",yes
manual-0076,"ספר מצוות קטן","סמ""ק = ספר מצוות קטן",yes
manual-0077,"ספר מצוות קטן","סמ""ק = ספר מצוות קטן.",yes
manual-0078,"סגן מפקד","ס""מ = סגן מפקד.",yes
manual-0079,"סגן מפקד","ס""מ = סנטימטר. הפירוש הוא ""הסנטימטרים תדרכו את החיילים לפני היציאה למשימה הלילית.""",no
manual-0080,"סגן מפקד","ס""מ = סגן מפקד",yes
manual-0081,"שומר חינם","ש""ח = שקלים חדשים",no
manual-0082,"שומר חינם","ש""ח = שקל חדש",no
manual-0083,"שומר חינם","ש""ח = שקלים חדשים, מתייחס לאחריות לנזק.",no
manual-0084,"תיאוריית צו אלוהי (divine command theory)","תצ""א = תצלום אוויר",no
manual-0085,"תיאוריית צו אלוהי (divine command theory)","תצ""א = תצלום אוויר",no
manual-0086,"תיאוריית צו אלוהי (divine command theory)","תצ""א = תצלום אוויר",no