item_id,acronym,sentence,provisional_expansion,sense_id,gold_expansion,label_status,n_candidates,candidates,provenance,multi_sense_type,source,page_title,review_verdict,review_note,label_origin,category
nat-0003,איו״ש,"אוגדת יהודה מוזגה עם אוגדת איו""ש ב־2003, והחטיבות שבו לאחריות האוגדה.",אזור יהודה ושומרון,איו״ש.01,אזור יהודה ושומרון,verified,2,אזור יהודה ושומרון | אריכות ימים ושנים,natural,no,wikipedia,אוגדת אזור יהודה ושומרון,,,wikipedia_natural,wiki_natural
nat-0004,איו״ש,"ב-1 ביוני 2026, חטיבת יהונתן שהוקמו במסגרת חטיבות המילואים ""חטיבות דוד"" תחת עוצבת גלעד הועברה לאוגדת איו""ש.",אזור יהודה ושומרון,איו״ש.01,אזור יהודה ושומרון,verified,2,אזור יהודה ושומרון | אריכות ימים ושנים,natural,no,wikipedia,אוגדת אזור יהודה ושומרון,,,wikipedia_natural,wiki_natural
nat-0005,אמ״ן,"החיל הוקם לאחר מלחמת יום הכיפורים, במטרה לאפשר לראש אמ""ן להתמסר לנושאי המחקר, הערכת המודיעין וההתרעה, ולהסיר ממנו את הצורך לדאוג לטיפול היום-יומי בענייני הלוגיסטיקה והארגון.",אגף מודיעין,אמ״ן.01,אגף מודיעין,verified,2,אגף מודיעין | אל מלך נאמן,natural,yes,wikipedia,אגף המודיעין,,,wikipedia_natural,wiki_natural
nat-0006,אמ״ן,"בעקבות פרשה זו הודח גיבלי מתפקיד ראש אמ""ן, ובמקומו מונה יהושפט הרכבי.",אגף מודיעין,אמ״ן.01,אגף מודיעין,verified,2,אגף מודיעין | אל מלך נאמן,natural,yes,wikipedia,אגף המודיעין,,,wikipedia_natural,wiki_natural
nat-0007,אמ״ן,"ועדת חקירה שהוקמה בעקבות האירוע הטילה את האחריות על ראש אגף המטה הכללי, האלוף מאיר זורע, ועל ראש אמ""ן, האלוף יהושפט הרכבי.",אגף מודיעין,אמ״ן.01,אגף מודיעין,verified,2,אגף מודיעין | אל מלך נאמן,natural,yes,wikipedia,אגף המודיעין,,,wikipedia_natural,wiki_natural
nat-0008,אצ״ל,"בצעירותו עמד בראש תא של אצ״ל בזופייבקה (בפולנית: Sofievka), עיירה יהודית בחבל ווהלין במערב אוקראינה, שהייתה אז חלק מפולין.",ארגון צבאי לאומי,אצ״ל.01,ארגון צבאי לאומי,verified,2,ארגון צבאי לאומי | אין צריך לומר,natural,no,wikipedia,אנשל שפילמן,,,wikipedia_natural,wiki_natural
nat-0009,א״י,נטייתו של קציר לזואולוגיה באה לידי בטוי בהיותו שותף לפרופ' שמעון פריץ בודנהיימר בכתיבת המגדיר העברי הראשון לפרפרי א״י – ״בני שמש״.,ארץ ישראל,א״י.01,ארץ ישראל,verified,4,ארץ ישראל | אבן יקרה | אינו יהודי | אין יכול,natural,yes,wikipedia,אהרן קציר,,,wikipedia_natural,wiki_natural
nat-0010,א״י,"את רעיונותיו לפיתוח תעשייתי של א״י בשילוב הקמת ערי גנים הוא קידם בקונגרסים הציוניים ובביטאונו ״עם וארץ״ (ברלין, 1919).",ארץ ישראל,א״י.01,ארץ ישראל,verified,4,ארץ ישראל | אבן יקרה | אינו יהודי | אין יכול,natural,yes,wikipedia,דייוויס טריטש,,,wikipedia_natural,wiki_natural
nat-0011,א״י,"חברת ""נחלת ישראל - רמה"" לקחה הלוואה מ""בנק משכנתאות ואשראי א״י"" שאותה לא יכלה להחזיר והחל הליך הוצאה לפועל.",ארץ ישראל,א״י.01,ארץ ישראל,verified,4,ארץ ישראל | אבן יקרה | אינו יהודי | אין יכול,natural,yes,wikipedia,נחלת ישראל - רמה,,,wikipedia_natural,wiki_natural
nat-0012,בדר״כ,"בצוות הלוחמים של רכבי הסיור, נמצאים בדר״כ עליו חייל קלע, חייל נגביסט וחייל חובש, לצד שאר הלוחמים ומפקדי סיור.",בדרך כלל,בדר״כ.01,בדרך כלל,verified,2,בדרך כלל | ב-ד רב כהנא- ארמית בשל רב כהנא,natural,no,wikipedia,סיור,,,wikipedia_natural,wiki_natural
nat-0013,בדר״כ,"במערכת המבוססת על 'דו' נייד, סימני הסולפג' וגבהי הצלילים אמנם מתואמים בדר״כ באותו אופן כמו במערכת המנוגדת, אך אין שום דרישה מחייבת שהמוזיקאים יקשרו את סימני הסולפג' עם גבהי הצליל הממשיים.",בדרך כלל,בדר״כ.01,בדרך כלל,verified,2,בדרך כלל | ב-ד רב כהנא- ארמית בשל רב כהנא,natural,no,wikipedia,פיתוח שמיעה,,,wikipedia_natural,wiki_natural
nat-0014,בע״מ,"על סמך החלטות אלו נחתם ב-2 בדצמבר 2002 הסכם בין המדינה לבין החברה לישראל בע""מ ובתי זיקוק לנפט בע""מ, על פיו הפיצול וההפרטה של בתי הזיקוק יבוצעו במהלך השנים 2004–2005.",בערבון מוגבל,בע״מ.01,בערבון מוגבל,verified,4,בערבון מוגבל | בעל מלאכה | בעל מום | בקשת ערעור משפחה,natural,yes,wikipedia,בתי זיקוק לנפט,,,wikipedia_natural,wiki_natural
nat-0015,ד״ר,"ד״ר דניאל מאיר וייל בספרו ניגון טעמי המקרא על פי המסורה מציע פענוח של המנגינה המקורית האבודה, מתוך ניתוח תאורטי וחיפוש מודל שיסביר את כללי טעמי המקרא המפורטים הידועים.",דוקטור,ד״ר.01,דוקטור,verified,4,דוקטור | דברי רבי־ | דפוס ראשון | דברים רבה,natural,yes,wikipedia,טעמי המקרא,,,wikipedia_natural,wiki_natural
nat-0016,ד״ר,"אש שימש בתפקיד זה עד אוקטובר 2011, והוחלף על ידי תת-אלוף ד""ר יצחק קרייס.",דוקטור,ד״ר.01,דוקטור,verified,4,דוקטור | דברי רבי־ | דפוס ראשון | דברים רבה,natural,yes,wikipedia,נחמן אש,,,wikipedia_natural,wiki_natural
nat-0017,ד״ר,"חלוץ הייצור של שיני חרסינה כשיניים תותבות היה ד""ר ס.",דוקטור,ד״ר.01,דוקטור,verified,4,דוקטור | דברי רבי־ | דפוס ראשון | דברים רבה,natural,yes,wikipedia,רפואת שיניים,,,wikipedia_natural,wiki_natural
nat-0018,האר״י,"ר' יצחק לוריא אשכנזי (האר""י הקדוש) (1534–1572) – גדול מקובלי צפת; ניסח שיטה חדשה בקבלה (“קבלת האר״י"") שהפכה לציר מרכזי בקבלה המאוחרת.",רבי יצחק לוריא,האר״י.02,רבי יצחק לוריא,verified,3,רבי יצחק לוריא | האשכנזי רבי יצחק | האדון רבי יצחק,natural,no,wikipedia,מקובל,,,wikipedia_natural,wiki_natural
nat-0019,השב״ס,ב-2011 מונה לתפקיד סגן מפקד המחוז הדרומי של השב״ס.,שירות בתי הסוהר,השב״ס.01,שירות בתי הסוהר,verified,2,שירות בתי הסוהר | השאלה בין-ספרייתית,natural,yes,wikipedia,יוסי מקדש,,,wikipedia_natural,wiki_natural
nat-0020,ז״ל,"במסורת של חסידות טריסק נאמר שהרבי מצאנז הסביר: ""אצלכם בני הטשערנובלער ז""ל רואים גם כן הנהגה בגדולה ועשירות גדולה, והרבה כלי כסף וכלי זהב, אך אצלכם זה לטפל.",זרע לבטלה,ז״ל.01,זכרו לברכה; זכרונו לברכה,verified,7,זרע לבטלה | זכור לטוב | זכר לחורבן | זכרנו לחיים | זה לשונו | זכר לדבר | זכרו לברכה; זכרונו לברכה,natural,yes,wikipedia,בית צ'רנוביל,,,wikipedia_natural,wiki_natural
nat-0021,ז״ל,"יש לנו בקבלת אבינו [רבי מרדכי] הטשערנאבליר ז״ל שלא לומר תורה, רק בעת ששורף אותו יפה בין שפתיו ולא יוכל להתאפק אז יאמר.",זרע לבטלה,ז״ל.01,זכרו לברכה; זכרונו לברכה,verified,7,זרע לבטלה | זכור לטוב | זכר לחורבן | זכרנו לחיים | זה לשונו | זכר לדבר | זכרו לברכה; זכרונו לברכה,natural,yes,wikipedia,בית צ'רנוביל,,,wikipedia_natural,wiki_natural
nat-0022,י״ח,"כבר ב-1920 עלתה למקום קבוצה של חלוצים בשם ""בשקירים"" שהייתה מורכבת ממשוחררי הגדודים העבריים ומאנשי גדוד העבודה, ובהם מאיר ברנר, אחיו של הסופר י״ח ברנר.",יוסף חיים,י״ח.01,יוסף חיים,verified,2,יוסף חיים | יודעי חן,natural,no,wikipedia,חצר גשר הישנה,,,wikipedia_natural,wiki_natural
nat-0023,י״ל,"לימים התפייסו שני היוצרים ביידיש, י""ל פרץ ושלום עליכם, ושבחו זה את יצירתו של חברו.",יצחק לייבוש,י״ל.01,יצחק לייבוש,verified,5,יש להם | יש לומר | יהודה לב | יצחק לייבוש | יראה לי,natural,yes,wikipedia,"י""ל פרץ",,,wikipedia_natural,wiki_natural
nat-0024,י״ל,"י""ל פרץ הרבה להשתתף באספות פועלים, והחל משנת 1894–1897 הוציא 17 קונטרסים שכתב בעיקר בעצמו, ואלו היוו את מבשרי הספרות הסוציאליסטית ביידיש ברוסיה ובפולין.",יצחק לייבוש,י״ל.01,יצחק לייבוש,verified,5,יש להם | יש לומר | יהודה לב | יצחק לייבוש | יראה לי,natural,yes,wikipedia,"י""ל פרץ",,,wikipedia_natural,wiki_natural
nat-0025,י״ל,"בשנים האחרונות לחייו החל י""ל פרץ לכתוב בעיקר עברית, והשתדל לתרגם יצירות רבות שלו לשפה זו.",יצחק לייבוש,י״ל.01,יצחק לייבוש,verified,5,יש להם | יש לומר | יהודה לב | יצחק לייבוש | יראה לי,natural,yes,wikipedia,"י""ל פרץ",,,wikipedia_natural,wiki_natural
nat-0026,כי״ח,נציג כי״ח שהגיע לעיר שנה לאחר מכן נדהם לראות את היהודים האומללים נושאים טלאי ופנה לשלטונות.,כל ישראל חברים,כי״ח.01,כל ישראל חברים,verified,2,כל ישראל חברים | כל יוצאי חלציו,natural,no,wikipedia,יהדות איראן,,,wikipedia_natural,wiki_natural
nat-0027,כ״א,"מערכת טעמי שאר הספרים נקראת בניגוד אליה ""טעמי כ״א ספרים"".",כל אחד,כ״א.01,(גימטריה) 21,verified,7,כל אחד | כי אם | כוח אדם | כי אתה | כרטיס אשראי | כיווני אוויר | (גימטריה) 21,natural,yes,wikipedia,טעמי המקרא,,,wikipedia_natural,wiki_natural
nat-0028,כ״א,מֶֽתֶג – מתפקד כפי שנכתב לעיל בטעמי כ״א ספרים.,כל אחד,כ״א.01,(גימטריה) 21,verified,7,כל אחד | כי אם | כוח אדם | כי אתה | כרטיס אשראי | כיווני אוויר | (גימטריה) 21,natural,yes,wikipedia,טעמי המקרא,,,wikipedia_natural,wiki_natural
nat-0029,כ״א,פָּסֵק׀ – מתפקד כפי שנכתב לעיל בטעמי כ״א ספרים.,כל אחד,כ״א.01,(גימטריה) 21,verified,7,כל אחד | כי אם | כוח אדם | כי אתה | כרטיס אשראי | כיווני אוויר | (גימטריה) 21,natural,yes,wikipedia,טעמי המקרא,,,wikipedia_natural,wiki_natural
nat-0030,כ״ס,מונע במנוע 1.6HDi (טורבו-דיזל) עם 100 כ״ס.,כוח סוס,כ״ס.01,כוח סוס,verified,3,כפר סבא | כוח סוס | כתב סתר,natural,yes,wikipedia,סיטרואן,,,wikipedia_natural,wiki_natural
nat-0031,כ״ס,"בחזית ה-C4 ספייסטורר מותקן מנוע 1.6HDi המפיק 120 כ״ס, או טורבו-בנזין באותו נפח (THP) עם 165 כ״ס.",כוח סוס,כ״ס.01,כוח סוס,verified,3,כפר סבא | כוח סוס | כתב סתר,natural,yes,wikipedia,סיטרואן,,,wikipedia_natural,wiki_natural
nat-0032,כ״ס,"זמין עם תיבת הילוכים ידנית או רובוטית, המשודכות למנוע 1.6HDi בהספק 75 או 100 כ״ס.",כוח סוס,כ״ס.01,כוח סוס,verified,3,כפר סבא | כוח סוס | כתב סתר,natural,yes,wikipedia,סיטרואן,,,wikipedia_natural,wiki_natural
nat-0033,מג״ב,"רוכב קטנוע דרס לוחם ולוחמת מג""ב ופצע אותם קל-בינוני.",משמר הגבול,מג״ב.01,משמר הגבול,verified,3,משמר הגבול | מגה בית (גם: מגה בייט). בדיוק מיליון בית | מיירט גובה בינוני,natural,no,wikipedia,פיגועי טרור נגד ישראלים בישראל ובשטחים ב-2017,,,wikipedia_natural,wiki_natural
nat-0034,מג״ב,"8 במרץ – מחבלת ממזרח ירושלים בת 50 ניסתה לדקור שוטרי מג""ב ברחוב הגיא שבעיר העתיקה בירושלים.",משמר הגבול,מג״ב.01,משמר הגבול,verified,3,משמר הגבול | מגה בית (גם: מגה בייט). בדיוק מיליון בית | מיירט גובה בינוני,natural,no,wikipedia,פיגועי טרור נגד ישראלים בישראל ובשטחים ב-2017,,,wikipedia_natural,wiki_natural
nat-0035,מג״ב,"13 במרץ – התרחש פיגוע דקירה בשער האריות בירושלים מחבל דקר שני שוטרי מג""ב ופצע אותם באורח בינוני.",משמר הגבול,מג״ב.01,משמר הגבול,verified,3,משמר הגבול | מגה בית (גם: מגה בייט). בדיוק מיליון בית | מיירט גובה בינוני,natural,no,wikipedia,פיגועי טרור נגד ישראלים בישראל ובשטחים ב-2017,,,wikipedia_natural,wiki_natural
nat-0036,מד״א,"האפליקציה משמשת בגרסתה המורחבת גם את כלל פעילי מד""א.",מגן דוד אדום,מד״א.01,מגן דוד אדום,verified,5,מגן דוד אדום | מרא דאתרא | מסכת דרך ארץ | מאן דאמר (מי שאמר) | משום דרכי אמורי,natural,yes,wikipedia,מגן דוד אדום,,,wikipedia_natural,wiki_natural
nat-0037,מד״א,"מוקד רפואי - במוקד הרפואי יושבים רופאים, פרמדיקים וחובשים מטעם מד""א המהווים סמכות רפואית לצוותים שבשטח, הן באישור פעולות מיוחדות והן בהתייעצות רפואית, במידת הצורך.",מגן דוד אדום,מד״א.01,מגן דוד אדום,verified,5,מגן דוד אדום | מרא דאתרא | מסכת דרך ארץ | מאן דאמר (מי שאמר) | משום דרכי אמורי,natural,yes,wikipedia,מגן דוד אדום,,,wikipedia_natural,wiki_natural
nat-0038,מד״א,"נוער מד""א מורכב ממתנדבי נוער בגילאי 15 עד 18 אשר מתנדבים באופן פעיל באמבולנסים, בניידות הטיפול הנמרץ, בהתרמות דם ובאירועים קהילתיים.",מגן דוד אדום,מד״א.01,מגן דוד אדום,verified,5,מגן דוד אדום | מרא דאתרא | מסכת דרך ארץ | מאן דאמר (מי שאמר) | משום דרכי אמורי,natural,yes,wikipedia,מגן דוד אדום,,,wikipedia_natural,wiki_natural
nat-0041,מח״ל,"חלק מצוות המתנדבים האמריקאים, כמו אחרים מאנשי מח""ל, בחרו להישאר במדינת ישראל, ביניהם מורי גרינפילד.",מתנדבי חוץ לארץ במלחמת העצמאות,מח״ל.01,מפלגת חרות לאומית,verified,2,מתנדבי חוץ לארץ במלחמת העצמאות | מפלגת חרות לאומית,natural,no,wikipedia,הצי הסודי של היהודים,,,wikipedia_natural,wiki_natural
nat-0042,מל״ל,"ב-19 בספטמבר 1918 כבש הצבא הבריטי את אזור כפר מל""ל ובהמשך את כל צפון הארץ.",משה לייב ליליינבלום,מל״ל.01,משה לייב ליליינבלום,verified,3,המוסד לביטוח לאומי | המטה לביטחון לאומי | משה לייב ליליינבלום,natural,yes,wikipedia,"כפר מל""ל",,,wikipedia_natural,wiki_natural
nat-0043,מל״ל,"ב־1930 נבנה בית ספר ""כפר מל""ל"" במבנה דו-קומתי לילדי כל האזור ובהמשך המבנה נקרא ""הבית הציבורי"".",משה לייב ליליינבלום,מל״ל.01,משה לייב ליליינבלום,verified,3,המוסד לביטוח לאומי | המטה לביטחון לאומי | משה לייב ליליינבלום,natural,yes,wikipedia,"כפר מל""ל",,,wikipedia_natural,wiki_natural
nat-0044,מל״ל,"בתחילת שנות ה-30 מסרה כפר מל""ל, מסיבות ציוניות, שטחים של אלפי דונמים שהיו ברשותה לטובת הקמת יישובים נוספים מסביב ליישוב.",משה לייב ליליינבלום,מל״ל.01,משה לייב ליליינבלום,verified,3,המוסד לביטוח לאומי | המטה לביטחון לאומי | משה לייב ליליינבלום,natural,yes,wikipedia,"כפר מל""ל",,,wikipedia_natural,wiki_natural
nat-0045,ממ״ד,"במקרה של תוספת ממ""ד לדירה בבית משותף, נדרשת הסכמתם של בעלי 60% מן הדירות.",מרחב מוגן דירתי,ממ״ד.01,מרחב מוגן דירתי,verified,3,ממלכתי דתי | המרכז למחקר מדיני | מרחב מוגן דירתי,natural,yes,wikipedia,מרחב מוגן,,,wikipedia_natural,wiki_natural
nat-0046,ממ״ד,"בשנת 2021, בהובלת שרת הפנים איילת שקד, אושרו הקלות בהוצאת היתר בנייה, כך שבוטלה החובה להשיג היתר בנייה לכל המבנה, על מנת לקבל היתר לבניית ממ""ד.",מרחב מוגן דירתי,ממ״ד.01,מרחב מוגן דירתי,verified,3,ממלכתי דתי | המרכז למחקר מדיני | מרחב מוגן דירתי,natural,yes,wikipedia,מרחב מוגן,,,wikipedia_natural,wiki_natural
nat-0047,ממ״ד,"במהלך מלחמת חרבות ברזל אושרו הקלות נוספות באופן שאפשרו הקמת ממ""ד ללא היתר בנייה.",מרחב מוגן דירתי,ממ״ד.01,מרחב מוגן דירתי,verified,3,ממלכתי דתי | המרכז למחקר מדיני | מרחב מוגן דירתי,natural,yes,wikipedia,מרחב מוגן,,,wikipedia_natural,wiki_natural
nat-0048,מע״ר,"מינימום שעות הלימוד בקורס מע""רים הוא 44 שעות, כאשר מע""ר המעוניין להתלוות לצוות אמבולנס יידרש לעבור הסמכת מע""ר עד 60 שעות.",מגיש עזרה ראשונה,מע״ר.01,מגיש עזרה ראשונה,verified,3,מרכז עסקים ראשי | מגיש עזרה ראשונה | מע'אר (בערבית: المغار),natural,yes,wikipedia,החייאה,,,wikipedia_natural,wiki_natural
nat-0049,מ״מ,"דגם ה-OLED כולל צג OLED בגודל 7 אינץ' (180 מ""מ) 720p, וכשהוא מחובר לעגינה, פלט ברזולוציית 1080p בדומה לדגם המקורי.",מילימטר,מ״מ.01,מילימטר,verified,16,מילימטר | ממלא מקום | מכל מקום | מערכות מידע | מפקד מחלקה | מראה מקום | משתנה מקרי | מרחב מטרי | מגיד מישרים | מרחב מכפלה | מערכות מחשב | מגיד משנה | מערך המבצעים המיוחדים | מכונאי מוטס | מקרא מגילה | מרחב מדגם,natural,yes,wikipedia,נינטנדו סוויץ',,,wikipedia_natural,wiki_natural
nat-0050,מ״מ,"כמות המשקעים הממוצעת היא 700 - 1,500 מ״מ בשנה ברוב האזורים בהם מתקיים אקלים סובטרופי גשום.",מילימטר,מ״מ.01,מילימטר,verified,16,מילימטר | ממלא מקום | מכל מקום | מערכות מידע | מפקד מחלקה | מראה מקום | משתנה מקרי | מרחב מטרי | מגיד מישרים | מרחב מכפלה | מערכות מחשב | מגיד משנה | מערך המבצעים המיוחדים | מכונאי מוטס | מקרא מגילה | מרחב מדגם,natural,yes,wikipedia,אקלים סובטרופי גשום,,,wikipedia_natural,wiki_natural
nat-0051,מ״מ,"בחודשים היבשים ביותר כמות המשקעים היא פחות מ־60 מ""מ בחודש.",מילימטר,מ״מ.01,מילימטר,verified,16,מילימטר | ממלא מקום | מכל מקום | מערכות מידע | מפקד מחלקה | מראה מקום | משתנה מקרי | מרחב מטרי | מגיד מישרים | מרחב מכפלה | מערכות מחשב | מגיד משנה | מערך המבצעים המיוחדים | מכונאי מוטס | מקרא מגילה | מרחב מדגם,natural,yes,wikipedia,אקלים סוואנה טרופי,,,wikipedia_natural,wiki_natural
nat-0052,מ״מ,"יגאל תמיר (יניב ביטון) - מ""מ של המאבטח, קיבל יחס קר מפולישוק לאור העובדה שהיה דומה ליגאל עמיר, רוצחו של ראש ממשלת ישראל, יצחק רבין והיה בעל שם דומה.",ממלא מקום,מ״מ.02,ממלא מקום,verified,16,מילימטר | ממלא מקום | מכל מקום | מערכות מידע | מפקד מחלקה | מראה מקום | משתנה מקרי | מרחב מטרי | מגיד מישרים | מרחב מכפלה | מערכות מחשב | מגיד משנה | מערך המבצעים המיוחדים | מכונאי מוטס | מקרא מגילה | מרחב מדגם,natural,yes,wikipedia,פולישוק (סדרת טלוויזיה),,,wikipedia_natural,wiki_natural
nat-0053,מ״צ,"בחזית הדרום פעלו שלוש אוגדות להן לא היה כוח מ""צ אורגני.",משטרה צבאית,מ״צ.01,משטרה צבאית,verified,3,"מעלות צלזיוס | משטרה צבאית | משיח צדק, משיח צִדקנו",natural,yes,wikipedia,חיל המשטרה הצבאית,,,wikipedia_natural,wiki_natural
nat-0054,מ״צ,"כוחות מ""צ עסקו בשילוט נתיבי העלייה לרמת הגולן ובסימון צירים נקיים ממיקוש.",משטרה צבאית,מ״צ.01,משטרה צבאית,verified,3,"מעלות צלזיוס | משטרה צבאית | משיח צדק, משיח צִדקנו",natural,yes,wikipedia,חיל המשטרה הצבאית,,,wikipedia_natural,wiki_natural
nat-0055,מ״צ,"תחנת מ""צ שנפתחה בגדות סייעה והשתלבה במשימות השונות של השלמת הכיבוש וההתארגנות ברמה.",משטרה צבאית,מ״צ.01,משטרה צבאית,verified,3,"מעלות צלזיוס | משטרה צבאית | משיח צדק, משיח צִדקנו",natural,yes,wikipedia,חיל המשטרה הצבאית,,,wikipedia_natural,wiki_natural
nat-0056,מ״ק,"בנוסף, נהר הירמוך הנשפך אל הירדן מדרום לכנרת תרם בעבר לזרימתו עוד כ־480 מיליון מ""ק בממוצע לשנה, אך כיום מנוצלים מי הירמוך ברובם.",מטר מעוקב,מ״ק.01,מטר מעוקב,verified,10,מספר קטן | מטר מעוקב | מרכז קהילתי | מועד קטן | מכשיר קשר | מרא קמא | מחנה קבע | מילת קריאה | מלכין קדמאין | משמע קצת,natural,yes,wikipedia,נהר הירדן,,,wikipedia_natural,wiki_natural
nat-0057,מ״ק,"בירדן, בגשר הפקק, נרשם השיא של 1,094 מיליון מ״ק לכל העונה (פי 2.5 מהממוצע), ובהידרוגרף בסמוך לשדה נחמיה נמדד השיא של 763 מיליון מ״ק, לעומת ממוצע של 383 מיליון מ״ק בשנה (1942– 2018).",מטר מעוקב,מ״ק.01,מטר מעוקב,verified,10,מספר קטן | מטר מעוקב | מרכז קהילתי | מועד קטן | מכשיר קשר | מרא קמא | מחנה קבע | מילת קריאה | מלכין קדמאין | משמע קצת,natural,yes,wikipedia,נהר הירדן,,,wikipedia_natural,wiki_natural
nat-0058,מ״ק,הספיקה המקסימלית (השיטפונית) הגבוהה ביותר בירדן ההררי בגשר הפקק היא 214 מ״ק בשנייה ונרשמה ביום ה־23 בינואר 1969.,מטר מעוקב,מ״ק.01,מטר מעוקב,verified,10,מספר קטן | מטר מעוקב | מרכז קהילתי | מועד קטן | מכשיר קשר | מרא קמא | מחנה קבע | מילת קריאה | מלכין קדמאין | משמע קצת,natural,yes,wikipedia,נהר הירדן,,,wikipedia_natural,wiki_natural
nat-0059,מ״ר,"שטחו של הבניין 11,000 מ""ר, ובמתו הגדולה יכולה להכיל 450 איש.",מטר רבוע,מ״ר.01,מטר רבוע,verified,3,מטר רבוע | מדרש רבה | מילי־רדיאן,natural,yes,wikipedia,האופרה גרנייה,,,wikipedia_natural,wiki_natural
nat-0060,מ״ר,"המאפיין המרכזי של המבנה הוא האטריום הגבוה, אשר מעוצב כבית משפט פתוח, המוקף בחלל פיסולי המשתרע על פני 16,000 מ״ר.",מטר רבוע,מ״ר.01,מטר רבוע,verified,3,מטר רבוע | מדרש רבה | מילי־רדיאן,natural,yes,wikipedia,הגלריה הלאומית לאמנות (וושינגטון),,,wikipedia_natural,wiki_natural
nat-0061,מ״ר,"בעתירה שהוגשה ביקשו לפתור את בעיית הצפיפות בבתי הסוהר באמצעות גיבוש תוכנית למימוש שטח מחיה הולם לאסיר בטווח זמן סביר הדרושים על מנת להבטיח כי לכל אסיר יהיה שטח מחיה של 4 מ""ר לא כולל שירותים ומקלחת.",מטר רבוע,מ״ר.01,מטר רבוע,verified,3,מטר רבוע | מדרש רבה | מילי־רדיאן,natural,yes,wikipedia,"בג""ץ האגודה לזכויות האזרח נגד השר לביטחון פנים (מרחב המחיה של אסירים)",,,wikipedia_natural,wiki_natural
nat-0062,נ״מ,"הטייס שנטש את מטוס המיסטר שלו היה בני פלד, לאחר שנפגע מאש נ""מ ליד ראס נצרני.",נגד מטוסים,נ״מ.01,נגד מטוסים,verified,2,נגד מטוסים | נפקא מינא,natural,yes,wikipedia,חיל האוויר הישראלי,,,wikipedia_natural,wiki_natural
nat-0063,נ״מ,"במהלך הקרבות איבד החיל 15 מטוסים, רובם מאש נ""מ, ו-5 טייסים נהרגו.",נגד מטוסים,נ״מ.01,נגד מטוסים,verified,2,נגד מטוסים | נפקא מינא,natural,yes,wikipedia,חיל האוויר הישראלי,,,wikipedia_natural,wiki_natural
nat-0064,נ״מ,"בתקופה זו התמודד החיל עם מערכי נ״מ מתקדמים של האויב, שגרמו לאבדות משמעותיות, אך גם הדגישו את חשיבות הפקת הלקחים ושיפור שיטות הלחימה.",נגד מטוסים,נ״מ.01,נגד מטוסים,verified,2,נגד מטוסים | נפקא מינא,natural,yes,wikipedia,חיל האוויר הישראלי,,,wikipedia_natural,wiki_natural
nat-0065,סאפ,"השקעותיו בבנצ'מרק כוללות את Finjan Holdings (הונפקה בשנת 2014) Gigya (נרכשה בשנת 2017 על ידי חברת סאפ) סיקינג אלפא, Digital Fuel, (נרכשה ב-2011 על ידי VMware).",SAP (חברה),סאפ.01,SAP (חברה),verified,7,בוב סאפ | סאפ לאבס ישראל | SAP (חברה) | סאפ (גלישה) | SAP (חומר) | SAP (מפלגה) | Sap (אלבום),natural,yes,wikipedia,מייקל אייזנברג,,,wikipedia_natural,wiki_natural
nat-0066,סאפ,"לצורך כך הוקם צוות לבחינת פתרונות לניהול כלל משאבי הארגון (ERP), שנפגש עם שתי השחקניות העולמיות החזקות בתחום: ""אורקל"" ו""סאפ"".",SAP (חברה),סאפ.01,SAP (חברה),verified,7,בוב סאפ | סאפ לאבס ישראל | SAP (חברה) | סאפ (גלישה) | SAP (חומר) | SAP (מפלגה) | Sap (אלבום),natural,yes,wikipedia,"מרכב""ה",,,wikipedia_natural,wiki_natural
nat-0067,סאפ,"למרות זאת, הוחלט בשנת 2000, בתמיכת החשב הכללי, ניר גלעד, ונציב שירות המדינה, שמואל הולנדר, לצאת למכרז לרכישת מערכת כזו, בו זכתה חברת ""סאפ"".",SAP (חברה),סאפ.01,SAP (חברה),verified,7,בוב סאפ | סאפ לאבס ישראל | SAP (חברה) | סאפ (גלישה) | SAP (חומר) | SAP (מפלגה) | Sap (אלבום),natural,yes,wikipedia,"מרכב""ה",,,wikipedia_natural,wiki_natural
nat-0068,סאפ,"בנוסף לאוניות הנוסעים ולסירות הכבול התיירותיות, פועלות בנהר גם סירות מנוע קטנות יותר, קאנו, קיאק וסאפ.",סאפ (גלישה),סאפ.02,סאפ (גלישה),verified,7,בוב סאפ | סאפ לאבס ישראל | SAP (חברה) | סאפ (גלישה) | SAP (חומר) | SAP (מפלגה) | Sap (אלבום),natural,yes,wikipedia,המה (נהר),,,wikipedia_natural,wiki_natural
nat-0069,סאפ,באזור החוף קיימת שונית אליה מגיעים גם גולשי סאפ.,סאפ (גלישה),סאפ.02,סאפ (גלישה),verified,7,בוב סאפ | סאפ לאבס ישראל | SAP (חברה) | סאפ (גלישה) | SAP (חומר) | SAP (מפלגה) | Sap (אלבום),natural,yes,wikipedia,קברטה,,,wikipedia_natural,wiki_natural
nat-0070,סמ״ר,"ב-8 ביולי 1992 נהרג סמ""ר אלי אישה, לוחם היחידה, מירי דו-צדדי במבצע ללכידת מבוקש במסגד בכפר ברטעה, לאחר שנחשד בטעות כמחבל.",סמל ראשון,סמ״ר.01,סמל ראשון,verified,3,סמל ראשון | ספינת משמר | סנטימטר רבוע,natural,yes,wikipedia,יחידת דובדבן,,,wikipedia_natural,wiki_natural
nat-0071,סמ״ר,"ב-20 במרץ 2018 נהרג סמ""ר שחר סטרוג מכדור שנפלט מאקדחו של לוחם אחר ביחידה.",סמל ראשון,סמ״ר.01,סמל ראשון,verified,3,סמל ראשון | ספינת משמר | סנטימטר רבוע,natural,yes,wikipedia,יחידת דובדבן,,,wikipedia_natural,wiki_natural
nat-0072,סמ״ר,"לפתע נורתה רקטת RPG על אחד הדחפורים, ומהפגיעה נהרג אחד מאנשי הצוות, סמ""ר משה דוינו, והשני נפצע קשה.",סמל ראשון,סמ״ר.01,סמל ראשון,verified,3,סמל ראשון | ספינת משמר | סנטימטר רבוע,natural,yes,wikipedia,קרב ח'וזאעה,,,wikipedia_natural,wiki_natural
nat-0073,ס״מ,"ציר (y) מציג את התרחבות צוואר הרחם אצל היולדת בסנטימטרים, וסקאלת הממדים נעה מ-0 עד 10 ס״מ.",סנטימטר,ס״מ.01,סנטימטר,verified,4,סנטימטר | סגן מפקד | סמאל | סטרא דמסאבותא,natural,yes,wikipedia,עקומת פרידמן,,,wikipedia_natural,wiki_natural
nat-0074,ס״מ,בדרך כלל הפאזה השנייה מתחילה כאשר צוואר הרחם מגיע להתרחבות של 3–6 ס״מ.,סנטימטר,ס״מ.01,סנטימטר,verified,4,סנטימטר | סגן מפקד | סמאל | סטרא דמסאבותא,natural,yes,wikipedia,עקומת פרידמן,,,wikipedia_natural,wiki_natural
nat-0075,ס״מ,"קצב ההתרחבות במהלך הפאזה האקטיבית עומד על 1 ס״מ לשעה אצל נשים בלידה ראשונה, וכ-1.2 ס״מ לשעה אצל נשים בלידה חוזרת.",סנטימטר,ס״מ.01,סנטימטר,verified,4,סנטימטר | סגן מפקד | סמאל | סטרא דמסאבותא,natural,yes,wikipedia,עקומת פרידמן,,,wikipedia_natural,wiki_natural
nat-0076,עכו״ם,"בתלמוד נזכר שרבי יהודה הנשיא תמה באוזני תלמידיו מדוע לאסור פת עכו""ם במצבים שבהם אין חשש קרבה לגוי.",עבודה זרה,עכו״ם.01,עבודת כוכבים ומזלות,verified,6,עבודה זרה | גוי | פגניות | הלכות הרחקה מגויים | עבודת כוכבים ומזלות | עובד כוכבים ומזלות (גויים ונכרים עובדי אלילים),natural,yes,wikipedia,"פת עכו""ם",,,wikipedia_natural,wiki_natural
nat-0077,עכו״ם,"על פי הרבנות הראשית, היתר זה הוא קולא בעת הצורך בלבד, ולכן בארץ ישראל אין סיבה להתיר פת עכו""ם, והרבנות אינה מאשרת יבוא כזה, גם אם נאפה בכשרות מוסמכת בחוץ לארץ, שהרי בארץ ישראל יש שפע של פת ישראל.",עבודה זרה,עכו״ם.01,עובד כוכבים ומזלות (גויים ונכרים עובדי אלילים),verified,6,עבודה זרה | גוי | פגניות | הלכות הרחקה מגויים | עבודת כוכבים ומזלות | עובד כוכבים ומזלות (גויים ונכרים עובדי אלילים),natural,yes,wikipedia,"פת עכו""ם",,,wikipedia_natural,wiki_natural
nat-0078,ע״ג,"לפנות בוקר אותר אדם בים ע״ג מצוף במרחק 1,000 מטר מנמל בירות.",על גבי,ע״ג.01,על גבי,verified,2,על גבי | עבודת גילולים,natural,no,wikipedia,אלי רונן,,,wikipedia_natural,wiki_natural
nat-0079,ע״י,"עם זאת, עלו טענות[דרוש מקור: ע״י מי?] כי תווי הפנים של האמוג'ים החדשים עודם מבטאים תווי פנים של אנשים לבנים.",על ידי,ע״י.01,על ידי,verified,3,על ידי | על יד | עַם ישראל,natural,yes,wikipedia,אמוג'י,,,wikipedia_natural,wiki_natural
nat-0080,ע״י,"יחד עם זאת, חלק מנגני המוזיקה הים-תיכונית מחפשים להתגבר על מגבלה זו ולהרחיב את המנעד הצלילי של הכלי ע״י הוספת ""סריג צף"" לצוואר הבוזוקי (סריג ביניים אשר אינו מקובע לעץ הלוח).",על ידי,ע״י.01,על ידי,verified,3,על ידי | על יד | עַם ישראל,natural,yes,wikipedia,בוזוקי,,,wikipedia_natural,wiki_natural
nat-0081,ע״פ,"הספר הוא מעין ""אנציקלופדיה לדיני ממונות וחושן משפט"" מסודר לפי עניינים ונושאים ולא ע״פ סדר מסכתות התלמוד.",על פי,ע״פ.01,על פי,verified,5,על פי | על פניו | על פה | ערעור פלילי | עושה פסים (=סרגל),natural,yes,wikipedia,שמואל הסרדי,,,wikipedia_natural,wiki_natural
nat-0082,ע״פ,"זה לא מפתיע - ע״פ נתוני Mail.ru, לא פחות מ-25 מיליון מאזרחי אוקראינה עושים שימוש בשירותי הפורטל, יותר ממחצית מאוכלוסיית המדינה.",על פי,ע״פ.01,על פי,verified,5,על פי | על פניו | על פה | ערעור פלילי | עושה פסים (=סרגל),natural,yes,wikipedia,פטרו פורושנקו,,,wikipedia_natural,wiki_natural
nat-0083,ע״ר,"תכלית - המכון למדיניות ישראלית ע״ר הוא מכון מחקר ישראלי יישומי הפועל לחיזוק הדמוקרטיה הישראלית ומוסדותיה, ולחידוש האמנה האזרחית בין כל חלקי החברה הישראלית.",עמותה רשומה,ע״ר.01,עמותה רשומה,verified,3,עזרה ראשונה | עמותה רשומה | עיתון רשמי,natural,yes,wikipedia,מכון תכלית,,,wikipedia_natural,wiki_natural
nat-0088,קצא״א,"בשלב ראשון עובדי קצא""א בשיתוף פקחי רשות הטבע והגנים הגיעו לאתר ויצרו מחסומים פיזיים בעזרת דחפורים על מנת לעצור את התפשטות הנפט בשמורה.",קו צינור אילת-אשקלון,קצא״א.01,קו צינור אילת-אשקלון,verified,3,קו צינור אילת-אשקלון | דליפת הנפט בשמורת עברונה | חברת קו צינור אירופה אסיה,natural,yes,wikipedia,עברונה,,,wikipedia_natural,wiki_natural
nat-0089,קצא״א,"ראש הממשלה באותה עת, בנימין נתניהו, החליט זמן קצר לאחר מכן, ששיקום השמורה ייעשה מכספי המדינה, ועורר בכך כעס רב מצד הטוענים שחברת קצא""א הייתה אמורה לשאת בעלויות אלה.",קו צינור אילת-אשקלון,קצא״א.01,קו צינור אילת-אשקלון,verified,3,קו צינור אילת-אשקלון | דליפת הנפט בשמורת עברונה | חברת קו צינור אירופה אסיה,natural,yes,wikipedia,עברונה,,,wikipedia_natural,wiki_natural
nat-0090,קצא״א,"נגד קצא""א הוגשו מספר תביעות ייצוגיות שאוחדו לתובענה ייצוגית אזרחית אחת.",קו צינור אילת-אשקלון,קצא״א.01,קו צינור אילת-אשקלון,verified,3,קו צינור אילת-אשקלון | דליפת הנפט בשמורת עברונה | חברת קו צינור אירופה אסיה,natural,yes,wikipedia,עברונה,,,wikipedia_natural,wiki_natural
nat-0091,קק״ל,"לאחר הקמת מדינת ישראל התאגדה קק""ל כחברה ישראלית ובתזכיר התאגדותה משנת 1954 נוסחו מטרותיה ובהן קניה וחכירת קרקעות ליישוב יהודים.",קרן קיימת לישראל,קק״ל.01,קרן קיימת לישראל,verified,2,קרן קיימת לישראל | קילו קלוריה,natural,no,wikipedia,קרן קיימת לישראל,,,wikipedia_natural,wiki_natural
nat-0092,קק״ל,"לפני קום המדינה עסקה קק""ל בעיקר ברכישת קרקעות בארץ ישראל לשם יישוב יהודים בהן.",קרן קיימת לישראל,קק״ל.01,קרן קיימת לישראל,verified,2,קרן קיימת לישראל | קילו קלוריה,natural,no,wikipedia,קרן קיימת לישראל,,,wikipedia_natural,wiki_natural
nat-0093,קק״ל,"בחודש אוגוסט 2014 פורסם כי דירקטוריון קק""ל קיבל החלטה לפיה קק""ל תיערך להיפרדות מן המדינה והפסקת ההתקשרות עם רשות מקרקעי ישראל המנהלת את אדמות קק""ל.",קרן קיימת לישראל,קק״ל.01,קרן קיימת לישראל,verified,2,קרן קיימת לישראל | קילו קלוריה,natural,no,wikipedia,קרן קיימת לישראל,,,wikipedia_natural,wiki_natural
nat-0094,רש״ת,"בתחילת יולי 2026 פורסם מכרז של רש""ת להרחבה של טרמינל 3.",ראשי תיבות,רש״ת.02,רשות שדות התעופה,verified,2,ראשי תיבות | רשות שדות התעופה,natural,no,wikipedia,נמל התעופה בן-גוריון,,,wikipedia_natural,wiki_natural
nat-0095,ר״ג,"במדי ר""ג רשם קפלן 5,913 נקודות קריירה (לפני עידן השלשות), וממוקם במקום העשירי בטבלת קלעי כל הזמנים במדינת ישראל.",רמת גן,ר״ג.01,רמת גן,verified,3,רמת גן | רבן גמליאל | מספר הוקטורים הבלתי-תלויים המתאימים לערך עצמי כלשהו,natural,yes,wikipedia,הפועל רמת-גן גבעתיים (כדורסל),,,wikipedia_natural,wiki_natural
nat-0096,ר״ג,"ר""ג הפסידה למכבי כרמיאל ב-6 נקודות אך ניצחה ב-7 נקודות במשחק הבית שלה, וכן ניצחה פעמיים את הפועל עמק הירדן.",רמת גן,ר״ג.01,רמת גן,verified,3,רמת גן | רבן גמליאל | מספר הוקטורים הבלתי-תלויים המתאימים לערך עצמי כלשהו,natural,yes,wikipedia,הפועל רמת-גן גבעתיים (כדורסל),,,wikipedia_natural,wiki_natural
nat-0097,ר״ג,"לטענת אוהדי ר״ג-גבעתיים, מכבי רמת-גן מתוקצבת על ידי עיריית רמת-גן פי כמה וכמה על פני הפועל, וישנן בעיות חוזרות ונשנות מדי עונה על חלוקת התקציב למועדונים.",רמת גן,ר״ג.01,רמת גן,verified,3,רמת גן | רבן גמליאל | מספר הוקטורים הבלתי-תלויים המתאימים לערך עצמי כלשהו,natural,yes,wikipedia,הפועל רמת-גן גבעתיים (כדורסל),,,wikipedia_natural,wiki_natural
nat-0100,ש״ח,"מדי שבוע מקבל כל זוג 50 אלף ש""ח לקופה השבועית שלו, אותם יכול להשקיע במשימות של אותו שבוע: משימת גברים ומשימת נשים.",ש.ח.,ש״ח.02,שקל חדש,verified,5,ש.ח. | שקל חדש | שידור חוזר | שומר חינם | שטר חוב,natural,yes,wikipedia,Power Couple,,,wikipedia_natural,wiki_natural
nat-0101,ש״ח,"להערכת העותרים מדובר בתשלום בסך כחצי מיליארד ש""ח בגין השנים 2030-2017.",ש.ח.,ש״ח.02,שקל חדש,verified,5,ש.ח. | שקל חדש | שידור חוזר | שומר חינם | שטר חוב,natural,yes,wikipedia,לובי 99,,,wikipedia_natural,wiki_natural
nat-0102,ש״ח,"משרד התחבורה אימץ את עמדתנו לפיה אין לאשר חלוקת דיבידנד בהיקף של חצי מיליארד ש""ח, כל עוד לא מבוצעות השקעות מספקות בשיפור השירות.",ש.ח.,ש״ח.02,שקל חדש,verified,5,ש.ח. | שקל חדש | שידור חוזר | שומר חינם | שטר חוב,natural,yes,wikipedia,לובי 99,,,wikipedia_natural,wiki_natural
nat-0103,ש״ח,"באפריל 2018 פסק בית המשפט שעובד בתחנת דלק שכינהו ""נאצי"", הצדיע לו במועל יד והתעלם מזימונים למשפט, ישלם לו פיצוי בסך 200 אלף ש״ח.",שקל חדש,ש״ח.01,שקל חדש,verified,5,ש.ח. | שקל חדש | שידור חוזר | שומר חינם | שטר חוב,natural,yes,wikipedia,איתמר בן גביר,,,wikipedia_natural,wiki_natural
nat-0104,ש״ח,בית המשפט פסק כי על חמיש לפצות את בן גביר ב־30 אלף ש״ח.,שקל חדש,ש״ח.01,שקל חדש,verified,5,ש.ח. | שקל חדש | שידור חוזר | שומר חינם | שטר חוב,natural,yes,wikipedia,איתמר בן גביר,,,wikipedia_natural,wiki_natural
nat-0105,ש״ח,"בן גביר הכחיש את התחקיר, וכשבועיים לאחר שידור התכנית הגיש נגד התוכנית ונגד רוני חן שהתראיינה בה תביעה בסך שני מיליון ש״ח.",שקל חדש,ש״ח.01,שקל חדש,verified,5,ש.ח. | שקל חדש | שידור חוזר | שומר חינם | שטר חוב,natural,yes,wikipedia,איתמר בן גביר,,,wikipedia_natural,wiki_natural
nat-0106,ש״י,"תמול שלשום הוא רומן מאת ש""י עגנון שפורסם בשנת 1945.",שמואל יוסף (עגנון),ש״י.01,שמואל יוסף (עגנון),verified,4,שמואל יוסף (עגנון) | שומרון-יהודה | שירות ידיעות | ש (=השם) ישמרם,natural,no,wikipedia,תמול שלשום,,,wikipedia_natural,wiki_natural
nat-0107,ש״י,"ככל סיפוריו של ש""י עגנון, ""תמול שלשום"" ממשיך לצאת לאור בהוצאת שוקן.",שמואל יוסף (עגנון),ש״י.01,שמואל יוסף (עגנון),verified,4,שמואל יוסף (עגנון) | שומרון-יהודה | שירות ידיעות | ש (=השם) ישמרם,natural,no,wikipedia,תמול שלשום,,,wikipedia_natural,wiki_natural
nat-0108,ש״י,"בעז ערפלי, רב-רומאן: חמישה מאמרים על ""תמול שלשום"" מאת ש""י עגנון, המכון לפואטיקה וסמיוטיקה על שם פורטר, אוניברסיטת תל אביב, הוצאת הקיבוץ המאוחד, 1998.",שמואל יוסף (עגנון),ש״י.01,שמואל יוסף (עגנון),verified,4,שמואל יוסף (עגנון) | שומרון-יהודה | שירות ידיעות | ש (=השם) ישמרם,natural,no,wikipedia,תמול שלשום,,,wikipedia_natural,wiki_natural
nat-0109,ש״ס,"הדרישה ללימוד גברה, ובעקבות כך הודפסו סטים חדשים של ש""ס.",משנה,ש״ס.01,שישה סדרים,verified,8,משנה | תלמוד | תלמוד בבלי | תלמוד ירושלמי | שחר סוויסה | שישה סדרים | שעה סמסטריאלית | שומרי תורה ספרדיים,natural,yes,wikipedia,ישיבת וולוז'ין,,,wikipedia_natural,wiki_natural
nat-0110,ש״ס,"בבחירות נבחר מועמד ש""ס יהודה בוטבול שזכה ב־55.3%.",משנה,ש״ס.01,שומרי תורה ספרדיים,verified,8,משנה | תלמוד | תלמוד בבלי | תלמוד ירושלמי | שחר סוויסה | שישה סדרים | שעה סמסטריאלית | שומרי תורה ספרדיים,natural,yes,wikipedia,הבחירות לרשויות המקומיות בישראל (2024),,,wikipedia_natural,wiki_natural
nat-0111,ש״ס,"בבחירות למועצה זכתה ש""ס ב־6 מנדטים, אגודת ישראל ב־4, דגל התורה ב־3, תושבים שווים בראשות יצחק חלה והבית שלנו באלעד בראשות יניב בדלוב במנדט 1 כל אחת.",משנה,ש״ס.01,שומרי תורה ספרדיים,verified,8,משנה | תלמוד | תלמוד בבלי | תלמוד ירושלמי | שחר סוויסה | שישה סדרים | שעה סמסטריאלית | שומרי תורה ספרדיים,natural,yes,wikipedia,הבחירות לרשויות המקומיות בישראל (2024),,,wikipedia_natural,wiki_natural
nat-0112,ש״ס,"עמד יחד עם הרב איסר זלמן מלצר והרב יצחק אייזיק הרצוג והרב שלמה יוסף זוין בראשות מערכת ש""ס הארצישראלי שהקים הרב מאיר בר-אילן.",תלמוד,ש״ס.02,שומרי תורה ספרדיים,verified,8,משנה | תלמוד | תלמוד בבלי | תלמוד ירושלמי | שחר סוויסה | שישה סדרים | שעה סמסטריאלית | שומרי תורה ספרדיים,natural,yes,wikipedia,"יעקב משה חרל""פ",,,wikipedia_natural,wiki_natural
nat-0113,ש״ס,"המבנה כלל שני בתי מדרש, פורת יוסף ללימוד ש״ס ופוסקים, ועוז והדר ללימוד הקבלה, ו-25 חדרים, וחדר אוכל גדול ומטבח משותף.",תלמוד,ש״ס.02,שישה סדרים,verified,8,משנה | תלמוד | תלמוד בבלי | תלמוד ירושלמי | שחר סוויסה | שישה סדרים | שעה סמסטריאלית | שומרי תורה ספרדיים,natural,yes,wikipedia,ישיבת פורת יוסף,,,wikipedia_natural,wiki_natural
nat-0114,ש״ס,"לימים, חמישה רבנים שלמדו בישיבה ובה הוכשרו לרבנות, הקימו בשנת 1983 את ""מועצת חכמי התורה"" במטרה לשמש כהנהגה הרוחנית של תנועת ש""ס שגם הוקמה באותן השנים.",תלמוד בבלי,ש״ס.06,שומרי תורה ספרדיים,verified,8,משנה | תלמוד | תלמוד בבלי | תלמוד ירושלמי | שחר סוויסה | שישה סדרים | שעה סמסטריאלית | שומרי תורה ספרדיים,natural,yes,wikipedia,ישיבת פורת יוסף,,,wikipedia_natural,wiki_natural
nat-0116,תמ״א,"בתקופה זו יזמה את תמ""א 28 (תחנת ממסר לשידורי ""קול אמריקה"" בערבה) ואת תמ""א 31 – תוכנית חדשנית לבנייה, פיתוח וקליטת העלייה מברית המועצות לשעבר.",תוכנית מתאר ארצית,תמ״א.01,תוכנית מתאר ארצית,verified,2,תוכנית מתאר ארצית | תוספת מכסת אחוזים,natural,no,wikipedia,דינה רצ'בסקי,,,wikipedia_natural,wiki_natural
nat-0117,תמ״א,"בתקופתה הוכנו שש תוכניות מתאר מחוזיות מעודכנות, ששימשו תשתית ישירה להכנתה של תמ""א 35, שאושרה מאוחר יותר בשנת 2005.",תוכנית מתאר ארצית,תמ״א.01,תוכנית מתאר ארצית,verified,2,תוכנית מתאר ארצית | תוספת מכסת אחוזים,natural,no,wikipedia,דינה רצ'בסקי,,,wikipedia_natural,wiki_natural
nat-0118,תמ״ג,"הסקר מתבסס על פרמטרים כמו תמ״ג לנפש, חינוך, תוחלת חיים ושחיתות.",תוצר מקומי גולמי,תמ״ג.01,תוצר מקומי גולמי,verified,2,תהודה מגנטית גרעינית | תוצר מקומי גולמי,natural,yes,wikipedia,"דו""ח האושר העולמי",,,wikipedia_natural,wiki_natural
nat-0119,ת״א,"רוב השקעות הציבור הלא מתוחכם, המבקש להשקיע בבורסה באופן ישיר, מתבצעות דרך מוצרי מדד ת""א 35 (לשעבר ת""א 25).",תל אביב,ת״א.01,תל אביב,verified,7,תל אביב | תפוח אדמה | תרגום אונקלוס | תיק אזרחי | תחבושת אישית | מדדים של הבורסה לניירות ערך בתל אביב | תכנית אימונים,natural,yes,wikipedia,מדד תל אביב 35,,,wikipedia_natural,wiki_natural
nat-0120,ת״א,"רוב התעודות העוקבות אחר מדד ת""א 35 עושות זאת ביחס של 1:1 עם שער המדד.",תל אביב,ת״א.01,תל אביב,verified,7,תל אביב | תפוח אדמה | תרגום אונקלוס | תיק אזרחי | תחבושת אישית | מדדים של הבורסה לניירות ערך בתל אביב | תכנית אימונים,natural,yes,wikipedia,מדד תל אביב 35,,,wikipedia_natural,wiki_natural
nat-0121,ת״א,"התנהגות מדד ת""א 35 מושפעת באופן בולט מהתנהגות המדדים בארצות הברית ומדד DAX הגרמני.",תל אביב,ת״א.01,תל אביב,verified,7,תל אביב | תפוח אדמה | תרגום אונקלוס | תיק אזרחי | תחבושת אישית | מדדים של הבורסה לניירות ערך בתל אביב | תכנית אימונים,natural,yes,wikipedia,מדד תל אביב 35,,,wikipedia_natural,wiki_natural
nat-0122,ת״י,"התקן של מכון התקנים הישראלי למקלדת עברית נקרא ת""י 1452 (או SI 1452).",תקן ישראלי,ת״י.01,תקן ישראלי,verified,2,תקן ישראלי | תרג(ו)ם יונתן,natural,no,wikipedia,מקלדת עברית,,,wikipedia_natural,wiki_natural
nat-0123,ת״י,"ת""י 1452 חלק 2 באתר מכון התקנים הישראלי.",תקן ישראלי,ת״י.01,תקן ישראלי,verified,2,תקן ישראלי | תרג(ו)ם יונתן,natural,no,wikipedia,מקלדת עברית,,,wikipedia_natural,wiki_natural
