item_id,acronym,gold,candidates,shown_order,response,correct,valid,multi_sense_type
ha-01004,הרה״ר,הרב הראשי,הרב הראשי | הרבנות הראשית,הרבנות הראשית | הרב הראשי,B,True,True,yes
ha-01005,הרה״ר,הרב הראשי,הרב הראשי | הרבנות הראשית,הרבנות הראשית | הרב הראשי,B,True,True,yes
ha-01006,הרה״ר,הרב הראשי,הרב הראשי | הרבנות הראשית,הרב הראשי | הרבנות הראשית,A,True,True,yes
ha-01007,הרה״ר,הרבנות הראשית,הרב הראשי | הרבנות הראשית,הרבנות הראשית | הרב הראשי,A,True,True,yes
ha-01008,הרה״ר,הרבנות הראשית,הרב הראשי | הרבנות הראשית,הרבנות הראשית | הרב הראשי,A,True,True,yes
ha-01009,הרה״ר,הרבנות הראשית,הרב הראשי | הרבנות הראשית,הרבנות הראשית | הרב הראשי,A,True,True,yes
ha-01194,חמ״ס,חומר מסווג,"חומר מסווג | חומשים, מחזורים, סידורים","חומשים, מחזורים, סידורים | חומר מסווג",B,True,True,no
ha-01195,חמ״ס,חומר מסווג,"חומר מסווג | חומשים, מחזורים, סידורים","חומשים, מחזורים, סידורים | חומר מסווג",B,True,True,no
ha-01196,חמ״ס,חומר מסווג,"חומר מסווג | חומשים, מחזורים, סידורים","חומר מסווג | חומשים, מחזורים, סידורים",A,True,True,no
ha-00475,ביד״מ,בית דין מיוחד,"בית דין מיוחד | בית דין למשמעת, בית דין משמעתי","בית דין למשמעת, בית דין משמעתי | בית דין מיוחד",B,True,True,no
ha-00476,ביד״מ,בית דין מיוחד,"בית דין מיוחד | בית דין למשמעת, בית דין משמעתי","בית דין למשמעת, בית דין משמעתי | בית דין מיוחד",B,True,True,no
ha-00477,ביד״מ,בית דין מיוחד,"בית דין מיוחד | בית דין למשמעת, בית דין משמעתי","בית דין למשמעת, בית דין משמעתי | בית דין מיוחד",B,True,True,no
ha-01188,חי״ש,חיל שריון,חיל שריון | חיל שדה,חיל שדה | חיל שריון,A,False,True,no
ha-01189,חי״ש,חיל שריון,חיל שריון | חיל שדה,חיל שדה | חיל שריון,A,False,True,no
ha-01190,חי״ש,חיל שריון,חיל שריון | חיל שדה,חיל שדה | חיל שריון,A,False,True,no
ha-02318,סמ״ש,סימון שבילים,סימון שבילים | סמל שני,סמל שני | סימון שבילים,B,True,True,no
ha-02319,סמ״ש,סימון שבילים,סימון שבילים | סמל שני,סימון שבילים | סמל שני,A,True,True,no
ha-02320,סמ״ש,סימון שבילים,סימון שבילים | סמל שני,סמל שני | סימון שבילים,B,True,True,no
ha-02321,סמ״ש,סמל שני,סימון שבילים | סמל שני,סימון שבילים | סמל שני,B,True,True,no
ha-01497,כ״כ,כיתת כוננות,כמו כן | כל כך | כיתת כוננות,כמו כן | כל כך | כיתת כוננות,C,True,True,yes
ha-01498,כ״כ,כיתת כוננות,כמו כן | כל כך | כיתת כוננות,כל כך | כיתת כוננות | כמו כן,B,True,True,yes
ha-01499,כ״כ,כיתת כוננות,כמו כן | כל כך | כיתת כוננות,כמו כן | כל כך | כיתת כוננות,C,True,True,yes
ha-01500,כ״כ,כל כך,כמו כן | כל כך | כיתת כוננות,כמו כן | כיתת כוננות | כל כך,C,True,True,yes
ha-01501,כ״כ,כל כך,כמו כן | כל כך | כיתת כוננות,כל כך | כיתת כוננות | כמו כן,A,True,True,yes
ha-01502,כ״כ,כל כך,כמו כן | כל כך | כיתת כוננות,כיתת כוננות | כמו כן | כל כך,C,True,True,yes
ha-01503,כ״כ,כמו כן,כמו כן | כל כך | כיתת כוננות,כיתת כוננות | כל כך | כמו כן,C,True,True,yes
ha-01504,כ״כ,כמו כן,כמו כן | כל כך | כיתת כוננות,כיתת כוננות | כל כך | כמו כן,C,True,True,yes
ha-01505,כ״כ,כמו כן,כמו כן | כל כך | כיתת כוננות,כמו כן | כיתת כוננות | כל כך,A,True,True,yes
ha-03282,תע״צ,תענית ציבור,תענית ציבור | תעודת עובד ציבור,תעודת עובד ציבור | תענית ציבור,B,True,True,no
ha-01888,ממ״ר,מילימטר רבוע,מפקד מרחב | מילימטר רבוע,מפקד מרחב | מילימטר רבוע,B,True,True,no
ha-01889,ממ״ר,מילימטר רבוע,מפקד מרחב | מילימטר רבוע,מילימטר רבוע | מפקד מרחב,A,True,True,no
ha-01890,ממ״ר,מילימטר רבוע,מפקד מרחב | מילימטר רבוע,מפקד מרחב | מילימטר רבוע,B,True,True,no
ha-01891,ממ״ר,מפקד מרחב,מפקד מרחב | מילימטר רבוע,מילימטר רבוע | מפקד מרחב,B,True,True,no
ha-00604,ב״ג,בן גמליאל,בן גוריון | בן גמליאל | בני גד,בן גוריון | בן גמליאל | בני גד,B,True,True,yes
ha-00605,ב״ג,בן גמליאל,בן גוריון | בן גמליאל | בני גד,בן גוריון | בן גמליאל | בני גד,B,True,True,yes
ha-00606,ב״ג,בן גמליאל,בן גוריון | בן גמליאל | בני גד,בן גמליאל | בן גוריון | בני גד,A,True,True,yes
ha-00607,ב״ג,בני גד,בן גוריון | בן גמליאל | בני גד,בן גמליאל | בן גוריון | בני גד,C,True,True,yes
ha-00608,ב״ג,בני גד,בן גוריון | בן גמליאל | בני גד,בן גמליאל | בני גד | בן גוריון,B,True,True,yes
ha-00609,ב״ג,בני גד,בן גוריון | בן גמליאל | בני גד,בני גד | בן גוריון | בן גמליאל,A,True,True,yes
ha-00843,דפ״א,דיודה פולטת אור,דיודה פולטת אור | דרך פעולה אפשרית,דרך פעולה אפשרית | דיודה פולטת אור,B,True,True,yes
ha-00844,דפ״א,דיודה פולטת אור,דיודה פולטת אור | דרך פעולה אפשרית,דרך פעולה אפשרית | דיודה פולטת אור,B,True,True,yes
ha-00845,דפ״א,דיודה פולטת אור,דיודה פולטת אור | דרך פעולה אפשרית,דיודה פולטת אור | דרך פעולה אפשרית,A,True,True,yes
ha-00846,דפ״א,דרך פעולה אפשרית,דיודה פולטת אור | דרך פעולה אפשרית,דיודה פולטת אור | דרך פעולה אפשרית,B,True,True,yes
ha-00847,דפ״א,דרך פעולה אפשרית,דיודה פולטת אור | דרך פעולה אפשרית,דיודה פולטת אור | דרך פעולה אפשרית,B,True,True,yes
ha-01377,יעב״ץ,מבעלי התוספות,"מבעלי התוספות | מחכמי מרוקו במאה ה-18 | (1698 - 1776), מגדולי הרבנים במאה ה-18","מבעלי התוספות | מחכמי מרוקו במאה ה-18 | (1698 - 1776), מגדולי הרבנים במאה ה-18",A,True,True,no
ha-01378,יעב״ץ,מבעלי התוספות,"מבעלי התוספות | מחכמי מרוקו במאה ה-18 | (1698 - 1776), מגדולי הרבנים במאה ה-18","(1698 - 1776), מגדולי הרבנים במאה ה-18 | מחכמי מרוקו במאה ה-18 | מבעלי התוספות",C,True,True,no
ha-01379,יעב״ץ,מבעלי התוספות,"מבעלי התוספות | מחכמי מרוקו במאה ה-18 | (1698 - 1776), מגדולי הרבנים במאה ה-18","(1698 - 1776), מגדולי הרבנים במאה ה-18 | מבעלי התוספות | מחכמי מרוקו במאה ה-18",B,True,True,no
ha-01528,כ״ק,כבוד קדושת,כושר קרבי | כבוד קדושת,כושר קרבי | כבוד קדושת,B,True,True,no
ha-01529,כ״ק,כושר קרבי,כושר קרבי | כבוד קדושת,כבוד קדושת | כושר קרבי,B,True,True,no
ha-01530,כ״ק,כושר קרבי,כושר קרבי | כבוד קדושת,כבוד קדושת | כושר קרבי,B,True,True,no
ha-01531,כ״ק,כושר קרבי,כושר קרבי | כבוד קדושת,כבוד קדושת | כושר קרבי,B,True,True,no
ha-02494,ע״ע,עבודה עצמית,ערך עצמי | עיין ערך | עבודה עצמית | ערעור עבודה,ערך עצמי | עבודה עצמית | ערעור עבודה | עיין ערך,B,True,True,yes
ha-02495,ע״ע,עבודה עצמית,ערך עצמי | עיין ערך | עבודה עצמית | ערעור עבודה,עיין ערך | ערך עצמי | ערעור עבודה | עבודה עצמית,D,True,True,yes
ha-02496,ע״ע,עבודה עצמית,ערך עצמי | עיין ערך | עבודה עצמית | ערעור עבודה,עיין ערך | ערעור עבודה | ערך עצמי | עבודה עצמית,D,True,True,yes
ha-02497,ע״ע,עיין ערך,ערך עצמי | עיין ערך | עבודה עצמית | ערעור עבודה,ערעור עבודה | עבודה עצמית | עיין ערך | ערך עצמי,C,True,True,yes
ha-02498,ע״ע,עיין ערך,ערך עצמי | עיין ערך | עבודה עצמית | ערעור עבודה,עיין ערך | ערעור עבודה | ערך עצמי | עבודה עצמית,A,True,True,yes
ha-02499,ע״ע,עיין ערך,ערך עצמי | עיין ערך | עבודה עצמית | ערעור עבודה,ערעור עבודה | עיין ערך | ערך עצמי | עבודה עצמית,B,True,True,yes
ha-02500,ע״ע,ערך עצמי,ערך עצמי | עיין ערך | עבודה עצמית | ערעור עבודה,ערך עצמי | עיין ערך | עבודה עצמית | ערעור עבודה,A,True,True,yes
ha-02501,ע״ע,ערך עצמי,ערך עצמי | עיין ערך | עבודה עצמית | ערעור עבודה,עבודה עצמית | ערך עצמי | ערעור עבודה | עיין ערך,B,True,True,yes
ha-02502,ע״ע,ערך עצמי,ערך עצמי | עיין ערך | עבודה עצמית | ערעור עבודה,ערך עצמי | ערעור עבודה | עבודה עצמית | עיין ערך,A,True,True,yes
ha-02612,פ״ח,פיתוחי חותם,פיתוחי חותם | פרטי חקירה,פיתוחי חותם | פרטי חקירה,A,True,True,yes
ha-02613,פ״ח,פיתוחי חותם,פיתוחי חותם | פרטי חקירה,פיתוחי חותם | פרטי חקירה,A,True,True,yes
ha-02614,פ״ח,פרטי חקירה,פיתוחי חותם | פרטי חקירה,פיתוחי חותם | פרטי חקירה,B,True,True,yes
ha-02615,פ״ח,פרטי חקירה,פיתוחי חותם | פרטי חקירה,פרטי חקירה | פיתוחי חותם,A,True,True,yes
ha-02616,פ״ח,פרטי חקירה,פיתוחי חותם | פרטי חקירה,פרטי חקירה | פיתוחי חותם,A,True,True,yes
ha-02039,מ״כ,מועדון כדורגל,מועדון כדורגל | מרכז כובד | מפקד כיתה,מועדון כדורגל | מרכז כובד | מפקד כיתה,A,True,True,yes
ha-02040,מ״כ,מועדון כדורגל,מועדון כדורגל | מרכז כובד | מפקד כיתה,מרכז כובד | מפקד כיתה | מועדון כדורגל,C,True,True,yes
ha-02041,מ״כ,מועדון כדורגל,מועדון כדורגל | מרכז כובד | מפקד כיתה,מרכז כובד | מפקד כיתה | מועדון כדורגל,C,True,True,yes
ha-02043,מ״כ,מפקד כיתה,מועדון כדורגל | מרכז כובד | מפקד כיתה,מרכז כובד | מועדון כדורגל | מפקד כיתה,C,True,True,yes
ha-02044,מ״כ,מפקד כיתה,מועדון כדורגל | מרכז כובד | מפקד כיתה,מועדון כדורגל | מרכז כובד | מפקד כיתה,C,True,True,yes
ha-02045,מ״כ,מפקד כיתה,מועדון כדורגל | מרכז כובד | מפקד כיתה,מרכז כובד | מועדון כדורגל | מפקד כיתה,C,True,True,yes
ha-02046,מ״כ,מרכז כובד,מועדון כדורגל | מרכז כובד | מפקד כיתה,מועדון כדורגל | מפקד כיתה | מרכז כובד,C,True,True,yes
ha-02047,מ״כ,מרכז כובד,מועדון כדורגל | מרכז כובד | מפקד כיתה,מועדון כדורגל | מרכז כובד | מפקד כיתה,B,True,True,yes
ha-02048,מ״כ,מרכז כובד,מועדון כדורגל | מרכז כובד | מפקד כיתה,מועדון כדורגל | מרכז כובד | מפקד כיתה,B,True,True,yes
ha-02664,צ״ק,צוות קרקע,צוות קרקע | ציוד קרקע,ציוד קרקע | צוות קרקע,B,True,True,no
ha-02665,צ״ק,צוות קרקע,צוות קרקע | ציוד קרקע,ציוד קרקע | צוות קרקע,B,True,True,no
ha-02666,צ״ק,צוות קרקע,צוות קרקע | ציוד קרקע,צוות קרקע | ציוד קרקע,A,True,True,no
ha-02667,צ״ק,ציוד קרקע,צוות קרקע | ציוד קרקע,צוות קרקע | ציוד קרקע,B,True,True,no
ha-00543,בע״פ,בעל פה,בעל פה | בעֶרֶב פסח,בעֶרֶב פסח | בעל פה,B,True,True,no
ha-00544,בע״פ,בעל פה,בעל פה | בעֶרֶב פסח,בעל פה | בעֶרֶב פסח,A,True,True,no
ha-00545,בע״פ,בעל פה,בעל פה | בעֶרֶב פסח,בעל פה | בעֶרֶב פסח,A,True,True,no
ha-01766,מהר״ש,רבי שלום מנוישטט,רבי שלום רוקח | רבי שמואל שניאורסון | רבי שמואל יפה אשכנזי | רבי שלום מנוישטט | רבי שלום כהן מקושטא | רבי שלמה בן יצחק לבית הלוי (השני) | רבי שלמה מלובלין,רבי שלמה מלובלין | רבי שלום כהן מקושטא | רבי שלמה בן יצחק לבית הלוי (השני) | רבי שמואל יפה אשכנזי | רבי שלום רוקח | רבי שלום מנוישטט | רבי שמואל שניאורסון,F,True,True,yes
ha-01767,מהר״ש,רבי שלום מנוישטט,רבי שלום רוקח | רבי שמואל שניאורסון | רבי שמואל יפה אשכנזי | רבי שלום מנוישטט | רבי שלום כהן מקושטא | רבי שלמה בן יצחק לבית הלוי (השני) | רבי שלמה מלובלין,רבי שלמה מלובלין | רבי שלום מנוישטט | רבי שלמה בן יצחק לבית הלוי (השני) | רבי שמואל שניאורסון | רבי שמואל יפה אשכנזי | רבי שלום רוקח | רבי שלום כהן מקושטא,B,True,True,yes
ha-01768,מהר״ש,רבי שלום רוקח,רבי שלום רוקח | רבי שמואל שניאורסון | רבי שמואל יפה אשכנזי | רבי שלום מנוישטט | רבי שלום כהן מקושטא | רבי שלמה בן יצחק לבית הלוי (השני) | רבי שלמה מלובלין,רבי שלום מנוישטט | רבי שלמה בן יצחק לבית הלוי (השני) | רבי שמואל יפה אשכנזי | רבי שלום רוקח | רבי שלום כהן מקושטא | רבי שמואל שניאורסון | רבי שלמה מלובלין,D,True,True,yes
ha-01769,מהר״ש,רבי שלום רוקח,רבי שלום רוקח | רבי שמואל שניאורסון | רבי שמואל יפה אשכנזי | רבי שלום מנוישטט | רבי שלום כהן מקושטא | רבי שלמה בן יצחק לבית הלוי (השני) | רבי שלמה מלובלין,רבי שלמה מלובלין | רבי שלום כהן מקושטא | רבי שמואל שניאורסון | רבי שמואל יפה אשכנזי | רבי שלמה בן יצחק לבית הלוי (השני) | רבי שלום רוקח | רבי שלום מנוישטט,F,True,True,yes
ha-01770,מהר״ש,רבי שלום רוקח,רבי שלום רוקח | רבי שמואל שניאורסון | רבי שמואל יפה אשכנזי | רבי שלום מנוישטט | רבי שלום כהן מקושטא | רבי שלמה בן יצחק לבית הלוי (השני) | רבי שלמה מלובלין,רבי שמואל יפה אשכנזי | רבי שלמה בן יצחק לבית הלוי (השני) | רבי שלום מנוישטט | רבי שלמה מלובלין | רבי שלום כהן מקושטא | רבי שמואל שניאורסון | רבי שלום רוקח,G,True,True,yes
ha-01771,מהר״ש,רבי שמואל יפה אשכנזי,רבי שלום רוקח | רבי שמואל שניאורסון | רבי שמואל יפה אשכנזי | רבי שלום מנוישטט | רבי שלום כהן מקושטא | רבי שלמה בן יצחק לבית הלוי (השני) | רבי שלמה מלובלין,רבי שמואל יפה אשכנזי | רבי שלום מנוישטט | רבי שלמה בן יצחק לבית הלוי (השני) | רבי שמואל שניאורסון | רבי שלום כהן מקושטא | רבי שלום רוקח | רבי שלמה מלובלין,A,True,True,yes
ha-01772,מהר״ש,רבי שמואל יפה אשכנזי,רבי שלום רוקח | רבי שמואל שניאורסון | רבי שמואל יפה אשכנזי | רבי שלום מנוישטט | רבי שלום כהן מקושטא | רבי שלמה בן יצחק לבית הלוי (השני) | רבי שלמה מלובלין,רבי שלמה בן יצחק לבית הלוי (השני) | רבי שלמה מלובלין | רבי שלום רוקח | רבי שלום מנוישטט | רבי שמואל יפה אשכנזי | רבי שמואל שניאורסון | רבי שלום כהן מקושטא,E,True,True,yes
ha-01773,מהר״ש,רבי שמואל יפה אשכנזי,רבי שלום רוקח | רבי שמואל שניאורסון | רבי שמואל יפה אשכנזי | רבי שלום מנוישטט | רבי שלום כהן מקושטא | רבי שלמה בן יצחק לבית הלוי (השני) | רבי שלמה מלובלין,רבי שלום רוקח | רבי שלום כהן מקושטא | רבי שמואל שניאורסון | רבי שלמה מלובלין | רבי שלום מנוישטט | רבי שמואל יפה אשכנזי | רבי שלמה בן יצחק לבית הלוי (השני),F,True,True,yes
ha-01774,מהר״ש,רבי שמואל שניאורסון,רבי שלום רוקח | רבי שמואל שניאורסון | רבי שמואל יפה אשכנזי | רבי שלום מנוישטט | רבי שלום כהן מקושטא | רבי שלמה בן יצחק לבית הלוי (השני) | רבי שלמה מלובלין,רבי שמואל יפה אשכנזי | רבי שלום מנוישטט | רבי שלום כהן מקושטא | רבי שלמה מלובלין | רבי שלמה בן יצחק לבית הלוי (השני) | רבי שמואל שניאורסון | רבי שלום רוקח,F,True,True,yes
ha-01775,מהר״ש,רבי שמואל שניאורסון,רבי שלום רוקח | רבי שמואל שניאורסון | רבי שמואל יפה אשכנזי | רבי שלום מנוישטט | רבי שלום כהן מקושטא | רבי שלמה בן יצחק לבית הלוי (השני) | רבי שלמה מלובלין,רבי שלום מנוישטט | רבי שמואל יפה אשכנזי | רבי שלום רוקח | רבי שלמה בן יצחק לבית הלוי (השני) | רבי שמואל שניאורסון | רבי שלמה מלובלין | רבי שלום כהן מקושטא,E,True,True,yes
ha-01776,מהר״ש,רבי שמואל שניאורסון,רבי שלום רוקח | רבי שמואל שניאורסון | רבי שמואל יפה אשכנזי | רבי שלום מנוישטט | רבי שלום כהן מקושטא | רבי שלמה בן יצחק לבית הלוי (השני) | רבי שלמה מלובלין,רבי שלום מנוישטט | רבי שמואל יפה אשכנזי | רבי שלום כהן מקושטא | רבי שמואל שניאורסון | רבי שלום רוקח | רבי שלמה מלובלין | רבי שלמה בן יצחק לבית הלוי (השני),D,True,True,yes
ha-01951,מר״מ,מרפאת מומחים,מרפאת מומחים | מרכז רפואה מיידי,מרפאת מומחים | מרכז רפואה מיידי,B,False,True,no
ha-01952,מר״מ,מרפאת מומחים,מרפאת מומחים | מרכז רפואה מיידי,מרכז רפואה מיידי | מרפאת מומחים,A,False,True,no
ha-03143,ש״ל,שבח לאל,שירות לאומי | שושנים לדוד | שבח לאל | 330 (מספר) | שיבולי לקט או שיבולי הלקט,שירות לאומי | שבח לאל | 330 (מספר) | שושנים לדוד | שיבולי לקט או שיבולי הלקט,B,True,True,yes
ha-03144,ש״ל,שבח לאל,שירות לאומי | שושנים לדוד | שבח לאל | 330 (מספר) | שיבולי לקט או שיבולי הלקט,שירות לאומי | 330 (מספר) | שבח לאל | שיבולי לקט או שיבולי הלקט | שושנים לדוד,C,True,True,yes
ha-03145,ש״ל,שבח לאל,שירות לאומי | שושנים לדוד | שבח לאל | 330 (מספר) | שיבולי לקט או שיבולי הלקט,שבח לאל | שירות לאומי | שיבולי לקט או שיבולי הלקט | 330 (מספר) | שושנים לדוד,A,True,True,yes
ha-03146,ש״ל,שושנים לדוד,שירות לאומי | שושנים לדוד | שבח לאל | 330 (מספר) | שיבולי לקט או שיבולי הלקט,330 (מספר) | שושנים לדוד | שבח לאל | שיבולי לקט או שיבולי הלקט | שירות לאומי,B,True,True,yes
ha-03147,ש״ל,שושנים לדוד,שירות לאומי | שושנים לדוד | שבח לאל | 330 (מספר) | שיבולי לקט או שיבולי הלקט,שירות לאומי | שיבולי לקט או שיבולי הלקט | שושנים לדוד | 330 (מספר) | שבח לאל,C,True,True,yes
ha-03148,ש״ל,שירות לאומי,שירות לאומי | שושנים לדוד | שבח לאל | 330 (מספר) | שיבולי לקט או שיבולי הלקט,שבח לאל | שושנים לדוד | 330 (מספר) | שיבולי לקט או שיבולי הלקט | שירות לאומי,E,True,True,yes
ha-03149,ש״ל,שירות לאומי,שירות לאומי | שושנים לדוד | שבח לאל | 330 (מספר) | שיבולי לקט או שיבולי הלקט,שושנים לדוד | שיבולי לקט או שיבולי הלקט | 330 (מספר) | שירות לאומי | שבח לאל,D,True,True,yes
ha-03150,ש״ל,שירות לאומי,שירות לאומי | שושנים לדוד | שבח לאל | 330 (מספר) | שיבולי לקט או שיבולי הלקט,שבח לאל | שיבולי לקט או שיבולי הלקט | שירות לאומי | 330 (מספר) | שושנים לדוד,C,True,True,yes
ha-03324,ת״ז,תעודת זהות,תעודת זהות | תרשים זרימה | תפוח זהב,תפוח זהב | תרשים זרימה | תעודת זהות,C,True,True,yes
ha-03325,ת״ז,תעודת זהות,תעודת זהות | תרשים זרימה | תפוח זהב,תפוח זהב | תעודת זהות | תרשים זרימה,B,True,True,yes
ha-03326,ת״ז,תעודת זהות,תעודת זהות | תרשים זרימה | תפוח זהב,תפוח זהב | תרשים זרימה | תעודת זהות,C,True,True,yes
ha-03327,ת״ז,תפוח זהב,תעודת זהות | תרשים זרימה | תפוח זהב,תרשים זרימה | תעודת זהות | תפוח זהב,C,True,True,yes
ha-03328,ת״ז,תפוח זהב,תעודת זהות | תרשים זרימה | תפוח זהב,תרשים זרימה | תפוח זהב | תעודת זהות,B,True,True,yes
ha-03329,ת״ז,תפוח זהב,תעודת זהות | תרשים זרימה | תפוח זהב,תרשים זרימה | תפוח זהב | תעודת זהות,B,True,True,yes
ha-03330,ת״ז,תרשים זרימה,תעודת זהות | תרשים זרימה | תפוח זהב,תפוח זהב | תרשים זרימה | תעודת זהות,B,True,True,yes
ha-03331,ת״ז,תרשים זרימה,תעודת זהות | תרשים זרימה | תפוח זהב,תעודת זהות | תפוח זהב | תרשים זרימה,C,True,True,yes
ha-03332,ת״ז,תרשים זרימה,תעודת זהות | תרשים זרימה | תפוח זהב,תפוח זהב | תרשים זרימה | תעודת זהות,B,True,True,yes
ha-01619,מב״ם,המערכה בין המלחמות,מבקר המדינה | המערכה בין המלחמות | מזר בכיר מתקדם,המערכה בין המלחמות | מזר בכיר מתקדם | מבקר המדינה,A,True,True,yes
ha-01620,מב״ם,המערכה בין המלחמות,מבקר המדינה | המערכה בין המלחמות | מזר בכיר מתקדם,מזר בכיר מתקדם | מבקר המדינה | המערכה בין המלחמות,C,True,True,yes
ha-01621,מב״ם,המערכה בין המלחמות,מבקר המדינה | המערכה בין המלחמות | מזר בכיר מתקדם,מבקר המדינה | מזר בכיר מתקדם | המערכה בין המלחמות,C,True,True,yes
ha-01622,מב״ם,מבקר המדינה,מבקר המדינה | המערכה בין המלחמות | מזר בכיר מתקדם,מבקר המדינה | מזר בכיר מתקדם | המערכה בין המלחמות,A,True,True,yes
ha-01623,מב״ם,מבקר המדינה,מבקר המדינה | המערכה בין המלחמות | מזר בכיר מתקדם,מבקר המדינה | מזר בכיר מתקדם | המערכה בין המלחמות,A,True,True,yes
ha-01624,מב״ם,מבקר המדינה,מבקר המדינה | המערכה בין המלחמות | מזר בכיר מתקדם,המערכה בין המלחמות | מזר בכיר מתקדם | מבקר המדינה,C,True,True,yes
ha-01275,ח״צ,חברה ציבורית,חברה ציבורית | חכם צבי (ספר),חברה ציבורית | חכם צבי (ספר),A,True,True,no
ha-01276,ח״צ,חברה ציבורית,חברה ציבורית | חכם צבי (ספר),חכם צבי (ספר) | חברה ציבורית,B,True,True,no
ha-01277,ח״צ,חברה ציבורית,חברה ציבורית | חכם צבי (ספר),חכם צבי (ספר) | חברה ציבורית,B,True,True,no
ha-01700,מהרי״א,יהודה אסאד,יצחק אברבנאל | יצחק אבוהב | יהודה אסאד | יצחק אייזיק אייכנשטיין | יצחק אדרבי,יצחק אייזיק אייכנשטיין | יצחק אבוהב | יהודה אסאד | יצחק אברבנאל | יצחק אדרבי,C,True,True,yes
ha-01701,מהרי״א,יהודה אסאד,יצחק אברבנאל | יצחק אבוהב | יהודה אסאד | יצחק אייזיק אייכנשטיין | יצחק אדרבי,יצחק אייזיק אייכנשטיין | יצחק אבוהב | יהודה אסאד | יצחק אדרבי | יצחק אברבנאל,C,True,True,yes
ha-01702,מהרי״א,יצחק אבוהב,יצחק אברבנאל | יצחק אבוהב | יהודה אסאד | יצחק אייזיק אייכנשטיין | יצחק אדרבי,יצחק אייזיק אייכנשטיין | יהודה אסאד | יצחק אברבנאל | יצחק אבוהב | יצחק אדרבי,D,True,True,yes
ha-01703,מהרי״א,יצחק אבוהב,יצחק אברבנאל | יצחק אבוהב | יהודה אסאד | יצחק אייזיק אייכנשטיין | יצחק אדרבי,יצחק אדרבי | יצחק אייזיק אייכנשטיין | יהודה אסאד | יצחק אברבנאל | יצחק אבוהב,E,True,True,yes
ha-01704,מהרי״א,יצחק אבוהב,יצחק אברבנאל | יצחק אבוהב | יהודה אסאד | יצחק אייזיק אייכנשטיין | יצחק אדרבי,יצחק אדרבי | יהודה אסאד | יצחק אברבנאל | יצחק אייזיק אייכנשטיין | יצחק אבוהב,E,True,True,yes
ha-01705,מהרי״א,יצחק אברבנאל,יצחק אברבנאל | יצחק אבוהב | יהודה אסאד | יצחק אייזיק אייכנשטיין | יצחק אדרבי,יצחק אבוהב | יצחק אייזיק אייכנשטיין | יהודה אסאד | יצחק אברבנאל | יצחק אדרבי,D,True,True,yes
ha-01706,מהרי״א,יצחק אברבנאל,יצחק אברבנאל | יצחק אבוהב | יהודה אסאד | יצחק אייזיק אייכנשטיין | יצחק אדרבי,יצחק אדרבי | יצחק אברבנאל | יצחק אבוהב | יהודה אסאד | יצחק אייזיק אייכנשטיין,B,True,True,yes
ha-01707,מהרי״א,יצחק אברבנאל,יצחק אברבנאל | יצחק אבוהב | יהודה אסאד | יצחק אייזיק אייכנשטיין | יצחק אדרבי,יצחק אברבנאל | יצחק אדרבי | יצחק אייזיק אייכנשטיין | יצחק אבוהב | יהודה אסאד,A,True,True,yes
ha-01708,מהרי״א,יצחק אדרבי,יצחק אברבנאל | יצחק אבוהב | יהודה אסאד | יצחק אייזיק אייכנשטיין | יצחק אדרבי,יצחק אברבנאל | יצחק אייזיק אייכנשטיין | יצחק אדרבי | יהודה אסאד | יצחק אבוהב,C,True,True,yes
ha-01709,מהרי״א,יצחק אדרבי,יצחק אברבנאל | יצחק אבוהב | יהודה אסאד | יצחק אייזיק אייכנשטיין | יצחק אדרבי,יהודה אסאד | יצחק אייזיק אייכנשטיין | יצחק אבוהב | יצחק אדרבי | יצחק אברבנאל,D,True,True,yes
ha-01710,מהרי״א,יצחק אדרבי,יצחק אברבנאל | יצחק אבוהב | יהודה אסאד | יצחק אייזיק אייכנשטיין | יצחק אדרבי,יצחק אדרבי | יצחק אייזיק אייכנשטיין | יהודה אסאד | יצחק אבוהב | יצחק אברבנאל,A,True,True,yes
ha-03016,שב״ח,שוהה בלתי חוקי,שוהה בלתי חוקי | שימוש בלתי חוקי (בנשק),שימוש בלתי חוקי (בנשק) | שוהה בלתי חוקי,B,True,True,no
ha-03017,שב״ח,שוהה בלתי חוקי,שוהה בלתי חוקי | שימוש בלתי חוקי (בנשק),שוהה בלתי חוקי | שימוש בלתי חוקי (בנשק),A,True,True,no
ha-03018,שב״ח,שוהה בלתי חוקי,שוהה בלתי חוקי | שימוש בלתי חוקי (בנשק),שימוש בלתי חוקי (בנשק) | שוהה בלתי חוקי,B,True,True,no
ha-01881,ממ״ק,מיליון מטר מעוקב,מיליון מטר מעוקב | ממלא מקום קצין | מילימטר מעוקב | מרחב מוגן קומתי,מיליון מטר מעוקב | מילימטר מעוקב | מרחב מוגן קומתי | ממלא מקום קצין,A,True,True,yes
ha-01882,ממ״ק,מיליון מטר מעוקב,מיליון מטר מעוקב | ממלא מקום קצין | מילימטר מעוקב | מרחב מוגן קומתי,מיליון מטר מעוקב | מילימטר מעוקב | מרחב מוגן קומתי | ממלא מקום קצין,A,True,True,yes
ha-01883,ממ״ק,מיליון מטר מעוקב,מיליון מטר מעוקב | ממלא מקום קצין | מילימטר מעוקב | מרחב מוגן קומתי,מרחב מוגן קומתי | ממלא מקום קצין | מילימטר מעוקב | מיליון מטר מעוקב,D,True,True,yes
ha-01884,ממ״ק,מילימטר מעוקב,מיליון מטר מעוקב | ממלא מקום קצין | מילימטר מעוקב | מרחב מוגן קומתי,מילימטר מעוקב | ממלא מקום קצין | מרחב מוגן קומתי | מיליון מטר מעוקב,A,True,True,yes
ha-01885,ממ״ק,ממלא מקום קצין,מיליון מטר מעוקב | ממלא מקום קצין | מילימטר מעוקב | מרחב מוגן קומתי,ממלא מקום קצין | מילימטר מעוקב | מרחב מוגן קומתי | מיליון מטר מעוקב,A,True,True,yes
ha-01886,ממ״ק,ממלא מקום קצין,מיליון מטר מעוקב | ממלא מקום קצין | מילימטר מעוקב | מרחב מוגן קומתי,מרחב מוגן קומתי | מיליון מטר מעוקב | ממלא מקום קצין | מילימטר מעוקב,C,True,True,yes
ha-01887,ממ״ק,ממלא מקום קצין,מיליון מטר מעוקב | ממלא מקום קצין | מילימטר מעוקב | מרחב מוגן קומתי,מרחב מוגן קומתי | ממלא מקום קצין | מיליון מטר מעוקב | מילימטר מעוקב,B,True,True,yes
ha-01811,מט״ח,מטבע חוץ,מטבע חוץ | מרכז לטכנולוגיה חינוכית,מטבע חוץ | מרכז לטכנולוגיה חינוכית,A,True,True,no
ha-01812,מט״ח,מטבע חוץ,מטבע חוץ | מרכז לטכנולוגיה חינוכית,מטבע חוץ | מרכז לטכנולוגיה חינוכית,A,True,True,no
ha-01813,מט״ח,מטבע חוץ,מטבע חוץ | מרכז לטכנולוגיה חינוכית,מרכז לטכנולוגיה חינוכית | מטבע חוץ,B,True,True,no
ha-02032,מ״ט,מאי טעמא,מכונת טיורינג | מאי טעמא | משנה טכני,משנה טכני | מאי טעמא | מכונת טיורינג,B,True,True,yes
ha-02033,מ״ט,מאי טעמא,מכונת טיורינג | מאי טעמא | משנה טכני,משנה טכני | מכונת טיורינג | מאי טעמא,C,True,True,yes
ha-02034,מ״ט,מכונת טיורינג,מכונת טיורינג | מאי טעמא | משנה טכני,משנה טכני | מאי טעמא | מכונת טיורינג,C,True,True,yes
ha-02035,מ״ט,מכונת טיורינג,מכונת טיורינג | מאי טעמא | משנה טכני,משנה טכני | מאי טעמא | מכונת טיורינג,C,True,True,yes
ha-02036,מ״ט,מכונת טיורינג,מכונת טיורינג | מאי טעמא | משנה טכני,משנה טכני | מאי טעמא | מכונת טיורינג,C,True,True,yes
ha-02037,מ״ט,משנה טכני,מכונת טיורינג | מאי טעמא | משנה טכני,מכונת טיורינג | מאי טעמא | משנה טכני,C,True,True,yes
ha-02038,מ״ט,משנה טכני,מכונת טיורינג | מאי טעמא | משנה טכני,מאי טעמא | מכונת טיורינג | משנה טכני,C,True,True,yes
ha-01380,יע״מ,יחידת עיבוד מרכזית (CPU),מעבד | יחידת עיבוד מרכזית (CPU),יחידת עיבוד מרכזית (CPU) | מעבד,A,True,True,no
ha-01381,יע״מ,יחידת עיבוד מרכזית (CPU),מעבד | יחידת עיבוד מרכזית (CPU),יחידת עיבוד מרכזית (CPU) | מעבד,A,True,True,no
ha-01382,יע״מ,מעבד,מעבד | יחידת עיבוד מרכזית (CPU),יחידת עיבוד מרכזית (CPU) | מעבד,A,False,True,no
ha-02269,סאפ,SAP (חברה),בוב סאפ | סאפ לאבס ישראל | SAP (חברה) | סאפ (גלישה) | SAP (חומר) | SAP (מפלגה) | Sap (אלבום),Sap (אלבום) | SAP (מפלגה) | סאפ (גלישה) | סאפ לאבס ישראל | SAP (חברה) | בוב סאפ | SAP (חומר),E,True,True,yes
ha-01257,ח״כ,חבר כנסת,חבר כנסת | חזקת כשרות,חזקת כשרות | חבר כנסת,B,True,True,yes
ha-01258,ח״כ,חבר כנסת,חבר כנסת | חזקת כשרות,חבר כנסת | חזקת כשרות,A,True,True,yes
ha-01259,ח״כ,חבר כנסת,חבר כנסת | חזקת כשרות,חבר כנסת | חזקת כשרות,A,True,True,yes
ha-01260,ח״כ,חזקת כשרות,חבר כנסת | חזקת כשרות,חזקת כשרות | חבר כנסת,A,True,True,yes
ha-01261,ח״כ,חזקת כשרות,חבר כנסת | חזקת כשרות,חבר כנסת | חזקת כשרות,B,True,True,yes
ha-01262,ח״כ,חזקת כשרות,חבר כנסת | חזקת כשרות,חזקת כשרות | חבר כנסת,A,True,True,yes
ha-00807,דו״ד,דין ודברים,דין ודברים | דת ודין | דורון דרשה,דת ודין | דין ודברים | דורון דרשה,B,True,True,no
ha-00808,דו״ד,דין ודברים,דין ודברים | דת ודין | דורון דרשה,דת ודין | דין ודברים | דורון דרשה,B,True,True,no
ha-00809,דו״ד,דין ודברים,דין ודברים | דת ודין | דורון דרשה,דין ודברים | דורון דרשה | דת ודין,A,True,True,no
ha-01737,מהר״י,רבי יעקב בירב,רבי יעקב בירב | רבי יצחק אבוהב (גאון קסטיליה) | רבי ישראל יעקב אלגאזי | רבי יהודה בן אליעזר הלוי מינץ | רבי יוסף בן אברהם ג'יקטיליה | רבי יעקב בן יהודה וייל | רבי יעקב בן שלמה אבן חביב | רבי ישראל בן רבי חיים ברונא,רבי יוסף בן אברהם ג'יקטיליה | רבי ישראל בן רבי חיים ברונא | רבי יעקב בירב | רבי יהודה בן אליעזר הלוי מינץ | רבי יעקב בן יהודה וייל | רבי יעקב בן שלמה אבן חביב | רבי יצחק אבוהב (גאון קסטיליה) | רבי ישראל יעקב אלגאזי,C,True,True,no
ha-01738,מהר״י,רבי יעקב בירב,רבי יעקב בירב | רבי יצחק אבוהב (גאון קסטיליה) | רבי ישראל יעקב אלגאזי | רבי יהודה בן אליעזר הלוי מינץ | רבי יוסף בן אברהם ג'יקטיליה | רבי יעקב בן יהודה וייל | רבי יעקב בן שלמה אבן חביב | רבי ישראל בן רבי חיים ברונא,רבי יוסף בן אברהם ג'יקטיליה | רבי ישראל בן רבי חיים ברונא | רבי יעקב בירב | רבי ישראל יעקב אלגאזי | רבי יצחק אבוהב (גאון קסטיליה) | רבי יהודה בן אליעזר הלוי מינץ | רבי יעקב בן שלמה אבן חביב | רבי יעקב בן יהודה וייל,B,False,True,no
ha-01739,מהר״י,רבי יעקב בירב,רבי יעקב בירב | רבי יצחק אבוהב (גאון קסטיליה) | רבי ישראל יעקב אלגאזי | רבי יהודה בן אליעזר הלוי מינץ | רבי יוסף בן אברהם ג'יקטיליה | רבי יעקב בן יהודה וייל | רבי יעקב בן שלמה אבן חביב | רבי ישראל בן רבי חיים ברונא,רבי ישראל יעקב אלגאזי | רבי יוסף בן אברהם ג'יקטיליה | רבי יעקב בן יהודה וייל | רבי יצחק אבוהב (גאון קסטיליה) | רבי יהודה בן אליעזר הלוי מינץ | רבי יעקב בירב | רבי ישראל בן רבי חיים ברונא | רבי יעקב בן שלמה אבן חביב,F,True,True,no
ha-01740,מהר״י,רבי יצחק אבוהב (גאון קסטיליה),רבי יעקב בירב | רבי יצחק אבוהב (גאון קסטיליה) | רבי ישראל יעקב אלגאזי | רבי יהודה בן אליעזר הלוי מינץ | רבי יוסף בן אברהם ג'יקטיליה | רבי יעקב בן יהודה וייל | רבי יעקב בן שלמה אבן חביב | רבי ישראל בן רבי חיים ברונא,רבי יוסף בן אברהם ג'יקטיליה | רבי יהודה בן אליעזר הלוי מינץ | רבי יעקב בן שלמה אבן חביב | רבי יעקב בירב | רבי ישראל בן רבי חיים ברונא | רבי יצחק אבוהב (גאון קסטיליה) | רבי ישראל יעקב אלגאזי | רבי יעקב בן יהודה וייל,F,True,True,no
ha-01741,מהר״י,רבי ישראל יעקב אלגאזי,רבי יעקב בירב | רבי יצחק אבוהב (גאון קסטיליה) | רבי ישראל יעקב אלגאזי | רבי יהודה בן אליעזר הלוי מינץ | רבי יוסף בן אברהם ג'יקטיליה | רבי יעקב בן יהודה וייל | רבי יעקב בן שלמה אבן חביב | רבי ישראל בן רבי חיים ברונא,רבי יוסף בן אברהם ג'יקטיליה | רבי יהודה בן אליעזר הלוי מינץ | רבי יצחק אבוהב (גאון קסטיליה) | רבי יעקב בן יהודה וייל | רבי יעקב בירב | רבי ישראל בן רבי חיים ברונא | רבי ישראל יעקב אלגאזי | רבי יעקב בן שלמה אבן חביב,G,True,True,no
ha-00089,או״פ,או פסול,או פסול | אוניברסיטה פתוחה | אור פנימי | אברים ופדרים,אוניברסיטה פתוחה | אברים ופדרים | או פסול | אור פנימי,C,True,True,yes
ha-00090,או״פ,אוניברסיטה פתוחה,או פסול | אוניברסיטה פתוחה | אור פנימי | אברים ופדרים,אברים ופדרים | אוניברסיטה פתוחה | או פסול | אור פנימי,B,True,True,yes
ha-00091,או״פ,אוניברסיטה פתוחה,או פסול | אוניברסיטה פתוחה | אור פנימי | אברים ופדרים,אור פנימי | אוניברסיטה פתוחה | אברים ופדרים | או פסול,B,True,True,yes
ha-00092,או״פ,אוניברסיטה פתוחה,או פסול | אוניברסיטה פתוחה | אור פנימי | אברים ופדרים,או פסול | אוניברסיטה פתוחה | אברים ופדרים | אור פנימי,B,True,True,yes
ha-00093,או״פ,אור פנימי,או פסול | אוניברסיטה פתוחה | אור פנימי | אברים ופדרים,אוניברסיטה פתוחה | או פסול | אור פנימי | אברים ופדרים,C,True,True,yes
ha-00094,או״פ,אור פנימי,או פסול | אוניברסיטה פתוחה | אור פנימי | אברים ופדרים,אוניברסיטה פתוחה | או פסול | אור פנימי | אברים ופדרים,C,True,True,yes
ha-00299,א״ח,אגף חקירות,אורך חיים | אגף חקירות,אורך חיים | אגף חקירות,B,True,True,yes
ha-00300,א״ח,אגף חקירות,אורך חיים | אגף חקירות,אגף חקירות | אורך חיים,A,True,True,yes
ha-00301,א״ח,אגף חקירות,אורך חיים | אגף חקירות,אורך חיים | אגף חקירות,B,True,True,yes
ha-00302,א״ח,אורך חיים,אורך חיים | אגף חקירות,אגף חקירות | אורך חיים,B,True,True,yes
ha-00303,א״ח,אורך חיים,אורך חיים | אגף חקירות,אגף חקירות | אורך חיים,B,True,True,yes
ha-00304,א״ח,אורך חיים,אורך חיים | אגף חקירות,אורך חיים | אגף חקירות,A,True,True,yes
ha-01302,ט״א,טביעת אצבע,טביעת אצבע | טווח-ארוך | תעופה טיס אוטומטי,תעופה טיס אוטומטי | טביעת אצבע | טווח-ארוך,B,True,True,no
ha-01303,ט״א,טביעת אצבע,טביעת אצבע | טווח-ארוך | תעופה טיס אוטומטי,טביעת אצבע | טווח-ארוך | תעופה טיס אוטומטי,A,True,True,no
ha-01304,ט״א,טביעת אצבע,טביעת אצבע | טווח-ארוך | תעופה טיס אוטומטי,טביעת אצבע | טווח-ארוך | תעופה טיס אוטומטי,A,True,True,no
ha-01898,מס״ב,מסילת ברזל,מסע בין כוכבים | מסילת ברזל | מרכז סליקה בנקאי | מערכת סליקה בנקאית,מערכת סליקה בנקאית | מסילת ברזל | מרכז סליקה בנקאי | מסע בין כוכבים,B,True,True,yes
ha-01899,מס״ב,מסילת ברזל,מסע בין כוכבים | מסילת ברזל | מרכז סליקה בנקאי | מערכת סליקה בנקאית,מסע בין כוכבים | מסילת ברזל | מערכת סליקה בנקאית | מרכז סליקה בנקאי,B,True,True,yes
ha-01900,מס״ב,מסילת ברזל,מסע בין כוכבים | מסילת ברזל | מרכז סליקה בנקאי | מערכת סליקה בנקאית,מסע בין כוכבים | מערכת סליקה בנקאית | מסילת ברזל | מרכז סליקה בנקאי,C,True,True,yes
ha-01901,מס״ב,מסע בין כוכבים,מסע בין כוכבים | מסילת ברזל | מרכז סליקה בנקאי | מערכת סליקה בנקאית,מרכז סליקה בנקאי | מערכת סליקה בנקאית | מסע בין כוכבים | מסילת ברזל,C,True,True,yes
ha-01902,מס״ב,מסע בין כוכבים,מסע בין כוכבים | מסילת ברזל | מרכז סליקה בנקאי | מערכת סליקה בנקאית,מסילת ברזל | מסע בין כוכבים | מרכז סליקה בנקאי | מערכת סליקה בנקאית,B,True,True,yes
ha-01903,מס״ב,מסע בין כוכבים,מסע בין כוכבים | מסילת ברזל | מרכז סליקה בנקאי | מערכת סליקה בנקאית,מערכת סליקה בנקאית | מסע בין כוכבים | מסילת ברזל | מרכז סליקה בנקאי,B,True,True,yes
ha-01715,מהרי״ץ,יהודה צבי ברנדויין (הראשון),יוסף צבי דושינסקי | יצחק מוולוז'ין | יהודה צבי ברנדויין (הראשון) | מארי יחיא צאלח | יוסף צבי דינר (או דונר) | רבנים מהאחרונים,יוסף צבי דושינסקי | יוסף צבי דינר (או דונר) | מארי יחיא צאלח | יצחק מוולוז'ין | רבנים מהאחרונים | יהודה צבי ברנדויין (הראשון),F,True,True,yes
ha-01716,מהרי״ץ,יוסף צבי דושינסקי,יוסף צבי דושינסקי | יצחק מוולוז'ין | יהודה צבי ברנדויין (הראשון) | מארי יחיא צאלח | יוסף צבי דינר (או דונר) | רבנים מהאחרונים,יצחק מוולוז'ין | יוסף צבי דושינסקי | יהודה צבי ברנדויין (הראשון) | יוסף צבי דינר (או דונר) | רבנים מהאחרונים | מארי יחיא צאלח,B,True,True,yes
ha-01717,מהרי״ץ,יוסף צבי דושינסקי,יוסף צבי דושינסקי | יצחק מוולוז'ין | יהודה צבי ברנדויין (הראשון) | מארי יחיא צאלח | יוסף צבי דינר (או דונר) | רבנים מהאחרונים,רבנים מהאחרונים | יוסף צבי דושינסקי | יהודה צבי ברנדויין (הראשון) | יצחק מוולוז'ין | מארי יחיא צאלח | יוסף צבי דינר (או דונר),B,True,True,yes
ha-01718,מהרי״ץ,יוסף צבי דושינסקי,יוסף צבי דושינסקי | יצחק מוולוז'ין | יהודה צבי ברנדויין (הראשון) | מארי יחיא צאלח | יוסף צבי דינר (או דונר) | רבנים מהאחרונים,יצחק מוולוז'ין | מארי יחיא צאלח | יוסף צבי דושינסקי | רבנים מהאחרונים | יוסף צבי דינר (או דונר) | יהודה צבי ברנדויין (הראשון),C,True,True,yes
ha-01719,מהרי״ץ,יצחק מוולוז'ין,יוסף צבי דושינסקי | יצחק מוולוז'ין | יהודה צבי ברנדויין (הראשון) | מארי יחיא צאלח | יוסף צבי דינר (או דונר) | רבנים מהאחרונים,מארי יחיא צאלח | יוסף צבי דינר (או דונר) | יוסף צבי דושינסקי | יצחק מוולוז'ין | יהודה צבי ברנדויין (הראשון) | רבנים מהאחרונים,D,True,True,yes
ha-01720,מהרי״ץ,יצחק מוולוז'ין,יוסף צבי דושינסקי | יצחק מוולוז'ין | יהודה צבי ברנדויין (הראשון) | מארי יחיא צאלח | יוסף צבי דינר (או דונר) | רבנים מהאחרונים,יהודה צבי ברנדויין (הראשון) | יוסף צבי דינר (או דונר) | מארי יחיא צאלח | יצחק מוולוז'ין | רבנים מהאחרונים | יוסף צבי דושינסקי,D,True,True,yes
ha-01721,מהרי״ץ,יצחק מוולוז'ין,יוסף צבי דושינסקי | יצחק מוולוז'ין | יהודה צבי ברנדויין (הראשון) | מארי יחיא צאלח | יוסף צבי דינר (או דונר) | רבנים מהאחרונים,יוסף צבי דושינסקי | יוסף צבי דינר (או דונר) | יהודה צבי ברנדויין (הראשון) | יצחק מוולוז'ין | רבנים מהאחרונים | מארי יחיא צאלח,A,False,True,yes
ha-00422,בא״ח,בן איש חי,בן איש חי | בסיס אימונים חטיבתי,בן איש חי | בסיס אימונים חטיבתי,A,True,True,no
ha-00423,בא״ח,בן איש חי,בן איש חי | בסיס אימונים חטיבתי,בן איש חי | בסיס אימונים חטיבתי,A,True,True,no
ha-00424,בא״ח,בן איש חי,בן איש חי | בסיס אימונים חטיבתי,בסיס אימונים חטיבתי | בן איש חי,B,True,True,no
ha-00463,בד״ר,בית דין רבני,בית דין רבני | בן דב רפפורט,בן דב רפפורט | בית דין רבני,B,True,True,no
ha-02371,עה״ש,עלות השחר,עלות השחר | עליו השלום,עליו השלום | עלות השחר,B,True,True,no
ha-02372,עה״ש,עלות השחר,עלות השחר | עליו השלום,עליו השלום | עלות השחר,B,True,True,no
ha-02373,עה״ש,עלות השחר,עלות השחר | עליו השלום,עלות השחר | עליו השלום,A,True,True,no
ha-02374,עה״ש,עליו השלום,עלות השחר | עליו השלום,עליו השלום | עלות השחר,A,True,True,no
ha-02276,סד״ג,סדר גודל,סדר גודל | סירת דייג,סירת דייג | סדר גודל,B,True,True,no
ha-02277,סד״ג,סדר גודל,סדר גודל | סירת דייג,סדר גודל | סירת דייג,A,True,True,no
ha-02278,סד״ג,סדר גודל,סדר גודל | סירת דייג,סירת דייג | סדר גודל,B,True,True,no
ha-01133,חו״ב,חזק וברוך,חריף ובקי | חכמה ובינה | חזק וברוך,חכמה ובינה | חריף ובקי | חזק וברוך,C,True,True,yes
ha-01134,חו״ב,חזק וברוך,חריף ובקי | חכמה ובינה | חזק וברוך,חזק וברוך | חכמה ובינה | חריף ובקי,A,True,True,yes
ha-01135,חו״ב,חזק וברוך,חריף ובקי | חכמה ובינה | חזק וברוך,חזק וברוך | חכמה ובינה | חריף ובקי,A,True,True,yes
ha-01136,חו״ב,חכמה ובינה,חריף ובקי | חכמה ובינה | חזק וברוך,חריף ובקי | חכמה ובינה | חזק וברוך,B,True,True,yes
ha-01137,חו״ב,חכמה ובינה,חריף ובקי | חכמה ובינה | חזק וברוך,חריף ובקי | חזק וברוך | חכמה ובינה,C,True,True,yes
ha-01138,חו״ב,חכמה ובינה,חריף ובקי | חכמה ובינה | חזק וברוך,חריף ובקי | חכמה ובינה | חזק וברוך,B,True,True,yes
ha-01139,חו״ב,חריף ובקי,חריף ובקי | חכמה ובינה | חזק וברוך,חזק וברוך | חכמה ובינה | חריף ובקי,C,True,True,yes
ha-01140,חו״ב,חריף ובקי,חריף ובקי | חכמה ובינה | חזק וברוך,חריף ובקי | חזק וברוך | חכמה ובינה,A,True,True,yes
ha-02829,רח״ל,רחמנא ליצלן,רחמנא ליצלן | ראש חוליה,ראש חוליה | רחמנא ליצלן,B,True,True,no
ha-02830,רח״ל,רחמנא ליצלן,רחמנא ליצלן | ראש חוליה,רחמנא ליצלן | ראש חוליה,A,True,True,no
ha-02831,רח״ל,רחמנא ליצלן,רחמנא ליצלן | ראש חוליה,רחמנא ליצלן | ראש חוליה,A,True,True,no
ha-00811,דו״צ,ירי דו-צדדי,ירי דו-צדדי | אימון דו-צדדי | סרט דביק דו-צדדי,אימון דו-צדדי | ירי דו-צדדי | סרט דביק דו-צדדי,B,True,True,no
ha-00812,דו״צ,ירי דו-צדדי,ירי דו-צדדי | אימון דו-צדדי | סרט דביק דו-צדדי,ירי דו-צדדי | סרט דביק דו-צדדי | אימון דו-צדדי,A,True,True,no
ha-00813,דו״צ,ירי דו-צדדי,ירי דו-צדדי | אימון דו-צדדי | סרט דביק דו-צדדי,סרט דביק דו-צדדי | אימון דו-צדדי | ירי דו-צדדי,C,True,True,no
ha-00814,דו״צ,סרט דביק דו-צדדי,ירי דו-צדדי | אימון דו-צדדי | סרט דביק דו-צדדי,סרט דביק דו-צדדי | אימון דו-צדדי | ירי דו-צדדי,A,True,True,no
ha-02256,נ״ר,נביאים ראשונים,נר ראשון (של חנוכה) | נטע רבעי | נביאים ראשונים | נחת רוח | נפש רוח | נקבה רבים | ניירות רכישה | נסמך רבים,נחת רוח | ניירות רכישה | נסמך רבים | נטע רבעי | נר ראשון (של חנוכה) | נפש רוח | נביאים ראשונים | נקבה רבים,G,True,True,yes
ha-02257,נ״ר,נביאים ראשונים,נר ראשון (של חנוכה) | נטע רבעי | נביאים ראשונים | נחת רוח | נפש רוח | נקבה רבים | ניירות רכישה | נסמך רבים,נחת רוח | נביאים ראשונים | נפש רוח | נר ראשון (של חנוכה) | נסמך רבים | נטע רבעי | נקבה רבים | ניירות רכישה,B,True,True,yes
ha-02258,נ״ר,נביאים ראשונים,נר ראשון (של חנוכה) | נטע רבעי | נביאים ראשונים | נחת רוח | נפש רוח | נקבה רבים | ניירות רכישה | נסמך רבים,נביאים ראשונים | נטע רבעי | ניירות רכישה | נר ראשון (של חנוכה) | נסמך רבים | נחת רוח | נפש רוח | נקבה רבים,A,True,True,yes
ha-02259,נ״ר,נחת רוח,נר ראשון (של חנוכה) | נטע רבעי | נביאים ראשונים | נחת רוח | נפש רוח | נקבה רבים | ניירות רכישה | נסמך רבים,נביאים ראשונים | נקבה רבים | נטע רבעי | נחת רוח | נר ראשון (של חנוכה) | נפש רוח | נסמך רבים | ניירות רכישה,D,True,True,yes
ha-02260,נ״ר,נחת רוח,נר ראשון (של חנוכה) | נטע רבעי | נביאים ראשונים | נחת רוח | נפש רוח | נקבה רבים | ניירות רכישה | נסמך רבים,ניירות רכישה | נר ראשון (של חנוכה) | נפש רוח | נטע רבעי | נסמך רבים | נחת רוח | נביאים ראשונים | נקבה רבים,F,True,True,yes
ha-02261,נ״ר,נחת רוח,נר ראשון (של חנוכה) | נטע רבעי | נביאים ראשונים | נחת רוח | נפש רוח | נקבה רבים | ניירות רכישה | נסמך רבים,נסמך רבים | נביאים ראשונים | נטע רבעי | נקבה רבים | נר ראשון (של חנוכה) | ניירות רכישה | נחת רוח | נפש רוח,G,True,True,yes
ha-02262,נ״ר,נטע רבעי,נר ראשון (של חנוכה) | נטע רבעי | נביאים ראשונים | נחת רוח | נפש רוח | נקבה רבים | ניירות רכישה | נסמך רבים,נסמך רבים | נקבה רבים | נפש רוח | נר ראשון (של חנוכה) | נטע רבעי | נחת רוח | ניירות רכישה | נביאים ראשונים,E,True,True,yes
ha-02263,נ״ר,נטע רבעי,נר ראשון (של חנוכה) | נטע רבעי | נביאים ראשונים | נחת רוח | נפש רוח | נקבה רבים | ניירות רכישה | נסמך רבים,נפש רוח | נביאים ראשונים | נר ראשון (של חנוכה) | ניירות רכישה | נסמך רבים | נחת רוח | נקבה רבים | נטע רבעי,H,True,True,yes
ha-02264,נ״ר,נטע רבעי,נר ראשון (של חנוכה) | נטע רבעי | נביאים ראשונים | נחת רוח | נפש רוח | נקבה רבים | ניירות רכישה | נסמך רבים,נר ראשון (של חנוכה) | נקבה רבים | נסמך רבים | ניירות רכישה | נטע רבעי | נביאים ראשונים | נחת רוח | נפש רוח,E,True,True,yes
ha-02265,נ״ר,נקבה רבים,נר ראשון (של חנוכה) | נטע רבעי | נביאים ראשונים | נחת רוח | נפש רוח | נקבה רבים | ניירות רכישה | נסמך רבים,נפש רוח | נקבה רבים | נטע רבעי | נר ראשון (של חנוכה) | נסמך רבים | נחת רוח | נביאים ראשונים | ניירות רכישה,B,True,True,yes
ha-02857,רמב״ם,משנה תורה,משנה תורה | ר' משה בן מימון | המרכז הרפואי מיימונידיס | הקריה הרפואית לבריאות האדם – בית חולים בחיפה,המרכז הרפואי מיימונידיס | הקריה הרפואית לבריאות האדם – בית חולים בחיפה | ר' משה בן מימון | משנה תורה,C,False,True,no
ha-02858,רמב״ם,משנה תורה,משנה תורה | ר' משה בן מימון | המרכז הרפואי מיימונידיס | הקריה הרפואית לבריאות האדם – בית חולים בחיפה,ר' משה בן מימון | הקריה הרפואית לבריאות האדם – בית חולים בחיפה | המרכז הרפואי מיימונידיס | משנה תורה,A,False,True,no
ha-02859,רמב״ם,משנה תורה,משנה תורה | ר' משה בן מימון | המרכז הרפואי מיימונידיס | הקריה הרפואית לבריאות האדם – בית חולים בחיפה,ר' משה בן מימון | המרכז הרפואי מיימונידיס | הקריה הרפואית לבריאות האדם – בית חולים בחיפה | משנה תורה,A,False,True,no
ha-01928,מצ״ד,להק הציוד,מספן הציוד | להק הציוד | מחנה הציונות הדתית,להק הציוד | מחנה הציונות הדתית | מספן הציוד,A,True,True,yes
ha-01929,מצ״ד,להק הציוד,מספן הציוד | להק הציוד | מחנה הציונות הדתית,להק הציוד | מחנה הציונות הדתית | מספן הציוד,A,True,True,yes
ha-01930,מצ״ד,להק הציוד,מספן הציוד | להק הציוד | מחנה הציונות הדתית,מחנה הציונות הדתית | מספן הציוד | להק הציוד,B,False,True,yes
ha-01931,מצ״ד,מחנה הציונות הדתית,מספן הציוד | להק הציוד | מחנה הציונות הדתית,להק הציוד | מספן הציוד | מחנה הציונות הדתית,C,True,True,yes
ha-01932,מצ״ד,מחנה הציונות הדתית,מספן הציוד | להק הציוד | מחנה הציונות הדתית,מספן הציוד | מחנה הציונות הדתית | להק הציוד,B,True,True,yes
ha-01933,מצ״ד,מחנה הציונות הדתית,מספן הציוד | להק הציוד | מחנה הציונות הדתית,מחנה הציונות הדתית | מספן הציוד | להק הציוד,A,True,True,yes
ha-01934,מצ״ד,מספן הציוד,מספן הציוד | להק הציוד | מחנה הציונות הדתית,להק הציוד | מספן הציוד | מחנה הציונות הדתית,B,True,True,yes
ha-01935,מצ״ד,מספן הציוד,מספן הציוד | להק הציוד | מחנה הציונות הדתית,מחנה הציונות הדתית | להק הציוד | מספן הציוד,C,True,True,yes
ha-01936,מצ״ד,מספן הציוד,מספן הציוד | להק הציוד | מחנה הציונות הדתית,להק הציוד | מחנה הציונות הדתית | מספן הציוד,C,True,True,yes
ha-00284,א״ז,אדרא זוטא,את זה | אין זה | אי־זוגי | אור זרוע | אדרא זוטא | אדוני זקני,אדוני זקני | את זה | אין זה | אור זרוע | אדרא זוטא | אי־זוגי,E,True,True,yes
ha-00285,א״ז,אור זרוע,את זה | אין זה | אי־זוגי | אור זרוע | אדרא זוטא | אדוני זקני,אי־זוגי | אור זרוע | אדוני זקני | אין זה | אדרא זוטא | את זה,B,True,True,yes
ha-00286,א״ז,אדרא זוטא,את זה | אין זה | אי־זוגי | אור זרוע | אדרא זוטא | אדוני זקני,אין זה | אור זרוע | אי־זוגי | את זה | אדרא זוטא | אדוני זקני,E,True,True,yes
ha-00287,א״ז,אור זרוע,את זה | אין זה | אי־זוגי | אור זרוע | אדרא זוטא | אדוני זקני,את זה | אין זה | אדוני זקני | אור זרוע | אדרא זוטא | אי־זוגי,D,True,True,yes
ha-00288,א״ז,אור זרוע,את זה | אין זה | אי־זוגי | אור זרוע | אדרא זוטא | אדוני זקני,אור זרוע | אין זה | אדוני זקני | אי־זוגי | אדרא זוטא | את זה,A,True,True,yes
ha-00289,א״ז,אור זרוע,את זה | אין זה | אי־זוגי | אור זרוע | אדרא זוטא | אדוני זקני,אדרא זוטא | אי־זוגי | אין זה | אדוני זקני | את זה | אור זרוע,F,True,True,yes
ha-00290,א״ז,אי־זוגי,את זה | אין זה | אי־זוגי | אור זרוע | אדרא זוטא | אדוני זקני,אי־זוגי | אדרא זוטא | את זה | אור זרוע | אין זה | אדוני זקני,A,True,True,yes
ha-00291,א״ז,אי־זוגי,את זה | אין זה | אי־זוגי | אור זרוע | אדרא זוטא | אדוני זקני,את זה | אי־זוגי | אין זה | אור זרוע | אדוני זקני | אדרא זוטא,B,True,True,yes
ha-00292,א״ז,אי־זוגי,את זה | אין זה | אי־זוגי | אור זרוע | אדרא זוטא | אדוני זקני,אור זרוע | את זה | אין זה | אי־זוגי | אדרא זוטא | אדוני זקני,D,True,True,yes
ha-00293,א״ז,אין זה,את זה | אין זה | אי־זוגי | אור זרוע | אדרא זוטא | אדוני זקני,אדרא זוטא | אין זה | אדוני זקני | אור זרוע | אי־זוגי | את זה,B,True,True,yes
ha-00294,א״ז,אין זה,את זה | אין זה | אי־זוגי | אור זרוע | אדרא זוטא | אדוני זקני,אי־זוגי | את זה | אין זה | אור זרוע | אדוני זקני | אדרא זוטא,C,True,True,yes
ha-00295,א״ז,אין זה,את זה | אין זה | אי־זוגי | אור זרוע | אדרא זוטא | אדוני זקני,אדרא זוטא | את זה | אדוני זקני | אין זה | אי־זוגי | אור זרוע,D,True,True,yes
ha-00296,א״ז,את זה,את זה | אין זה | אי־זוגי | אור זרוע | אדרא זוטא | אדוני זקני,את זה | אור זרוע | אין זה | אדרא זוטא | אדוני זקני | אי־זוגי,A,True,True,yes
ha-00297,א״ז,את זה,את זה | אין זה | אי־זוגי | אור זרוע | אדרא זוטא | אדוני זקני,אור זרוע | אי־זוגי | אדוני זקני | אין זה | את זה | אדרא זוטא,E,True,True,yes
ha-00298,א״ז,את זה,את זה | אין זה | אי־זוגי | אור זרוע | אדרא זוטא | אדוני זקני,אין זה | את זה | אי־זוגי | אדרא זוטא | אור זרוע | אדוני זקני,B,True,True,yes
ha-02820,רדב״ז,רבי דוד בן זכאי,רבי דוד בן זכאי | רבי דוד בן זמרא (1479–1573),רבי דוד בן זכאי | רבי דוד בן זמרא (1479–1573),A,True,True,no
ha-00761,גמו״ש,גמול השתלמות,גמול השתלמות | גמור ושלם,גמול השתלמות | גמור ושלם,A,True,True,no
ha-00762,גמו״ש,גמול השתלמות,גמול השתלמות | גמור ושלם,גמול השתלמות | גמור ושלם,A,True,True,no
ha-00763,גמו״ש,גמול השתלמות,גמול השתלמות | גמור ושלם,גמור ושלם | גמול השתלמות,B,True,True,no
ha-00925,ד״ק,דגש קל,דגש קל | דמי קדימה,דמי קדימה | דגש קל,B,True,True,yes
ha-00926,ד״ק,דגש קל,דגש קל | דמי קדימה,דגש קל | דמי קדימה,A,True,True,yes
ha-00927,ד״ק,דגש קל,דגש קל | דמי קדימה,דמי קדימה | דגש קל,B,True,True,yes
ha-00928,ד״ק,דמי קדימה,דגש קל | דמי קדימה,דגש קל | דמי קדימה,B,True,True,yes
ha-00929,ד״ק,דמי קדימה,דגש קל | דמי קדימה,דמי קדימה | דגש קל,A,True,True,yes
ha-00930,ד״ק,דמי קדימה,דגש קל | דמי קדימה,דגש קל | דמי קדימה,B,True,True,yes
ha-01602,מא״ש,המרכז לאימונים באש,מאה שערים | מרדכי איש-שלום | המרכז לאימונים באש | מאיר איש-שלום,מאה שערים | מאיר איש-שלום | מרדכי איש-שלום | המרכז לאימונים באש,D,True,True,yes
ha-01603,מא״ש,המרכז לאימונים באש,מאה שערים | מרדכי איש-שלום | המרכז לאימונים באש | מאיר איש-שלום,מאה שערים | מרדכי איש-שלום | המרכז לאימונים באש | מאיר איש-שלום,C,True,True,yes
ha-01604,מא״ש,מאה שערים,מאה שערים | מרדכי איש-שלום | המרכז לאימונים באש | מאיר איש-שלום,מאה שערים | מרדכי איש-שלום | מאיר איש-שלום | המרכז לאימונים באש,A,True,True,yes
ha-01605,מא״ש,מאה שערים,מאה שערים | מרדכי איש-שלום | המרכז לאימונים באש | מאיר איש-שלום,מאה שערים | מאיר איש-שלום | מרדכי איש-שלום | המרכז לאימונים באש,A,True,True,yes
ha-01606,מא״ש,מאה שערים,מאה שערים | מרדכי איש-שלום | המרכז לאימונים באש | מאיר איש-שלום,מאיר איש-שלום | המרכז לאימונים באש | מאה שערים | מרדכי איש-שלום,C,True,True,yes
ha-00496,בכ״מ,בכל מקום,בכל מקום | בכל מקרה | בכמה מקומות,בכמה מקומות | בכל מקום | בכל מקרה,B,True,True,yes
ha-00497,בכ״מ,בכל מקום,בכל מקום | בכל מקרה | בכמה מקומות,בכל מקרה | בכל מקום | בכמה מקומות,B,True,True,yes
ha-00498,בכ״מ,בכל מקום,בכל מקום | בכל מקרה | בכמה מקומות,בכל מקרה | בכמה מקומות | בכל מקום,C,True,True,yes
ha-00499,בכ״מ,בכל מקרה,בכל מקום | בכל מקרה | בכמה מקומות,בכל מקום | בכל מקרה | בכמה מקומות,B,True,True,yes
ha-00500,בכ״מ,בכל מקרה,בכל מקום | בכל מקרה | בכמה מקומות,בכל מקום | בכמה מקומות | בכל מקרה,A,False,True,yes
ha-00501,בכ״מ,בכל מקרה,בכל מקום | בכל מקרה | בכמה מקומות,בכל מקרה | בכמה מקומות | בכל מקום,A,True,True,yes
ha-00502,בכ״מ,בכמה מקומות,בכל מקום | בכל מקרה | בכמה מקומות,בכמה מקומות | בכל מקום | בכל מקרה,A,True,True,yes
ha-00503,בכ״מ,בכמה מקומות,בכל מקום | בכל מקרה | בכמה מקומות,בכמה מקומות | בכל מקום | בכל מקרה,A,True,True,yes
ha-00504,בכ״מ,בכמה מקומות,בכל מקום | בכל מקרה | בכמה מקומות,בכמה מקומות | בכל מקום | בכל מקרה,A,True,True,yes
ha-02894,רע״א,רבי עקיבא אייגר,רבי עקיבא אייגר | רשות ערעור אזרחי,רשות ערעור אזרחי | רבי עקיבא אייגר,B,True,True,no
