acronym,page_title,expansion,hits,script,initials_match,looks_like_person,raw_line
AI,AI,אדובי אילוסטרייטור,15,latin,,False,אדובי אילוסטרייטור (Adobe Illustrator)
AI,AI,קלט אנלוגי,2,latin,,False,קלט אנלוגי (Analog Input)
AI,AI,בינה מלאכותית,1793,latin,,False,בינה מלאכותית (Artificial Intelligence)
AI,AI,מד אופק מלאכותי,4,latin,,False,מד אופק מלאכותי (Attitude Indicator)
AI,AI,ad interim (ביטוי לטיני),1,latin,,False,ad interim (ביטוי לטיני) - לפי שעה
AI,AI,איי איי (זמרת),1,latin,,False,איי איי (זמרת) - זמרת-יוצרת יפנית-אמריקנית
AI,AI,איי וייוויי,24,latin,,False,איי וייוויי – אמן סיני
AI,AI,A.I. (שיר של ואן ריפאבליק),1,latin,,False,A.I. (שיר של ואן ריפאבליק)
AI,AI,A.i. (להקה),1,latin,,False,A.i. (להקה) - להקה אמריקנית
AI,AI,אמריקן איידול,305,latin,,False,אמריקן איידול (AI) - תוכנית מציאות אמריקנית
AI,AI,אינטליגנציה מלאכותית (סרט),5,latin,,False,אינטליגנציה מלאכותית (סרט) (A.I. Artificial Intelligence) - סרט מדע בדיוני אמריקני
ATM,ATM,כספומט,53,latin,,False,"כספומט – מסוף אוטומטי המספק שירותי בנקאות; נקרא באנגלית ""ATM"", קיצור של Automatic Teller Machine"
ATM,ATM,ATM (שיר),2,latin,,False,"ATM (שיר) – שיר של ג'יי קול, ראשי תיבות של ""Addicted To Money"""
BPM,BPM,ניהול תהליכים עסקיים,9,latin,,False,ניהול תהליכים עסקיים – תוכנת תשתית המתארת ומבצעת תהליכים עסקיים באמצעות מחשב
BPM,BPM,מכללת BPM,34,latin,,False,"מכללת BPM – מוסד ישראלי ללימוד מקצועות המוזיקה, הסאונד וההפקה המוזיקלית"
BPM,BPM,120 פעימות בדקה,45,latin,,False,120 פעימות בדקה – סרט קולנוע צרפתי
CDC,CDC,תאגיד קונטרול דאטה,1,latin,,False,תאגיד קונטרול דאטה (Control Data Corporation) – חברת מחשבים אמריקאית שפעלה בשנים 1957–1992
CDC,CDC,מרכז ידיעות קרב,13,latin,,True,"מרכז ידיעות קרב (Combat Direction Center, ""מרכז הנחיית קרב"") – סוג של מרכז טקטי הנמצא בספינות מלחמה, צוללות ומטוסי שליטה ובקרה צבאיים"
CDC,CDC,"(בתרגום חופשי ""לכידת מידע שהשתנה"")",21,latin,,False,"(בתרגום חופשי ""לכידת מידע שהשתנה"") – אוסף תבניות עיצוב תוכנה שנועדו לנטר שינויים אחרונים במסד נתונים"
DNA,DNA (פירושונים),מולקולת ענק של חומצת גרעין הבנויה כשרשרת נוקלאוטידים,3,latin,,False,DNA – מולקולת ענק של חומצת גרעין הבנויה כשרשרת נוקלאוטידים
DNA,DNA (פירושונים),DNA (אלבום),5,latin,,False,DNA (אלבום) – אלבום הבכורה של ליטל מיקס משנת 2012
DNA,DNA (פירושונים),DNA (שיר של ליטל מיקס),2,latin,,False,DNA (שיר של ליטל מיקס) – שיר הנושא של האלבום
DNA,DNA (פירושונים),DNA (שיר של BTS) משנת 2017,1,latin,,False,DNA (שיר של BTS) משנת 2017
DNA,DNA (פירושונים),DNA (שיר של קנדריק לאמאר) משנת 2017,1,latin,,False,DNA (שיר של קנדריק לאמאר) משנת 2017
NBL,NBL,ליגת ה-NBL,48,latin,,True,ליגת ה-NBL (National Basketball League) – ליגת עבר אמריקאית בכדורסל (1937–1949) שהתמזגה עם ליגת ה-BAA ליצירת ה-NBA
NBL,NBL,ליגת העל האוסטרלית בכדורסל,18,latin,,False,ליגת העל האוסטרלית בכדורסל (National Basketball League) – ליגת הכדורסל הלאומית של אוסטרליה
NBL,NBL,ליגת העל הצ'כית בכדורסל,4,latin,,False,ליגת העל הצ'כית בכדורסל (Národní basketbalová liga) - ליגת הכדורסל הבכירה בצ'כיה
NBL,NBL,המעבדה לציפה נייטרלית,2,latin,,True,"המעבדה לציפה נייטרלית (Neutral Buoyancy Laboratory) - מתקן של נאס""א ביוסטון לאימון אסטרונאוטים בתנאי חוסר משקל"
NBL,NBL,קיצור לשמו של החומר n-בוטילליתיום,1,latin,,False,"קיצור לשמו של החומר n-בוטילליתיום (n-butyllithium), ראו בוטילליתיום"
NGA,NGA,הקוד של ניגריה בתקן ISO 3166-1,1,latin,,False,הקוד של ניגריה בתקן ISO 3166-1
NGA,NGA,ראשי תיבות באנגלית של הגלריה הלאומית לאמנות בארצות הברית,1,latin,,False,ראשי תיבות באנגלית של הגלריה הלאומית לאמנות בארצות הברית
NGA,NGA,ראשי תיבות באנגלית של הגלריה הלאומית של אוסטרליה,1,latin,,False,ראשי תיבות באנגלית של הגלריה הלאומית של אוסטרליה
NGA,NGA,ראשי תיבות באנגלית של אגודת המושלים הלאומית בארצות הברית,1,latin,,False,ראשי תיבות באנגלית של אגודת המושלים הלאומית בארצות הברית
NSC,NSC,המועצה לביטחון לאומי של ארצות הברית,73,latin,,False,"המועצה לביטחון לאומי של ארצות הברית – באנגלית: National Security Council, הגוף המייעץ לנשיא ארצות הברית בנושאי מדיניות חוץ וביטחון לאומי"
NSC,NSC,ועדת הקבינט לביטחון לאומי של אוסטרליה,5,latin,,False,"ועדת הקבינט לביטחון לאומי של אוסטרליה – באנגלית: Cabinet National Security Committee, ועדה במחלקת ראש הממשלה והקבינט של ממשלת אוסטרליה המופקדת על פיקוח כל הנושאים הקשורים לביטחון הלאומי, תיאום מודיעיני ואסטרטגיה ביטחונית"
NSC,NSC,חוזה חברתי חדש,12,latin,,False,"חוזה חברתי חדש – בהולנדית: Nieuw Sociaal Contract, מפלגה פוליטית בהולנד שהושקה והובלה על ידי פיטר אומטזיכט"
NSC,NSC,מועדון הכדורגל נאשוויל,3,latin,,False,"מועדון הכדורגל נאשוויל – באנגלית: Nashville Soccer Club, מועדון כדורגל מהעיר נאשוויל, בירת מדינת טנסי"
NSC,NSC,מרכז החלל הלאומי בלסטר,4,latin,,False,"מרכז החלל הלאומי בלסטר – באנגלית: National Space Centre, מוזיאון ומשאב חינוכי המכסה את תחומי מדעי החלל והאסטרונומיה, שוכן בלסטר שבאנגליה"
OVA,OVA,אנימה (יצירה מונפשת יפנית) שנועדה מראש להפצה לווידאו ביתי,1,latin,,False,"אנימה (יצירה מונפשת יפנית) שנועדה מראש להפצה לווידאו ביתי, ראו אנימה (הנפשה)#OVA"
OVA,OVA,מיזם שיתופי של קרן לינוקס שפעל בשנים 2013,1,latin,,False,"מיזם שיתופי של קרן לינוקס שפעל בשנים 2013–2016, לפיתוח תוכנות קוד פתוח חופשיות שניתן להריץ בסביבות עבודה וירטואליות, ראו גם וירטואליזציה"
OVA,OVA,Ova (קיצור ל,1,latin,,False,"Ova (קיצור ל–Ovalbumin) – אובלבומין, החלבון העיקרי בחלבון הביצה"
VAC,VAC,טיפול בפצע באמצעות לחץ שלילי הידוע גם בשם VAC,1,latin,,False,טיפול בפצע באמצעות לחץ שלילי הידוע גם בשם VAC (ראשי תיבות של Vacuum Assisted Closure)
VAC,VAC,מועדון סיף ואתלטיקה (הונגריה),2,latin,,False,"מועדון סיף ואתלטיקה (הונגריה) (VAC; ראשי תיבות בהונגרית: Vívó és Atlétikai Club) – אגודת הספורט היהודית הראשונה בהונגריה, שנוסדה ב-1906"
VAC,VAC,ואץ,95,latin,,False,"ואץ (בהונגרית: Vác) – עיירה בהונגריה, במחוז פשט"
אב״ג,"אב""ג",אברהם בר גוטלובר (1811,1,hebrew,True,True,"אברהם בר גוטלובר (1811–1899) – משורר, סופר, מחזאי, היסטוריון, עיתונאי ומחנך, מהחשובים שבתנועת ההשכלה"
אב״ג,"אב""ג",אוניברסיטת בן-גוריון בנגב,1758,hebrew,True,False,"אוניברסיטת בן-גוריון בנגב – אוניברסיטה ישראלית בעיר באר שבע, אשר הוקמה ב-1969 וידועה בשמה הנוכחי מ-1974"
אב״ג,"אב""ג",ארכיון בן-גוריון,15,hebrew,True,False,"ארכיון בן-גוריון – ארכיון אודות דוד בן-גוריון שהוקם להנצחת מורשתו, ראו המכון למורשת בן-גוריון#ארכיון ומרכז מבקרים"
אח״י,"אח""י","מפלגת אח""י",17,hebrew,False,False,"מפלגת אח""י – מפלגה דתית ישראלית"
אח״ם,"אח""ם",אישיות חשובה מאוד,9,hebrew,True,False,אישיות חשובה מאוד – אישיות ציבורית ידועה הנהנית מזכויות יתר עקב חשיבותה או מעמדה
אח״ם,"אח""ם",אגף החקירות והמודיעין,144,hebrew,True,False,אגף החקירות והמודיעין – אגף של משטרת ישראל
אל״ם,"אל""ם (פירושונים)",אלוף-משנה,2519,hebrew,True,False,"אלוף-משנה - אחת מדרגות צה""ל"
אל״ם,"אל""ם (פירושונים)",אביגדור בן שמחה הלוי מגלוגוי,2,hebrew,True,True,"אביגדור בן שמחה הלוי מגלוגוי – מורה ומדקדק עברי, שנודע גם בראשי התיבות אל""ם"
ב״ק,"ב""ק","ישראל ב""ק",73,hebrew,False,False,"ישראל ב""ק – מחדש הדפוס העברי בארץ ישראל לאחר הפסקה של למעלה ממאתיים שנה"
ב״ק,"ב""ק","ניסן ב""ק",64,hebrew,False,False,"ניסן ב""ק – מדפיס ספרים ואיש ציבור ביישוב הישן בארץ ישראל במאה התשע עשרה"
ב״ק,"ב""ק",שמואל בק (צייר),4,hebrew,False,False,שמואל בק (צייר) – צייר ישראלי-אמריקאי
ב״ק,"ב""ק",שמואל בק (רב),6,hebrew,False,False,שמואל בק (רב) – תלמיד חכם והיסטוריון יהודי
ב״ק,"ב""ק","שרה ב""ק",42,hebrew,False,False,"שרה ב""ק – אשת תקשורת ופובליציסטית ישראלית"
ב״ק,"ב""ק",מסכת בבא קמא,461,hebrew,False,False,מסכת בבא קמא
בט״ר,"בט""ר","בט""ר דותן (מחנה 80)",3,hebrew,True,False,"בט""ר דותן (מחנה 80) - בסיס טירונות השייך למערך המגל"
בט״ר,"בט""ר","בט""ר זיקים (בה""ד 4)",2,hebrew,True,False,"בט""ר זיקים (בה""ד 4)"
בט״ר,"בט""ר","בט""ר ניצנים",11,hebrew,True,False,"בט""ר ניצנים"
בט״ר,"בט""ר","בט""ר מחו""ה אלון",2,hebrew,True,False,"בט""ר מחו""ה אלון"
בט״ר,"בט""ר","בט""ר חוות השומר",2,hebrew,True,False,"בט""ר חוות השומר"
ביד״צ,"ביד""צ",בית דין צבאי,316,hebrew,True,False,"בית דין צבאי – בית דין הפועל במסגרת הצבא ותפקידו לשפוט חיילים וכן אזרחים הכפופים לצבא, בעבירות פליליות בלבד"
ביד״צ,"ביד""צ",בית דין צדק,78,hebrew,True,False,בית דין צדק – הרכב של דיינים מוסמכים שעורכים משפטים לפי המשפט העברי וכן מכריעים בשאלות שנוגעות להלכה היהודית
גו״ז,"גו""ז",גוף זר,109,hebrew,True,False,גוף זר – גוף זר המביא לנזקי גוף זר במערכות מכניות וכן בגוף האדם ובבעלי חיים
גו״ז,"גו""ז",גילוי וזיהוי,40,hebrew,True,False,גילוי וזיהוי – שלב בלחימה בכלל ובלחימה אטומית ביולוגית כימית בפרט. נמצא בשימוש גם בתחום הרפואה
גל״צ,"גל""צ (פירושונים)","גלי צה""ל",2444,hebrew,True,False,"גל""צ – ראשי תיבות של גלי צה""ל, תחנת רדיו ישראלית הפועלת במסגרת צה""ל"
גל״צ,"גל""צ (פירושונים)",גלגלצ,1992,hebrew,True,False,"גלגלצ – ערוץ רדיו ישראלי המופעל על ידי גלי צה""ל"
גל״צ,"גל""צ (פירושונים)","גל""ץ",33,hebrew,True,False,"גל""ץ (גם Gala'tz) – ראשי תיבות של גליל צלפים, רובה צלפים חצי-אוטומטי המבוסס על רובה הסער ""גליל"""
ד״א,"ד""א",ד' אלפים,109,hebrew,True,False,ד' אלפים – השנה העברית ב-240 לספירה
ד״א,"ד""א",דרך ארץ,583,hebrew,True,False,דרך ארץ
ד״א,"ד""א",דבר אחר,828,hebrew,True,True,דבר אחר
ד״א,"ד""א",ד' אמות,48,hebrew,True,False,ד' אמות
ד״א,"ד""א",דיני אדם,3,hebrew,True,False,"דיני אדם - במשפט העברי דינים הניתנים לתביעה בבית דין, בשונה מדיני שמים"
דו״צ,"דו""צ","מערך דובר צה""ל (יחידה צבאית)",1,hebrew,False,True,"מערך דובר צה""ל (יחידה צבאית) – מערך הדוברות של צה""ל (משויך לאגף המבצעים)"
דו״צ,"דו""צ","דובר צה""ל (קצין)",4,hebrew,True,True,"דובר צה""ל (קצין) – כינוי לקצין העומד בראש מערך ""דובר צה""ל"", ראו דובר צה""ל#דוברי צה""ל"
דו״צ,"דו""צ",ירי דו-צדדי,93,hebrew,False,False,"ירי דו-צדדי (""ירי דו""צ"") – התקפה של כוח על כוח ידידותי בגלל זיהויו ככוח אויב (מכונה גם באוקסימורון ""אש ידידותית"")"
דו״צ,"דו""צ",אימון דו-צדדי,3,hebrew,False,False,"אימון דו-צדדי (""אימון דו""צ"") – אימון בו מדמים החיילים שני צדדים לוחמים, ראו גם בִּיּוּם אויב"
דו״צ,"דו""צ",סרט דביק דו-צדדי,3,hebrew,False,False,"סרט דביק דו-צדדי (""דבק דו""צ"") – נייר דבק המצופה בדבק משני צדיו"
הגרי״ש,"הגרי""ש","הגרי""ש אלישיב",32,hebrew,True,True,"הגרי""ש אלישיב – הרב יוסף שלום אלישיב"
הגרי״ש,"הגרי""ש","הגרי""ש כהנמן",2,hebrew,True,True,"הגרי""ש כהנמן – הרב יוסף שלמה כהנמן"
הגרי״ש,"הגרי""ש","הגרי""ש אונגר",1,hebrew,True,True,"הגרי""ש אונגר – הרב יצחק שלמה אונגר אב בית דין קהילת חוג חתם סופר"
החי״ל,"החי""ל",הבריגדה היהודית,494,hebrew,False,False,"הבריגדה היהודית – הידועה גם בשם ""חטיבה יהודית לוחמת"", ובראשי תיבות: החי""ל"
החי״ל,"החי""ל",החבל הימי לישראל,78,hebrew,True,False,"החבל הימי לישראל – ובראשי תיבות: החי""ל"
הל״ה,"הל""ה (פירושונים)","מחלקת הל""ה",84,hebrew,False,False,"מחלקת הל""ה – מחלקת של לוחמי הפלמ""ח שיצאה לעזרת גוש עציון במלחמת העצמאות"
הל״ה,"הל""ה (פירושונים)","ל""ה גיבורי גוש עציון",177,hebrew,False,False,"ל""ה גיבורי גוש עציון – אוניית מעפילים שנקראה על שם המחלקה"
הל״ה,"הל""ה (פירושונים)","נתיב הל""ה",138,hebrew,False,False,"נתיב הל""ה – קיבוץ שנקרא על שם המחלקת"
הל״ה,"הל""ה (פירושונים)","הל""ה (עמותה)",2,hebrew,True,False,"הל""ה (עמותה) – עמותה למען חינוך בעיירות פיתוח"
הל״ה,"הל""ה (פירושונים)","ה'ל""ה",16,hebrew,True,False,"ה'ל""ה – שנה עברית"
הנ״ץ,"הנ""ץ",נפתלי הירץ יהודה נימנוביץ',2,hebrew,False,False,נפתלי הירץ יהודה נימנוביץ'
הנ״ץ,"הנ""ץ",הנוער הציוני,412,hebrew,True,False,הנוער הציוני
הנ״ץ,"הנ""ץ","הנ""צ",3,hebrew,True,False,"הנ""צ – הסתדרות נשים ציוניות (ויצו)"
הרא״ה,"הרא""ה",הרב אברהם יצחק הכהן קוק,554,hebrew,True,True,הרב אברהם יצחק הכהן קוק – מייסד הרבנות הראשית לישראל והוגה הדעות העיקרי של הציונות הדתית
הרא״ה,"הרא""ה","כפר הרא""ה",342,hebrew,False,True,"כפר הרא""ה – מושב דתי בעמק חפר, קרוי על שמו של הרב אברהם יצחק הכהן קוק"
השב״ס,"השב""ס",שירות בתי הסוהר,594,hebrew,False,False,שירות בתי הסוהר – רשות הכליאה הלאומית של מדינת ישראל
השב״ס,"השב""ס",השאלה בין-ספרייתית,19,hebrew,True,False,השאלה בין-ספרייתית – שירות השאלת ספרים ופריטי מידע אחרים בין ספריות
זה״ב,"זה""ב",זהירות בדרכים,63,hebrew,True,False,זהירות בדרכים
זה״ב,"זה""ב","משמרות זה""ב בישראל",6,hebrew,False,False,"משמרות זה""ב בישראל – משמרות זהירות בדרכים"
זה״ב,"זה""ב","זה""ב בגן",5,hebrew,True,False,"זה""ב בגן – תוכנית ארצית להתנדבות של גמלאים בגני ילדים בנושא בטיחות בדרכים"
זה״ב,"זה""ב","מספר זה""ב",4,hebrew,False,False,"מספר זה""ב – מערכת זיכוי העברות יומניות בזמן אמת (IBAN)"
זה״ב,"זה""ב",הימים בהם קוראים בתורה: ז' (שבת),1,hebrew,False,False,"זה""ב - הימים בהם קוראים בתורה: ז' (שבת), ה' (חמישי), ב' (שני)"
ח״ח,"ח""ח","חיזוק חיובי (קבל ח""ח)",1,hebrew,True,False,"חיזוק חיובי (קבל ח""ח)"
ח״ח,"ח""ח",חפץ חיים (ספר),4,hebrew,True,True,"חפץ חיים (ספר) – ספר להלכות לשון הרע, מאת רבי ישראל מאיר הכהן"
ח״ח,"ח""ח",חפץ חיים (קיבוץ),4,hebrew,True,False,חפץ חיים (קיבוץ) – קיבוץ דתי של פועלי אגודת ישראל
ח״ח,"ח""ח",חרדה חברתית,103,hebrew,True,False,"חרדה חברתית – הפרעת חרדה שמתאפיינת בפחד, חשש או דאגה ממגוון של מצבים חברתיים או מביצוע פעולות מסוימות בפומבי"
ח״ן,"ח""ן",חיל נשים,40,hebrew,True,False,"חיל נשים – חיל שהיה קיים בצה""ל עד שנת 2001, והיה אחראי על טיפול ספציפי בחיילות"
ח״ן,"ח""ן",חכמת נסתר,3,hebrew,True,False,חכמת נסתר – תורת הנסתר ביהדות
חנ״ה,"חנ""ה",חומר נפץ הודף,40,hebrew,True,False,"חומר נפץ הודף – בראשי תיבות: חנ""ה"
חנ״ה,"חנ""ה","מצוות חנ""ה",2,hebrew,False,False,"מצוות חנ""ה - שלוש מצוות שניתנו לנשים: חלה, נידה, הדלקת נרות"
חנ״ה,"חנ""ה",חברת הנפט הלאומית,96,hebrew,True,False,חברת הנפט הלאומית – חברת נפט בבעלות ממשלתית ישראלית שנמכרה לנפטא חברה ישראלית לנפט
יה״ש,"יה""ש",יחידת השתתפות,139,hebrew,True,False,יחידת השתתפות – נייר ערך המזכה ברווח אך לא בהשפעה על ניהול תאגיד
יה״ש,"יה""ש",יהושע השל שור,20,hebrew,True,False,יהושע השל שור – איש תנועת ההשכלה הרדיקלית בגליציה
יהב״י,"יהב""י",יקותיאל הכהן,10,hebrew,False,True,יקותיאל הכהן – (יקותיאל הנקדן בן יהודה) - בלשן ואיש מסורה. חי באירופה במחצית השנייה של המאה ה-12
יהב״י,"יהב""י",יהודה ייטלס,7,hebrew,False,True,יהודה ייטלס – (יהודה בן יונה ייטלס) - בלשן יהודי תושב פראג במפנה המאה ה-19
יו״ד,"יו""ד","האות יו""ד",39,hebrew,False,False,"האות יו""ד – האות העשירית באלף בית העברי"
יו״ד,"יו""ד",יורה דעה,990,hebrew,True,False,"יורה דעה – החלק העוסק בדיני איסור והיתר בטור ובשו""ע"
יו״ד,"יו""ד",יוד,421,hebrew,True,False,יוד – יסוד כימי שסמלו הכימי I ומספרו האטומי 53
יוע״מ,"יוע""מ",יועץ משפטי,242,hebrew,True,False,יועץ משפטי – עורך דין העוסק במתן שירותים משפטיים דרך קבע לגוף מסוים
יח״ל,"יח""ל",ישיבת חכמי לובלין,151,hebrew,True,False,ישיבת חכמי לובלין
יח״ל,"יח""ל",יחידת לבגרות,1,hebrew,True,False,יחידת לבגרות – דרך למדידת משקלו של מקצוע בבחינות הבגרות בישראל
יחב״ל,"יחב""ל",יחסים בינלאומיים,321,hebrew,True,False,יחסים בינלאומיים
יחב״ל,"יחב""ל",יחידות בינלאומיות,4,hebrew,True,False,יחידות בינלאומיות – יחידות לפעילות ביולוגית הנמצאת בשימוש בפרמקולוגיה (באנגלית IU)
יחב״ל,"יחב""ל",היחידה לחקירות בינלאומיות,1,hebrew,False,False,היחידה לחקירות בינלאומיות – יחידת משטרה האחראית על חקירות בינלאומיות ומאבק בפשע המאורגן הבינלאומי
יט״א,"יט""א","יאט""א",577,hebrew,True,False,"יאט""א – ארגון חברות התעופה הבינלאומי יאט""א (International Air Transport Association – IATA) הוא ארגון מסחר בינלאומי של חברות תעופה"
יט״א,"יט""א","יט""א",31,hebrew,True,False,"יט""א (The Jewish Teritorial Organization) - ההסתדרות הטריטוריאליסטית היהודית, ארגון בראשות ישראל זנגוויל שייצג את הזרם הטריטוריאליסטי"
יש״ר,"יש""ר",יצחק שמואל רג'יו,13,hebrew,True,True,"יצחק שמואל רג'יו – יש""ר מגוריציה – רב ופילוסוף איטלקי"
יש״ר,"יש""ר",יוסף שלמה דלמדיגו,41,hebrew,False,False,"יוסף שלמה דלמדיגו – יש""ר מקנדיה – רב, פילוסוף, רופא ואסטרונום מכרתים"
כ״ס,"כ""ס (פירושונים)",כוח סוס,469,hebrew,True,False,כוח סוס – יחידת מידה להספק
כ״ס,"כ""ס (פירושונים)",כפר סבא,2565,hebrew,True,False,כפר סבא – עיר בישראל
כ״ס,"כ""ס (פירושונים)",כתב סתר,7,hebrew,True,False,כתב סתר – אמצעי לתקשורת מוצפנת
כד״א,"כד""א",כדוריות דם אדומות,68,hebrew,True,False,כדוריות דם אדומות – תאי דם שתפקידם העיקרי הוא להוביל חמצן
כד״א,"כד""א",כדור הארץ,7804,hebrew,True,False,כדור הארץ – כוכב הלכת ארץ
כד״א,"כד""א",כמה דאת אמר,5,hebrew,True,False,"כמה דאת אמר, בלשון ארמית"
להב״ה,"להב""ה",למניעת התבוללות בארץ הקודש,10,hebrew,True,False,"להב""ה – למניעת התבוללות בארץ הקודש"
להב״ה,"להב""ה",לצמצום הפער הדיגיטלי בחברה הישראלית,6,hebrew,True,False,"להב""ה - לצמצום הפער הדיגיטלי בחברה הישראלית"
לו״ז,"לו""ז",לוחמה זעירה,84,hebrew,True,False,לוחמה זעירה
לו״ז,"לו""ז",לוח זמנים,939,hebrew,True,False,לוח זמנים
מ״א,"מ""א",מגן אברהם,276,hebrew,True,False,"מגן אברהם – פירוש מרכזי ל""שולחן ערוך"""
מ״א,"מ""א",מוסמך אוניברסיטה (נקרא גם 'תואר שני'),1,hebrew,True,False,מוסמך אוניברסיטה (נקרא גם 'תואר שני') – תואר אקדמי
מ״א,"מ""א",מועצה אזורית,4397,hebrew,True,False,מועצה אזורית – צורת שלטון מקומי המאגדת מבחינה מוניציפלית מספר יישובים כפריים או קהילתיים באזור גאוגרפי מסוים
מ״א,"מ""א",המפקדה הארצית,101,hebrew,False,False,"המפקדה הארצית – הגוף שהופקד על הניהול הכולל של ארגון ""ההגנה"""
מ״א,"מ""א",מספר אישי,59,hebrew,True,False,"מספר אישי – קוד המשמש לזיהוי אדם בקבוצה גדולה (בדומה למספר זהות), על פי רוב במערכת צבאית"
מ״מ,"מ""מ",מילימטר,1632,hebrew,True,False,מילימטר – אלפית המטר
מ״מ,"מ""מ",ממלא מקום,1575,hebrew,True,False,ממלא מקום – אדם המאייש משרה באופן זמני
מ״מ,"מ""מ",מפקד מחלקה,302,hebrew,True,False,"מפקד מחלקה – חייל, לרוב קצין זוטר בדרגת סגן-משנה או סגן, המפקד על מחלקה (קבוצה של כמה עשרות חיילים, בעיקר ביחידות השדה). אין לבלבל עם ראש מחלקה (רמ""ח), שהוא קצין בכיר (בדרך כלל אל""ם) העומד בראש חלק ממפקדה"
מ״מ,"מ""מ","סיכת מ""מ",14,hebrew,False,True,"סיכת מ""מ – סיכה המוענקת לבוגרי קורסי הקצינים בצה""ל (ובעבר בארגון ההגנה)"
מ״מ,"מ""מ",מערך המבצעים המיוחדים,58,hebrew,True,False,"מערך המבצעים המיוחדים – יחידה של אגף המודיעין בצה""ל"
מ״מ,"מ""מ",מרחב מטרי,137,hebrew,True,False,מרחב מטרי
מ״מ,"מ""מ",מרחב מכפלה,98,hebrew,True,False,מרחב מכפלה
מ״מ,"מ""מ",משתנה מקרי,185,hebrew,True,False,משתנה מקרי
מ״מ,"מ""מ",מרחב מדגם,6,hebrew,True,False,מרחב מדגם – מרחב הסתברות
מ״מ,"מ""מ",מגיד מישרים,111,hebrew,True,False,מגיד מישרים
מא״ש,"מא""ש",מרדכי איש-שלום,118,hebrew,True,False,"מרדכי איש-שלום – חתם בראשי התיבות מא""ש, ראש עיריית ירושלים"
מא״ש,"מא""ש",מאיר איש-שלום,30,hebrew,True,False,"מאיר איש-שלום – חתם בראשי התיבות מא""ש, חוקר יהדות"
מא״ש,"מא""ש",מאה שערים,562,hebrew,True,False,מאה שערים – שכונה בירושלים
מא״ש,"מא""ש",המרכז לאימונים באש,31,hebrew,False,False,"מא""ש – המרכז לאימונים באש, אחד מארבעת המרכזים במרכז הלאומי לאימונים ביבשה"
מג״ל,"מג""ל",מגל (בעבר מערך גיבוי לחימה),1,hebrew,True,True,"מגל (בעבר מערך גיבוי לחימה) - מערך בצה""ל האחראי על שלב הטירונות של חיילים ביחידות תומכות לחימה ועורפיות"
מג״ל,"מג""ל","מג""ל (רובה)",2,hebrew,True,False,"מג""ל (רובה) – רובה משטרה ישראלי מקוצר המבוסס על מיקרו גליל"
מג״ל,"מג""ל",המכון הגבוה לתורה,33,hebrew,False,False,המכון הגבוה לתורה – מוסד ישיבתי תורני ומדרשה תורנית לנשים הפועל בתוך אוניברסיטת בר-אילן
מג״ל,"מג""ל",שם עט של גיורא לשם,1,hebrew,False,True,"מג""ל - שם עט של גיורא לשם"
מד״ח,"מד""ח",מדריך חוץ וטבע,2,hebrew,True,False,מדריך חוץ וטבע – תפקיד מנהלתי בתנועת הנוער העובד והלומד ובחטיבת בני המושבים
מד״ח,"מד""ח",משוואות דיפרנציאליות חלקיות,103,hebrew,True,False,משוואות דיפרנציאליות חלקיות
מד״ן,"מד""ן",מספן המודיעין,79,hebrew,True,False,מספן המודיעין
מד״ן,"מד""ן","מדריך נוער (צה""ל)",4,hebrew,True,False,"מדריך נוער (צה""ל)"
מד״ן,"מד""ן",משה דוד גאון,247,hebrew,True,False,משה דוד גאון
מהו״ת,"מהו""ת","פגישת מהו""ת",3,hebrew,False,False,"פגישת מהו""ת – הליך משפטי בתביעות מסוימות, שנועד לבחינת האפשרות לפתרון הסכסוך באמצעות גישור"
מהו״ת,"מהו""ת",מרכז התעצמות ותובנה,2,hebrew,True,False,מרכז התעצמות ותובנה - מרכז עזרה לסטודנטים בעלי לקויות הלמידה במכללת סמינר הקיבוצים
מהו״ת,"מהו""ת",מרכז הערבות והתמודדות בחירום,1,hebrew,True,False,מרכז הערבות והתמודדות בחירום - מרכז טיפול במצבי חירום במועצה אזורית שומרון
מהו״ת,"מהו""ת",מידע,129370,hebrew,False,True,"מידע, הדרכה ותעסוקה לנשים - עמותה המקדמת שינוי במצבן הכלכלי והתעסוקתי של נשים"
מהו״ת,"מהו""ת",מרכז השתלמויות ותנופה,1,hebrew,True,False,"מרכז השתלמויות ותנופה - ""בית מדרש"" למורים. גוף המגבש השתלמויות לסגל הוראה בחינוך ממלכתי דתי"
מהו״ת,"מהו""ת",מרכז הערכה ופיתוח תוכניות,1,hebrew,True,False,מרכז הערכה ופיתוח תוכניות - חברה שמבצעת הערכת תוכניות ופרויקטים
מהו״ת,"מהו""ת","יום מהו""ת (מורה-הורה-תלמיד)",1,hebrew,False,False,"יום מהו""ת (מורה-הורה-תלמיד) - יום הורים בבית ספר"
מהר״י,"מהר""י",רבי יצחק אבוהב (גאון קסטיליה),22,hebrew,False,True,"רבי יצחק אבוהב (גאון קסטיליה) - מהר""י אבוהב, מגדולי חכמי ישראל במאה הט""ו"
מהר״י,"מהר""י",רבי יעקב בירב,60,hebrew,False,True,"רבי יעקב בירב - מהר""י בירב, מגדולי חכמי ארץ ישראל במאות הט""ו והט""ז, מחדש הסמיכה"
מהר״י,"מהר""י","מהר""י בן לב",17,hebrew,True,True,"מהר""י בן לב – רבי יוסף בן דוד אִבן לב ידוע גם כמהריב""ל, מגדולי חכמי סלוניקי במאה ה-16"
מהר״י,"מהר""י",רבי ישראל בן רבי חיים ברונא,1,hebrew,False,True,"רבי ישראל בן רבי חיים ברונא - מהר""י ברונא, מגדולי פוסקי אשכנז במאה ה-15, קרוי על שם עיר הולדתו ברן"
מהר״י,"מהר""י",רבי יוסף בן אברהם ג'יקטיליה,3,hebrew,False,True,"רבי יוסף בן אברהם ג'יקטיליה - מהר""י ג'יקטיליה מגדולי המקובלים בספרד במאה הי""ג"
מהר״י,"מהר""י",רבי יעקב בן יהודה וייל,2,hebrew,False,True,"רבי יעקב בן יהודה וייל - מהר""י וייל, נודע גם בכינוי מהרי""ו, מגדולי חכמי אשכנז במאה ה-15"
מהר״י,"מהר""י",רבי יעקב בן שלמה אבן חביב,1,hebrew,False,True,"רבי יעקב בן שלמה אבן חביב - מהר""י (אבן) חביב, מגדולי חכמי ספרד במאות הט""ו והט""ז ומנהיג קהילת מגורשי ספרד בסלוניקי, מחבר הספר עין יעקב"
מהר״י,"מהר""י",רבי ישראל יעקב אלגאזי,12,hebrew,False,True,"רבי ישראל יעקב אלגאזי - מהר""י אלגאזי, חכם באשי ומחבר שו""ת מהר""י אלגאזי"
מהר״י,"מהר""י","רבי יצחק בן שמשון כ""ץ",2,hebrew,False,True,"רבי יצחק בן שמשון כ""ץ - מהר""י כ""ץ, חתנו של המהר""ל מפראג"
מהר״י,"מהר""י",רבי יהודה בן אליעזר הלוי מינץ,4,hebrew,False,True,"רבי יהודה בן אליעזר הלוי מינץ - מהר""י מינץ, רב וראש ישיבה בפדובה איטליה, מגדולי ישראל במאות הט""ו והט""ז"
מהר״י,"מהר""י","מהרי""ל",311,hebrew,True,True,"מהרי""ל – רבי יעקב בן משה מולין, נקרא גם מהר""י סגל, מגדולי הראשונים במאה הי""ד, ממבססי מנהגי אשכנז"
מהר״י,"מהר""י","מהר""י קורקוס",21,hebrew,True,True,"מהר""י קורקוס – רבי יוסף קורקוס, מחכמי מצרים וארץ ישראל לאחר גירוש ספרד, מגדולי מפרשי הרמב""ם"
מהר״י,"מהר""י","מהר""י אסאד",5,hebrew,True,True,"מהר""י אסאד – רבי יהודה אסאד, מרבני הונגריה במאה ה-19"
מהר״י,"מהר""י","מהר""י לבית הלוי",3,hebrew,True,True,"מהר""י לבית הלוי – רבי יעקב לבית הלוי, מחכמי איטליה במאות 16-17"
מהר״י,"מהר""י","מהר""י הלוי",6,hebrew,True,True,"מהר""י הלוי – רבי יצחק הלוי, אחיו ורבו של רבי דוד הלוי סגל"
מהר״ם,"מהר""ם",רבי מאיר בן ברוך מרוטנבורג,4,hebrew,False,True,"רבי מאיר בן ברוך מרוטנבורג – המהר""ם מרוטנבורג (נפטר ה'נ""ג, 1293) מגדולי הפוסקים באשכנז בתקופת בעלי התוספות. פעמים רבות מתייחסים אליו כ'מהר""ם' סתם"
מהר״ם,"מהר""ם","מהר""ם רקנאטי",1,hebrew,True,True,"מהר""ם רקנאטי – רבי מנחם רקנאטי, מראשוני איטליה, פוסק הלכה ומקובל (ה'י', 1250 – ה'ע', 1310)"
מהר״ם,"מהר""ם","מהר""ם ס""ל",132,hebrew,True,True,"מהר""ם ס""ל – רבי מאיר בן ברוך הלוי, מאחרוני הראשונים באשכנז, ראש ישיבת וינה (סוף המאה ה-14)"
מהר״ם,"מהר""ם","מהר""ם סג""ל",4,hebrew,True,True,"מהר""ם סג""ל – רבי משה (מולין) בן רבי יקותיאל הלוי. מרבני גליל ריינוס. אביו של מהרי""ל (נפטר ה'קמ""ז, 1387)"
מהר״ם,"מהר""ם","מהר""ם חלאווה",150,hebrew,True,True,"מהר""ם חלאווה – רבי משה חלאווה, מראשוני ספרד, (פעל במאה ה-14, בסביבות שנות הה'ק' – ה'ק""ס)"
מהר״ם,"מהר""ם",רבי משה ממינץ,1,hebrew,False,True,"רבי משה ממינץ – המהר""ם מינץ או מהר""ם סגל (סביבות ה'קע""ה, 1415 – ה'ר""ם, 1480), בעל שו""ת מהר""ם מינץ"
מהר״ם,"מהר""ם",רבי משה אלשקר,7,hebrew,False,True,"רבי משה אלשקר – המהר""ם אלשקר (ה'רכ""ו, 1466 – ה'ש""ב 1542)"
מהר״ם,"מהר""ם",רבי מאיר קצנלנבוגן,15,hebrew,False,True,"רבי מאיר קצנלנבוגן – מהר""ם פדובה (נפטר ה'שכ""ה, 1565)"
מהר״ם,"מהר""ם",רבי מנחם דוד בן יצחק,3,hebrew,False,True,"רבי מנחם דוד בן יצחק - ""מהר""ם טיקטין"", תלמיד הרמ""א, שימש כרבה של טיקטין, חידושיו על המרדכי הודפסו בשנת ה'שנ""ז"
מהר״ם,"מהר""ם",רבי מנחם מנדל אביגדורש,2,hebrew,False,True,"רבי מנחם מנדל אביגדורש – מהר""ם מקרקא מנסח היתר העסקה הראשון (נפטר ה'שנ""ט, 1599)"
מהר״ם,"מהר""ם",רבי משה גאלנטי (הראשון),5,hebrew,False,True,"רבי משה גאלנטי (הראשון) – מהר""ם גאלנטי תלמידו של הבית יוסף, (נפטר אחרי ה'שע""ב 1612)"
מהר״ם,"מהר""ם",רבי מרדכי יפה,69,hebrew,False,True,"רבי מרדכי יפה – ה""לבוש"". בספרות האחרונים מכונה גם מהר""ם יפה (נפטר ה'שע""ב, 1612)"
מהר״ם,"מהר""ם",רבי מאיר שיף,4,hebrew,False,True,"רבי מאיר שיף – מהר""ם שיף (נפטר בגיל צעיר בשנת ה'ת""א, 1641)"
מהר״ם,"מהר""ם",רבי מאיר איזנשטט,18,hebrew,False,True,"רבי מאיר איזנשטט – מהר""ם א""ש (ה'ת""ל 1670 – ה'תק""ד, 1744)"
מהר״ם,"מהר""ם",רבי מאיר הלוי איש הורוביץ,2,hebrew,False,True,"רבי מאיר הלוי איש הורוביץ – ""מהר""ם טיקטין"", (ה'שצ""ז, 1637 – ה'תק""ד, 1744) – סבם של ""ההפלאה"" ור' שמעלקא מניקלשבורג"
מהר״ם,"מהר""ם",רבי מאיר פישלס,9,hebrew,False,True,"רבי מאיר פישלס – מהר""ם בומסלא, רבה של פראג, (בערך תס""ג, 1713 – י""ז בכסלו, תק""ל, 16 בדצמבר 1769)"
מהר״ם,"מהר""ם",רבי מאיר ברבי,24,hebrew,False,True,"רבי מאיר ברבי – מהר""ם ברבי, רבה של פרשבורג (ה'תפ""ה, 1725 – ה' באב ה'תקמ""ט, 28 ביולי 1789"
מהר״ם,"מהר""ם",רבי משה מינץ,16,hebrew,False,True,"רבי משה מינץ – המוהר""ם מינץ רבה של בודפשט, (ה'תק""י, 1831 – ה'תקצ""א, 1750)"
מהר״ם,"מהר""ם",רבי מאיר איזנשטטר,8,hebrew,False,True,"רבי מאיר איזנשטטר – מהר""ם א""ש, תלמידו של החת""ם סופר, (ה'תק""ם 1780 – ה'תרי""ב 1852)"
מהר״ם,"מהר""ם",רבי מרדכי בנט,28,hebrew,False,True,"רבי מרדכי בנט – מהר""ם בנט (ה'תקי""ג, 1753 – ה'תקפ""ט, 1829)"
מהר״ם,"מהר""ם",רבי משה שיק,5,hebrew,False,True,"רבי משה שיק – מהר""ם שיק מקים תנועת האורתודוקסיה בהונגריה (ה'תקס""ז, 1807 – ה'תרל""ט, 1879)"
מהר״ם,"מהר""ם",רבי יהודה מאיר שפירא,4,hebrew,False,True,"רבי יהודה מאיר שפירא – מהר""ם שפירא מלובלין – מייסד הדף היומי (ה'תרמ""ז, 1887 – ה'תרצ""ד, 1934)"
מהר״ם,"מהר""ם",רבי מרדכי בריסק,4,hebrew,False,True,"רבי מרדכי בריסק – מהר""ם בריסק – ראש ישיבת טושאנד (אביב תרמ""ו, 1886 – י""א בסיוון ה'תש""ד, 2 ביוני 1944)"
מהר״ם,"מהר""ם","רבי מיכל ר' יוזפש (מהר""ם יוזפש)",1,hebrew,False,True,"רבי מיכל ר' יוזפש (מהר""ם יוזפש) – מחבר הספר ""סדר השמות"" על גיטין"
מהר״ם,"מהר""ם",דורותי מהרם,1,hebrew,False,False,דורותי מהרם – מתמטיקאית אמריקנית
מהר״ם,"מהר""ם",משפט מהרם,1,hebrew,True,False,משפט מהרם
מהר״ם,"מהר""ם",מהרם (חברה),1,hebrew,True,False,מהרם (חברה) – חברת טקסטיל גדולה
מהר״ש,"מהר""ש",רבי שלום מנוישטט,4,hebrew,False,True,"רבי שלום מנוישטט, מהר""ש מוויען (-קע""ג, 1413) - מחבר הספר ""מנהגי מהר""ש"""
מהר״ש,"מהר""ש",רבי שמואל יפה אשכנזי,12,hebrew,False,True,"רבי שמואל יפה אשכנזי, מהר""ש יפה (רפ""ה, 1525 - שנ""ה, 1595) - מחבר הפירוש ""יפה תואר"" על מדרש רבה"
מהר״ש,"מהר""ש","רבי שלמה בן יצחק הלוי (רצ""ב, 1532",1,hebrew,False,True,"רבי שלמה בן יצחק הלוי (רצ""ב, 1532 - ש""ס, 1600) - ""מהר""ש לבית הלוי"""
מהר״ש,"מהר""ש",רבי שלמה בן יצחק לבית הלוי (השני),1,hebrew,False,True,"רבי שלמה בן יצחק לבית הלוי (השני) - בעת שו""ת מהר""ש לבית הלוי"
מהר״ש,"מהר""ש",רבי שלמה מלובלין,1,hebrew,False,True,"רבי שלמה מלובלין, ר' שלמה ר' לייביש'ס, מהר""ש מלובלין, מהרש""ל השני (-שנ""א, 1591) - בעל שו""ת מהר""ש מלובלין"
מהר״ש,"מהר""ש",רבי שלום כהן מקושטא,1,hebrew,False,True,"רבי שלום כהן מקושטא, מהר""ש כהן, מחבר שו""ת מהר""ש כהן"
מהר״ש,"מהר""ש","רבי אהרן שמעון שפירא (ה'ש""ס, 1600",2,hebrew,False,True,"רבי אהרן שמעון שפירא (ה'ש""ס, 1600 – כ""ט בכסלו ה'ת""מ, 3 בדצמבר 1679), מהר""ש מפראג"
מהר״ש,"מהר""ש",רבי שלום רוקח,54,hebrew,False,True,"רבי שלום רוקח, מהר""ש מבעלזא (תקמ""א, 1781 - תרט""ו, 1855) - אבי חסידות בעלז"
מהר״ש,"מהר""ש",רבי שמואל שניאורסון,40,hebrew,False,True,"רבי שמואל שניאורסון, מהר""ש (תקצ""ד, 1834 - תרמ""ג, 1882) - האדמו""ר הרביעי בשושלת חב""ד"
מהר״ש,"מהר""ש","רבי שמואל אנגל (תרי""ג, 1853",1,hebrew,False,True,"רבי שמואל אנגל (תרי""ג, 1853 - תרצ""ה, 1935) - מגדולי רבני גליציה בזמנו. מחבר שו""ת מהר""ש ענגיל"
מהרי״א,"מהרי""א",יצחק אבוהב,86,hebrew,False,False,יצחק אבוהב – מגדולי חכמי ישראל במאה ה-15
מהרי״א,"מהרי""א",יצחק אדרבי,11,hebrew,False,True,"יצחק אדרבי – מרבני הפזורה הספרדית במאה ה-16, מחבר דברי ריבות"
מהרי״א,"מהרי""א",יצחק אייזיק אייכנשטיין,29,hebrew,False,True,"יצחק אייזיק אייכנשטיין – האדמו""ר מזידיטשוב, מחבר פירוש מהרי""א על מדרש רבה"
מהרי״א,"מהרי""א",יהודה אסאד,36,hebrew,False,True,"יהודה אסאד – מרבני הונגריה במאה ה-19, מחבר ""דברי מהרי""א"" ו""חידושי מהרי""א"""
מהרי״א,"מהרי""א",יצחק אברבנאל,254,hebrew,False,False,יצחק אברבנאל – ידוע בפירושו על התורה ובתפקידיו כשר האוצר
מהרי״ח,"מהרי""ח",יחזקיה ממגדבורג,8,hebrew,False,False,"יחזקיה ממגדבורג – בעל פסקי מהרי""ח, נזכר רבות בהגהות אשרי"
מהרי״ח,"מהרי""ח",יואל חסיד מאמצ'יסלוב,3,hebrew,False,True,"יואל חסיד מאמצ'יסלוב - מחבר 'חדושי מהרי""ח' על המשניות"
מהרי״ח,"מהרי""ח",יוסף חיים הכהן,16,hebrew,False,True,יוסף חיים הכהן – מחבר 'מנחת כהן' ו'ויכלכל כהן'
מהרי״ח,"מהרי""ח",ישראל חיים דייכס,4,hebrew,False,True,"ישראל חיים דייכס – מחבר 'דרשות מהרי""ח' ו'ילקוט מהרי""ח'"
מהרי״ח,"מהרי""ח",ישראל חיים פרידמן,17,hebrew,False,True,"ישראל חיים פרידמן – מחבר 'ליקוטי מהרי""ח'"
מהרי״ח,"מהרי""ח",ישראל חיים קצבורג,4,hebrew,False,True,"ישראל חיים קצבורג – מחבר ""כתבי מהרי""ח"""
מהרי״ל,"מהרי""ל (פירושונים)",מורנו הרב יעקב הלוי מולין,1,hebrew,True,True,"מהרי""ל – מורנו הרב יעקב הלוי מולין, מנהיג יהדות אשכנז בסוף תקופת הראשונים ואבי מנהגי אשכנז"
מהרי״ל,"מהרי""ל (פירושונים)","רבי יהודה לייב מינוביץ (מהרי""ל מינוביץ')",0,hebrew,False,True,"רבי יהודה לייב מינוביץ (מהרי""ל מינוביץ') – רבה של ינוביץ' ומחבר הספר שארית יהודה. אחיו של רבי שניאור זלמן מלאדי מייסד חסידות חב""ד"
מהרי״ל,"מהרי""ל (פירושונים)","רבי יהודה ליב שניאורסון (מהרי""ל מקאפוסט)",1,hebrew,False,True,"רבי יהודה ליב שניאורסון (מהרי""ל מקאפוסט) – מייסד חסידות קאפוסט (ענף של חסידות חב""ד). בנו של רבי מנחם מנדל שניאורסון (ה""צמח צדק"")"
מהרי״ל,"מהרי""ל (פירושונים)","רבי יהושע לייב דיסקין (מהרי""ל דיסקין)",1,hebrew,False,True,"רבי יהושע לייב דיסקין (מהרי""ל דיסקין) – רבה של בריסק ולאחר מכן ממנהיגי היישוב הישן בירושלים, מייסד בית היתומים דיסקין"
מהרי״ל,"מהרי""ל (פירושונים)","ישיבת מהרי""ל",6,hebrew,False,True,"ישיבת מהרי""ל – ישיבה ירושלמית בראשות הרב חזקיהו יוסף שרייבר הקרויה על שם מהרי""ל דיסקין"
מהרי״ץ,"מהרי""ץ (פירושונים)",רבנים מהאחרונים,1,hebrew,False,False,רבנים מהאחרונים:
מהרי״ץ,"מהרי""ץ (פירושונים)",מארי יחיא צאלח,3,hebrew,False,False,"מארי יחיא צאלח – מרבני תימן במאה ה-18, הראב""ד הקבוע השישי של בית דין צנעא בתימן"
מהרי״ץ,"מהרי""ץ (פירושונים)",יוסף צבי דושינסקי,97,hebrew,False,True,"יוסף צבי דושינסקי – גאב""ד העדה החרדית בירושלים, פוסק וראש ישיבה"
מהרי״ץ,"מהרי""ץ (פירושונים)",יהודה צבי ברנדויין (מקובל),6,hebrew,False,True,"יהודה צבי ברנדויין (מקובל) – היה רב ומקובל, גיסו ומממשיכי דרכו של הרב יהודה לייב הלוי אשלג, ""בעל הסולם"""
מהרי״ץ,"מהרי""ץ (פירושונים)",יהודה צבי ברנדויין (הראשון),6,hebrew,False,False,יהודה צבי ברנדויין (הראשון) – מייסד חסידות סטרטין
מהרי״ץ,"מהרי""ץ (פירושונים)",יצחק מוולוז'ין,39,hebrew,False,True,"יצחק מוולוז'ין – ראש ישיבת וולוז'ין, בנו של רבי חיים מוולוז'ין"
מהרי״ץ,"מהרי""ץ (פירושונים)",יוסף צבי דינר (או דונר),1,hebrew,False,False,"יוסף צבי דינר (או דונר) – בעל ""מנהגי מהרי""צ הלוי"" ו""מקדש הלוי"", ראב""ד UOHC"
מהרש״א,"מהרש""א (פירושונים)",שמואל אליעזר הלוי איידלס,33,hebrew,False,True,שמואל אליעזר הלוי איידלס – רב ומפרש התלמוד. 1555–1631
מהרש״א,"מהרש""א (פירושונים)","חידושי הלכות ואגדות מהרש""א",1,hebrew,False,False,"חידושי הלכות ואגדות מהרש""א – פירוש המהרש""א לתלמוד"
מהרש״א,"מהרש""א (פירושונים)",שלמה איגר,26,hebrew,False,True,"שלמה איגר – רבן של קאליש ופוזנן, בנו של רבי עקיבא איגר, 1787–1852 ידוע בהגהותיו על התלמוד בשם גיליון מהרש""א"
מהרש״א,"מהרש""א (פירושונים)",שלמה אליעזר אלפנדרי,34,hebrew,False,True,"שלמה אליעזר אלפנדרי – פוסק ומקובל נפטר ב-1930. ידוע בשם מהרש""א אלפנדרי"
מהרש״א,"מהרש""א (פירושונים)",שמעון אגסי,31,hebrew,False,False,"שמעון אגסי – מרבני בגדאד 1852–1914. מכונה גם הוא מהרש""א"
מהרש״ג,"מהרש""ג",רבי שמואל גאון,2,hebrew,False,True,רבי שמואל גאון - רבה של סלוניקי
מהרש״ג,"מהרש""ג",רבי שמעון גרינפלד,9,hebrew,False,True,"רבי שמעון גרינפלד - ראש ישיבה ופוסק הלכה הונגרי, דיין במונקאטש ורבה של סמיהאלי"
מהרש״ק,"מהרש""ק",רבי שמשון בן יצחק מקינון (לעיתים,2,hebrew,False,True,"רבי שמשון בן יצחק מקינון (לעיתים: מהרש""ק), בן המאה ה-13, כתב פירוש על ל""ב מידות שהתורה נדרשת בהן"
מהרש״ק,"מהרש""ק",ר' שמואל קאיידנובר,4,hebrew,False,True,"ר' שמואל קאיידנובר, רבי אהרן שמואל מקוידנוב - מגדולי התורה במאה ה-17"
מהרש״ק,"מהרש""ק",ר' שלמה קלוגר,7,hebrew,False,True,"ר' שלמה קלוגר, המגיד מברודי – רב, מנהיג, פוסק ודרשן מפורסם ממוצא פולני, מגדולי התורה באמצע המאה ה-19"
מהרש״ק,"מהרש""ק",ר' שלמה מקרלין,4,hebrew,False,True,"ר' שלמה מקרלין – נמנה בין תלמידיו של המגיד ממעזריטש, והיה תלמידו של רבי אהרן הגדול מקרלין"
מהרש״ק,"מהרש""ק",בני מהרשק,5,hebrew,False,False,"בני מהרשק – הפוליטרוק של הפלמ""ח"
מהרש״ק,"מהרש""ק",ישראל מהרשק,3,hebrew,False,False,ישראל מהרשק – חלוץ איש העלייה השלישית
מהרש״ק,"מהרש""ק",רבקה מהרשק,39,hebrew,False,False,רבקה מהרשק - חלוצה אשת העלייה השנייה. רעייתו הראשונה של לוי אשכול
מהרש״ק,"מהרש""ק","שמואל מהרש""ק",2,hebrew,False,False,"שמואל מהרש""ק – משורר, מחזאי, סופר ואיש חינוך רוסי ממוצא יהודי"
מל״ל,"מל""ל",משה לייב ליליינבלום,204,hebrew,True,False,משה לייב ליליינבלום – מראשי חובבי ציון ברוסיה
מל״ל,"מל""ל","כפר מל""ל",80,hebrew,False,False,"כפר מל""ל – מושב השייך למועצה אזורית דרום השרון ונקרא על שם משה לייב ליליינבלום"
מל״ל,"מל""ל",המטה לביטחון לאומי,235,hebrew,False,False,המטה לביטחון לאומי
מל״ל,"מל""ל","מל""ל (חברה)",2,hebrew,True,False,"מל""ל (חברה) – חברת מחשבים ולשכת שירות"
מל״ל,"מל""ל",המוסד לביטוח לאומי,619,hebrew,False,False,המוסד לביטוח לאומי
מל״מ,"מל""מ",המרכז למורשת המודיעין,272,hebrew,False,False,המרכז למורשת המודיעין
מל״מ,"מל""מ",מוליך למחצה,142,hebrew,True,False,מוליך למחצה – סוג של חומר המשמש ברכיבים אלקטרוניים
מל״מ,"מל""מ",מודיעין לקראת מבצע,3,hebrew,True,False,מודיעין לקראת מבצע
מל״מ,"מל""מ",מלם תים,16,hebrew,True,False,מלם תים – תאגיד ישראלי של חברות טכנולוגיית מידע
מל״מ,"מל""מ",מלם מערכות,13,hebrew,True,False,מלם מערכות – חברת תוכנה מרכזית בתאגיד מלם תים (במקור ראשי תיבות של מרכז למיכון משרדי)
מל״מ,"מל""מ","ארגון מל""מ - מתמודדים למען מתמודדים",7,hebrew,False,False,"ארגון מל""מ - מתמודדים למען מתמודדים – ארגון מתמודדי הנפש בישראל"
מל״מ,"מל""מ",מפעל מלמ,39,hebrew,True,False,מפעל מלמ – מפעל של התעשייה האווירית לישראל
מל״מ,"מל""מ",מוסמך למדעים,23,hebrew,True,False,"מוסמך למדעים – תואר אקדמי (באנגלית Master of Science, בלטינית Magister Scientiae)"
ממ״ג,"ממ""ג",מערכת מידע גאוגרפי,38,hebrew,True,False,מערכת מידע גאוגרפי – תוכנה לניתוח מידע גאוגרפי
ממ״ג,"ממ""ג",המרכז למחקר גרעיני,65,hebrew,False,False,המרכז למחקר גרעיני – מתקן למחקר גרעיני הממוקם בנחל שורק
ממ״ג,"ממ""ג",מצנח ממונע גלגלי,5,hebrew,True,False,מצנח ממונע גלגלי – כלי טיס ממונע אשר בו מצנח המשמש לעילוי
ממ״ג,"ממ""ג","מערכת מיקום גלובלית (ממ""ג)",2,hebrew,True,False,"מערכת מיקום גלובלית (ממ""ג) - כינוי עברי ל-GPS"
ממ״ד,"ממ""ד (פירושונים)",מרחב מוגן דירתי,11,hebrew,True,False,מרחב מוגן דירתי - מוגדר על פי החוק הישראלי כשטח בבניין המחוזק ביחס לחלקיו האחרים
ממ״ד,"ממ""ד (פירושונים)",המרכז למחקר מדיני,29,hebrew,False,False,המרכז למחקר מדיני – זרוע מחקרית מודיעינית של משרד החוץ הישראלי
ממ״ק,"ממ""ק",מרחב מוגן קומתי,5,hebrew,True,False,מרחב מוגן קומתי - ראה מרחב מוגן
ממ״ק,"ממ""ק",ממלא מקום קצין,11,hebrew,True,False,ממלא מקום קצין – ראה קצין
ממ״ק,"ממ""ק",מיליון מטר מעוקב,59,hebrew,True,False,מיליון מטר מעוקב – מידת נפח
מס״ב,"מס""ב",מרכז סליקה בנקאי,8,hebrew,True,False,מרכז סליקה בנקאי – חברה בבעלות משותפת של הבנקים העוסקת בהעברת כספים אלקטרונית
מס״ב,"מס""ב",מסע בין כוכבים,972,hebrew,True,False,"מסע בין כוכבים – סדרת טלוויזיה, סרטים, ספרים ודמויות מסוגת המדע הבדיוני"
מע״ר,"מע""ר",מרכז עסקים ראשי,50,hebrew,True,False,מרכז עסקים ראשי – מרכזה העסקי-פיננסי של העיר
מע״ר,"מע""ר",מגיש עזרה ראשונה,15,hebrew,True,True,"מגיש עזרה ראשונה – אדם שעבר קורס בעזרה ראשונה, בין אם בחברה פרטית ובין אם במד""א"
מע״ר,"מע""ר",מע'אר (בערבית: المغار),4,hebrew,True,False,מע'אר (בערבית: المغار) - עיר במחוז הצפון בישראל
מצ״ד,"מצ""ד",מחנה הציונות הדתית,9,hebrew,True,False,מחנה הציונות הדתית – מפלגה ציונית-דתית
מצ״ד,"מצ""ד",מספן הציוד,77,hebrew,True,False,מספן הציוד – יחידה ראשית במטה חיל הים הישראלי
מצ״ד,"מצ""ד",להק הציוד,49,hebrew,False,True,"להק הציוד – יחידה ראשית במטה חיל האוויר הישראלי; נקראה בעבר מחלקת ציוד (מצ""ד)"
מרת״א,"מרת""א",המרכז הרפואי תל אביב,182,hebrew,False,False,המרכז הרפואי תל אביב
מרת״א,"מרת""א",מועדון רצי תל אביב,2,hebrew,True,False,מועדון רצי תל אביב
מת״ן,"מת""ן",מועצת תנועות הנוער בישראל,71,hebrew,True,False,מועצת תנועות הנוער בישראל
מת״ן,"מת""ן","מת""ן - מכון תורני לנשים",8,hebrew,True,False,"מת""ן - מכון תורני לנשים – מדרשה תורנית לנשים בירושלים"
מת״ן,"מת""ן","מת""ן - מערכת תצפית ניידת",3,hebrew,True,False,"מת""ן - מערכת תצפית ניידת – מערכת תצפית בשימוש חיל האיסוף הקרבי"
ניל״י,"ניל""י (פירושונים)","מוזיאון ניל""י",14,hebrew,False,False,"מוזיאון ניל""י - מוזיאון השוכן בבית אהרנסון, שהיה ביתה של משפחת אהרנסון בזכרון יעקב"
ניל״י,"ניל""י (פירושונים)","אות ניל""י",54,hebrew,False,True,"אות ניל""י – אות שירות שהעניקה מדינת ישראל לכל מי שהיה חבר ניל""י בשנים 1915–1917, ראו אות שירות (ישראל)#אות ניל""י"
ניל״י,"ניל""י (פירושונים)","ניל""י (יישוב)",6,hebrew,True,True,"ניל""י (יישוב) – התנחלות ויישוב קהילתי בעל אופי חילוני באזור דרום-מערב השומרון, נוסד ב-1981"
ניל״י,"ניל""י (פירושונים)","גבעת ניל""י",17,hebrew,False,False,"גבעת ניל""י – מושב ברמת מנשה השייך למועצה אזורית אלונה, נוסד ב-1953"
ניל״י,"ניל""י (פירושונים)","חפ""ק ניל""י",5,hebrew,False,False,"חפ""ק ניל""י – יחידה של השב""כ שמטרתה הריגת כל פעילי החמאס שהשתתפו בטבח 7 באוקטובר, 2023"
נש״מ,"נש""מ",נשק מונחה,91,hebrew,True,False,נשק מונחה
נש״מ,"נש""מ",נציבות שירות המדינה,202,hebrew,True,False,נציבות שירות המדינה
נש״מ,"נש""מ",נותן שירותי מטבע,4,hebrew,True,False,נותן שירותי מטבע
נש״מ,"נש""מ",נקודת שיווי משקל,38,hebrew,True,False,נקודת שיווי משקל
סאפ,סאפ,SAP (חברה),3,hebrew,False,False,SAP (חברה) – חברת תוכנה אירופית בין–לאומית המייצרת מוצרי ERP
סאפ,סאפ,סאפ לאבס ישראל,4,hebrew,True,False,סאפ לאבס ישראל – חברה בת ישראלית של חברת SAP
סאפ,סאפ,SAP (מפלגה),2,hebrew,False,False,SAP (מפלגה) – הסוציאל-דמוקרטים (מפלגה שוודית)
סאפ,סאפ,SAP (חומר),2,hebrew,False,False,SAP (חומר) – סוג של פולימר שיכול לספוג ולאצור כמויות גדולות ביותר של נוזל
סאפ,סאפ,סאפ (גלישה),3,hebrew,True,False,סאפ (גלישה) (SUP) – ספורט ימי שמקורו בגלישת גלים
סאפ,סאפ,Sap (אלבום),2,hebrew,False,False,Sap (אלבום) – אלבום של להקת אליס אין צ'יינס משנת 1992
סאפ,סאפ,בוב סאפ,10,hebrew,False,False,"בוב סאפ (Sapp; יליד 1973) – קיקבוקסר, לוחם אומנות משולבת, מתאבק, שחקן קולנוע ושחקן פוטבול אמריקאי"
סמ״ר,"סמ""ר",סמל ראשון,336,hebrew,True,False,"סמל ראשון – דרגה בצה""ל, במשטרת ישראל ובצבאות שונים"
סמ״ר,"סמ""ר",סנטימטר רבוע,12,hebrew,True,False,סנטימטר רבוע – יחידת שטח קטנה
סמ״ר,"סמ""ר",ספינת משמר,78,hebrew,True,False,ספינת משמר
עכו״ם,"עכו""ם",פגניות,169,hebrew,False,False,פגניות – דתות פוליתאיסטיות
עכו״ם,"עכו""ם",עבודה זרה,1166,hebrew,False,False,עבודה זרה – יחסה של היהדות כלפי הפגניות
עכו״ם,"עכו""ם",גוי,704,hebrew,False,False,"גוי – מי שאינו יהודי; בספרות הרבנית המצונזרת נקרא גם עַכּוּ""ם"
עכו״ם,"עכו""ם",הלכות הרחקה מגויים,18,hebrew,False,False,הלכות הרחקה מגויים – הלכות הנוגעים לקשרים חברתיים בין יהודים לגויים
פאג״י,"פאג""י (פירושונים)","פא""י (פועלי אגודת ישראל)",5,hebrew,True,False,"פא""י (פועלי אגודת ישראל) - תנועה פוליטית-התיישבותית חרדית שנוסדה בפולין ופעלה בארץ ישראל ובמדינת ישראל"
פאג״י,"פאג""י (פירושונים)","בנק פאג""י",8,hebrew,False,False,"בנק פאג""י – בנק ישראלי שנוסד על ידי פועלי אגודת ישראל"
פאג״י,"פאג""י (פירושונים)","שיכון פאג""י",51,hebrew,False,False,"שיכון פאג""י – שכונה בירושלים שנוסדה על ידי פאג""י}}"
פלמ״ח,"פלמ""ח (פירושונים)","כוח צבאי של ""ההגנה""",31,hebrew,False,False,"פלמ""ח – כוח צבאי של ""ההגנה"""
פלמ״ח,"פלמ""ח (פירושונים)","פלמ""ח (אוניית מעפילים)",2,hebrew,True,False,"פלמ""ח (אוניית מעפילים) – אוניית מעפילים"
פלמ״ח,"פלמ""ח (פירושונים)","פלמ""ח צובה",10,hebrew,True,False,"פלמ""ח צובה – קיבוץ שהוקם על ידי חברי הפלמ""ח"
פלמ״ח,"פלמ""ח (פירושונים)","פלמ""ח (סדרת טלוויזיה)",4,hebrew,True,False,"פלמ""ח (סדרת טלוויזיה) – סדרת נעורים ישראלית משנת 2020"
ק״נ,"ק""נ",150 (מספר),7,hebrew,False,False,150 (מספר) – מספר טבעי
ק״נ,"ק""נ","ה'ק""ן",17,hebrew,False,False,"ה'ק""ן – שנה עברית"
ק״נ,"ק""נ",קרבן נתנאל,17,hebrew,True,True,"קרבן נתנאל – פירושו של רבי נתנאל וייל על הלכות הרא""ש על התלמוד"
ק״פ,"ק""פ",180 (מספר),3,hebrew,False,False,180 (מספר) – מספר טבעי
ק״פ,"ק""פ","ה'ק""ף",21,hebrew,False,False,"ה'ק""ף – שנה עברית"
ק״פ,"ק""פ",קורבן פסח,78,hebrew,True,True,"קורבן פסח – קורבן שהוקרב בי""ד בניסן"
ק״ש,"ק""ש",קריית שמונה,7798,hebrew,True,False,קריית שמונה
ק״ש,"ק""ש",קריאת שמע,593,hebrew,True,False,קריאת שמע
קא״ם,"קא""ם",קורס אימון מבצעי,21,hebrew,True,False,"קורס אימון מבצעי – שלב בהכשרתו של טייס, לאחר סיום קורס טיס"
קא״ם,"קא""ם",קורס אימון מתקדם,14,hebrew,True,False,קורס אימון מתקדם
קא״ם,"קא""ם",קצין אקדמאי מיוחד,4,hebrew,True,False,קצין אקדמאי מיוחד – דרגה הניתנת לקצין בעל תואר ראשון המשובץ במקצועו ואינו בוגר קורס קצינים
קמ״ט,"קמ""ט","שנת ה'קמ""ט",1,hebrew,False,False,"שנת ה'קמ""ט"
קמ״ט,"קמ""ט",קצין מטה,157,hebrew,True,False,"קצין מטה – בראשי תיבות: קמ""ט"
קמ״ט,"קמ""ט",קורס מפקדי טנקים,129,hebrew,True,False,"קורס מפקדי טנקים – בראשי תיבות: קמ""ט"
קמ״ט,"קמ""ט","תהילים קמ""ט",4,hebrew,False,False,"תהילים קמ""ט – מזמור קמ""ט בספר תהילים"
קצ״א,"קצ""א","ה'קצ""א",15,hebrew,False,True,"ה'קצ""א – השנה העברית ה'קצ""א (1430–1431)"
קצ״א,"קצ""א","חברת קו צינור אילת (קצ""א)",3,hebrew,False,False,"חברת קו צינור אילת (קצ""א) - הוקמה ב-1959 כדי להפעיל צינור מאילת ועד חיפה"
קצ״א,"קצ""א","קו צינור אילת-אשקלון (קצא""א)",21,hebrew,True,False,"קו צינור אילת-אשקלון (קצא""א) - צינור להעברת נפט גולמי מנמל אילת שבים סוף לאשקלון שבים התיכון"
קצ״א,"קצ""א","קצין איסוף (קצ""א)",6,hebrew,True,False,"קצין איסוף (קצ""א) – הגורם האחראי לאיתור גיוס והפעלה של סוכנים בארגון ביון"
קצא״א,"קצא""א",קו צינור אילת-אשקלון,82,hebrew,True,False,קו צינור אילת-אשקלון – צינור נפט מאילת לאשקלון
קצא״א,"קצא""א",חברת קו צינור אילת אשקלון,42,hebrew,False,False,חברת קו צינור אילת אשקלון – החברה שהפעילה את צינור הנפט ומיזמים נוספים בתחום האנרגיה
קצא״א,"קצא""א",חברת קו צינור אירופה אסיה,7,hebrew,False,False,חברת קו צינור אירופה אסיה – החברה המפעילה את צינור הנפט ומיזמים נוספים בתחום האנרגיה
קצא״א,"קצא""א","חברת קו צינור אילת (קצ""א)",3,hebrew,False,False,"חברת קו צינור אילת (קצ""א) - הוקמה ב-1959 כדי להפעיל צינור מאילת ועד חיפה"
קצא״א,"קצא""א","נמל אשקלון - קצא""א",6,hebrew,False,False,"נמל אשקלון - קצא""א – נמל המשמש את קו צינור אילת-אשקלון"
קצא״א,"קצא""א",דליפת הנפט בשמורת עברונה,14,hebrew,False,False,דליפת הנפט בשמורת עברונה – תאונה בקו צינור אילת-אשקלון
קק״ל,"קק""ל (פירושונים)",קרן קיימת לישראל,743,hebrew,True,False,קרן קיימת לישראל – ארגון ציוני שנוסד ב-1901
קק״ל,"קק""ל (פירושונים)","שדרות קק""ל",36,hebrew,False,False,"שדרות קק""ל – שדרה בצפון תל אביב"
קק״ל,"קק""ל (פירושונים)","מחלף קק""ל",13,hebrew,False,False,"מחלף קק""ל – מחלף במפגש בין נתיבי איילון ושדרות קק""ל"
קק״ל,"קק""ל (פירושונים)",קילו קלוריה,3,hebrew,True,False,קילו קלוריה - יחידת מידה לאנרגיה המשמשת בעיקר לסימון ערך תזונתי
קרפ״ח,"קרפ""ח",קצין רפואה (רופא) חטיבתי,1,hebrew,True,False,"קרפ""ח – קצין רפואה (רופא) חטיבתי"
קרפ״ח,"קרפ""ח","מקרפ""ח",9,hebrew,False,False,"מקרפ""ח – מפקדת קצין הרפואה החילי של חיל האוויר הישראלי"
קש״ת,"קש""ת","קש""ת (ארגון)",5,hebrew,True,False,"קש""ת (ארגון) – ארגון חרדי מחתרתי קיצוני"
קש״ת,"קש""ת","פרויקט קש""ת",3,hebrew,False,False,"פרויקט קש""ת – פרויקט קיץ של תורה של אגף לתרבות יהודית במשרד החינוך"
ר״ח,"ר""ח",ראש חודש,598,hebrew,True,False,ראש חודש
ר״ח,"ר""ח",רבנו חננאל,290,hebrew,True,False,רבנו חננאל
ר״ח,"ר""ח","ה'ר""ח",16,hebrew,False,True,"ה'ר""ח – שנה עברית (1447–1448)"
ר״מ,"ר""מ (פירושונים)",ריש מתיבתא,29,hebrew,True,False,ריש מתיבתא - ראש ישיבה
ר״מ,"ר""מ (פירושונים)",רב המלמד בישיבה,2,hebrew,True,True,"רב המלמד בישיבה - ר""מ"
ר״מ,"ר""מ (פירושונים)","ר""ם",23,hebrew,True,False,"ר""ם - רשימה מקובצת - יחידה רישומית של צה""ל"
ר״מ,"ר""מ (פירושונים)","ר""מ 2",11,hebrew,True,True,"ר""מ 2 – יחידה רישומית בצה""ל אליה מסופחים חיילים שלא כשירים רפואית להמשיך את השירות בצורה סדירה, בדרך כלל בעקבות מחלה, שבר או פציעה"
ר״מ,"ר""מ (פירושונים)",רבי מאיר,1648,hebrew,True,True,רבי מאיר – מגדולי התנאים
ר״מ,"ר""מ (פירושונים)",ראש ממשלה,1558,hebrew,True,False,ראש ממשלה – הדמות הבכירה בממשלה
ר״מ,"ר""מ (פירושונים)","ה'ר""ם",22,hebrew,False,True,"ה'ר""ם – שנה עברית (1479–1480)"
ר״נ,"ר""נ",250 (מספר),8,hebrew,False,False,250 (מספר) – מספר טבעי
ר״נ,"ר""נ","ה'ר""ן",21,hebrew,False,False,"ה'ר""ן – שנה עברית"
ר״נ,"ר""נ","ר""ן",238,hebrew,True,True,"ר""ן – רבי ניסים בן ראובן"
ר״נ,"ר""נ",רב נחמן,344,hebrew,True,True,רב נחמן
ר״ע,"ר""ע (פירושונים)",270 (מספר),6,hebrew,False,False,270 (מספר) – מספר טבעי
ר״ע,"ר""ע (פירושונים)","ה'ר""ע",24,hebrew,False,False,"ה'ר""ע – שנה עברית"
ר״ע,"ר""ע (פירושונים)",רבי עקיבא,1118,hebrew,True,True,רבי עקיבא – מגדולי התנאים
ר״ע,"ר""ע (פירושונים)",רבי עובדיה מברטנורה,17,hebrew,True,True,רבי עובדיה מברטנורה – מגדולי פרשני המשנה
ר״ת,"ר""ת",ראשי תיבות,3551,hebrew,True,False,ראשי תיבות
ר״ת,"ר""ת",רבנו תם,671,hebrew,True,False,רבנו תם
ר״ת,"ר""ת","ר""ת מאורליינש",2,hebrew,True,False,"ר""ת מאורליינש"
רא״ם,"רא""ם",רבי יוסף אבן מיגאש,16,hebrew,True,True,"רבי יוסף אבן מיגאש – ראש ישיבה בספרד בראשית המאה ה-12, תלמיד הרי""ף"
רא״ם,"רא""ם",רבי אליעזר ממיץ,167,hebrew,True,True,"רבי אליעזר ממיץ - מבעלי התוספות בן המאה ה-12, בעל ספר יראים"
רא״ם,"רא""ם",רבי אליהו מזרחי,34,hebrew,True,True,"רבי אליהו מזרחי - בן המאה ה-15, מגדולי פרשני רש""י"
רא״ם,"רא""ם",רבי אליהו מני,40,hebrew,True,True,"רבי אליהו מני – בן המאה ה-19, רבה של חברון"
רא״ם,"רא""ם",רבי אברהם מרדכי אלתר,84,hebrew,True,True,"רבי אברהם מרדכי אלתר - האמרי אמת, האדמו""ר השלישי בחסידות גור"
רא״ם,"רא""ם",הרב אליעזר מאיר ליפשיץ,8,hebrew,False,True,"הרב אליעזר מאיר ליפשיץ - רב, מחנך, חוקר יהדות, ומראשי תנועת המזרחי בארץ ישראל"
רא״ם,"רא""ם","הרב רא""ם הכהן",35,hebrew,False,True,"הרב רא""ם הכהן, ראש ישיבת עתניאל"
רא״ם,"רא""ם","הרשות הממלכתית לאבטחת מידע (רא""ם)",2,hebrew,False,False,"הרשות הממלכתית לאבטחת מידע (רא""ם) – רשות מסונפת לשירות הביטחון הכללי"
ראב״ד,"ראב""ד",ראש בית דין או ראש אבות בתי דין,1,hebrew,True,False,"ראב""ד – ראש בית דין או ראש אבות בתי דין, ראו אב בית דין#ראב""ד וגאב""ד"
ראב״ד,"ראב""ד","ראב""ד או ראבד",1,hebrew,True,False,"ראב""ד או ראבד – שם משפחה יהודי הקרוי על שם התפקיד הדייני–הלכתי"
ראב״ד,"ראב""ד","ראב""ד הראשון (1110",1,hebrew,True,True,"ראב""ד הראשון (1110–1180) – רבי אברהם אבן דאוד, בעל ""ספר הקבלה"""
ראב״ד,"ראב""ד","ראב""ד השני (1085",1,hebrew,True,True,"ראב""ד השני (1085–1158) – רבי אברהם בן יצחק מנרבונה, חותנו של ראב""ד השלישי ומחבר ""ספר האשכול"""
ראב״ד,"ראב""ד","ראב""ד השלישי (1110",1,hebrew,True,True,"ראב""ד השלישי (1110–1198) – רבי אברהם בן דוד מפושקירה, בעל ההשגות על משנה תורה לרמב""ם ועל הרי""ף"
ראב״ד,"ראב""ד","אחיה ראב""ד",417,hebrew,False,False,"אחיה ראב""ד (יליד 1966) – עיתונאי ישראלי"
ראב״ד,"ראב""ד","איתי ראב""ד",6,hebrew,False,False,"איתי ראב""ד (יליד 1989) – איש עסקים ישראלי; בנו של יורם ראב""ד"
ראב״ד,"ראב""ד","גלית ראב""ד",5,hebrew,False,False,"גלית ראב""ד – סופרת ומשוררת ישראלית"
ראב״ד,"ראב""ד","יורם ראב""ד",49,hebrew,False,False,"יורם ראב""ד (יליד 1956) – עורך דין ישראלי; נצר לראב""ד השלישי ואביהם של תומר ראב""ד ואיתי ראב""ד"
ראב״ד,"ראב""ד","תומר ראב""ד",6,hebrew,False,False,"תומר ראב""ד (יליד 1985) – איש עסקים, בנקאי ועורך דין ישראלי; בנו של יורם ראב""ד"
ראב״ן,"ראב""ן",אליעזר בן נתן,212,hebrew,False,True,"אליעזר בן נתן – מראשוני בעלי התוספות בגרמניה (1090–1170 לספירה), המכונה ראב""ן"
ראב״ן,"ראב""ן",חיבורו של רבי אליעזר בן נתן,1,hebrew,False,True,"חיבורו של רבי אליעזר בן נתן, ""אבן העזר"", המכונה על שמו ""ראב""ן"""
ראב״ן,"ראב""ן",אברהם בן נתן הירחי,25,hebrew,False,True,"אברהם בן נתן הירחי – מחכמי פרובנס הראשונים, מחבר ספר המנהיג (1155–1215 לספירה), המכונה ראב""ן הירחי"
רי״א,"רי""א (פירושונים)",211 (מספר),5,hebrew,False,False,211 (מספר) – מספר טבעי
רי״א,"רי""א (פירושונים)","ה'רי""א",18,hebrew,False,False,"ה'רי""א – שנה עברית"
רי״א,"רי""א (פירושונים)",רבי יהוסף אשכנזי,4,hebrew,True,True,רבי יהוסף אשכנזי – נזכר רבות במלאכת שלמה
רי״א,"רי""א (פירושונים)",רבי יוסף אלבו,38,hebrew,True,True,רבי יוסף אלבו – מחבר ספר העיקרים
רי״א,"רי""א (פירושונים)",רבי יצחק אבוהב,53,hebrew,True,True,רבי יצחק אבוהב
רי״א,"רי""א (פירושונים)",רבי יצחק אבוהב (מנורת המאור),2,hebrew,True,True,רבי יצחק אבוהב (מנורת המאור) – מחבר מנורת המאור
רי״א,"רי""א (פירושונים)",רבי יצחק אבוהב (גאון קסטיליה),22,hebrew,True,True,רבי יצחק אבוהב (גאון קסטיליה) – נזכר רבות בבית יוסף
רי״א,"רי""א (פירושונים)",רבי יצחק אבוהב דה-פונסיקה,7,hebrew,True,True,רבי יצחק אבוהב דה-פונסיקה
רי״א,"רי""א (פירושונים)",רבי יצחק אברבנאל,79,hebrew,True,True,רבי יצחק אברבנאל
ריב״א,"ריב""א (פירושונים)",רבי יצחק בן אשר הלוי משפיירא,2,hebrew,True,True,"רבי יצחק בן אשר הלוי משפיירא – מכונה בדרך כלל ריב""א סתם, מראשוני בעלי התוספות באשכנז ותלמידו של רש""י"
ריב״א,"ריב""א (פירושונים)",רבי יצחק בן אשר הלוי השני,2,hebrew,True,True,"רבי יצחק בן אשר הלוי השני – נכדו של הראשון הקרוי על שמו, אף הוא מחכמי שפיירא. מכונה בדרך כלל ריב""א הבחור, כדי להבדילו מסבו. מרבותיו של ראבי""ה. נהרג על קידוש השם בשנת ד'תתקנ""ו"
ריב״א,"ריב""א (פירושונים)",רבי יצחק בן אברהם משאנץ,3,hebrew,True,True,"רבי יצחק בן אברהם משאנץ – מחשובי תלמידיו של ר""י הזקן, אחיו של ר""ש משאנץ. כינויו הנפוץ הוא ריצב""א, אך לעיתים מכונה ריב""א הבחור"
ריב״א,"ריב""א (פירושונים)",רבי יצחק בן אברהם מנרבונה,42,hebrew,True,True,"רבי יצחק בן אברהם מנרבונה – מתלמידי הרמב""ן ומרבותיו של הרשב""א, מכונה ריב""א מנרבונה וגם רבי יצחק קרקושא"
ריב״א,"ריב""א (פירושונים)",רבי יהודה בן אליעזר מטרואה,1,hebrew,True,True,"רבי יהודה בן אליעזר מטרואה – מבעלי התוספות ומחבר פירוש מנחת יהודה על פירוש רש""י לתורה"
ריב״ל,"ריב""ל",רבי יהושע בן לוי,246,hebrew,True,True,רבי יהושע בן לוי – אמורא
ריב״ל,"ריב""ל","רבי יוסף בן לב (מהר""י בן לב)",1,hebrew,True,True,"רבי יוסף בן לב (מהר""י בן לב) - מחכמי סלוניקי במאה ה-16"
ריב״ל,"ריב""ל",יצחק בר לווינזון,30,hebrew,False,True,יצחק בר לווינזון – מראשוני תנועת ההשכלה ברוסיה
ריב״ש,"ריב""ש (פירושונים)",ר' יצחק בר ששת,6,hebrew,True,True,"ר' יצחק בר ששת - מגדולי הפוסקים הראשונים, בן המאה ה-14"
ריב״ש,"ריב""ש (פירושונים)",ר' יוסף בכור שור,14,hebrew,True,True,ר' יוסף בכור שור - פרשן מקרא בן המאה ה-12
ריב״ש,"ריב""ש (פירושונים)",ר' ישראל בעל שם,17,hebrew,True,True,"ר' ישראל בעל שם - הבעל שם טוב, מייסד תנועת החסידות"
ריב״ש,"ריב""ש (פירושונים)",ר' יחיא בן שלום חבשוש,1,hebrew,True,True,ר' יחיא בן שלום חבשוש - מחכמי יהדות תימן
ריב״ש,"ריב""ש (פירושונים)",ר' יצחק בן ר' שמואל,1,hebrew,True,True,ר' יצחק בן ר' שמואל - מבעלי התוספות
ריב״ש,"ריב""ש (פירושונים)",ר' יצחק בן שלמה מטולידו,1,hebrew,True,True,ר' יצחק בן שלמה מטולידו
ריב״ש,"ריב""ש (פירושונים)","צוואת הריב""ש",18,hebrew,False,True,"צוואת הריב""ש – ספר ליקוט מדברי הבעל שם טוב, שכתב תלמידו רבי ישעיה מיאנוב"
רל״א,"רל""א (פירושונים)",ראש להק האוויר בחיל האוויר הישראלי,1,hebrew,True,False,"רל""א – ראש להק האוויר בחיל האוויר הישראלי"
רל״א,"רל""א (פירושונים)",רופאים לזכויות אדם,125,hebrew,True,False,רופאים לזכויות אדם – ארגון ישראלי
רל״א,"רל""א (פירושונים)","ה'רל""א",16,hebrew,False,True,"ה'רל""א – שנה עברית (1471-1470)"
רמ״א,"רמ""א (פירושונים)",רבי משה איסרליש,49,hebrew,True,True,"רבי משה איסרליש - מכונה 'הרמ""א'"
רמ״א,"רמ""א (פירושונים)",רפאל משה אלבז,19,hebrew,True,True,רפאל משה אלבז – רב העיר צפרו במאה ה-19
רמ״א,"רמ""א (פירושונים)","הרב משה אריה פריינד - גאב""ד העדה החרדית בין השנים 1989",1,hebrew,False,True,"הרב משה אריה פריינד - גאב""ד העדה החרדית בין השנים 1989–1996"
רמ״א,"רמ""א (פירושונים)","מוסדות רמ""א",5,hebrew,False,True,"מוסדות רמ""א – רשת מוסדות קנאית בירושלים ובבית שמש, שהוקמה על ידי הרב פריינד"
רמ״א,"רמ""א (פירושונים)",ראש המפקדה הארצית,58,hebrew,True,False,ראש המפקדה הארצית – ראש המפקדה הארצית של ההגנה
רמ״א,"רמ""א (פירושונים)","ראש מחלקת אוויר (בראשי תיבות: רמ""א)",1,hebrew,True,False,"ראש מחלקת אוויר (בראשי תיבות: רמ""א) – ראש מחלקה במטה חיל האוויר הישראלי, מאז 1974 קרוי ראש להק האוויר (רל""א)"
רמ״א,"רמ""א (פירושונים)","ראש להק מבצעי אוויר (בראשי תיבות: רמ""א)",1,hebrew,True,False,"ראש להק מבצעי אוויר (בראשי תיבות: רמ""א) – ראש להק במטה חיל האוויר הישראלי"
רמ״א,"רמ""א (פירושונים)",ראש המנהל האזרחי,78,hebrew,True,False,ראש המנהל האזרחי
רמ״א,"רמ""א (פירושונים)",שנה עברית,1809,hebrew,False,False,"רמ""א – שנה עברית (3521–3520 לפנה""ס)"
רמ״א,"רמ""א (פירושונים)","ה'רמ""א",21,hebrew,False,True,"ה'רמ""א – שנה עברית (1480–1481)"
רמ״ד,"רמ""ד",ראש מדור,224,hebrew,True,False,"ראש מדור – ראש יחידה מנהלית בצה""ל, לרוב קצין בכיר בדרגת רב-סרן"
רמ״ד,"רמ""ד",רבי משה מדסאו,1,hebrew,True,True,"רבי משה מדסאו – כינויו של משה מנדלסון, אבי תנועת ההשכלה היהודית"
רמ״ד,"רמ""ד",רבי משה דוד ואלי,4,hebrew,True,True,"רבי משה דוד ואלי - תלמיד חבר של רמח""ל"
רמ״ד,"רמ""ד",רבי משה די ליאון,10,hebrew,True,True,רבי משה די ליאון - מגלה / מחבר ספר הזוהר
רמ״ד,"רמ""ד","ה'רמ""ד",22,hebrew,False,True,"ה'רמ""ד – שנה עברית (1483–1484)"
רמ״ך,"רמ""ך",רבי משה הכהן מלוניל,4,hebrew,True,True,"רבי משה הכהן מלוניל – מחכמי לוניל שבפרובנס בדורו של הרמב""ם ומחבר ""השגות הרמ""ך"" על משנה תורה לרמב""ם"
רמ״ך,"רמ""ך",משה הכהן אבן ג'יקטילה,52,hebrew,False,True,משה הכהן אבן ג'יקטילה – פרשן המקרא ומדקדק מספרד המוסלמית
רמ״ך,"רמ""ך",רבי מלאכי הכהן,16,hebrew,True,True,"רבי מלאכי הכהן – מחכמי ליוורנו במאה ה-18, מחבר ספר כללי התלמוד ""יד מלאכי"""
רמ״ך,"רמ""ך",כלפון משה הכהן,46,hebrew,False,False,כלפון משה הכהן – רבה של יהדות ג'רבה במחצית הראשונה של המאה ה-20
רמא״ג,"רמא""ג",מרדכי אהרן גינצבורג (1795,2,hebrew,False,True,מרדכי אהרן גינצבורג (1795 - 1846) - מאנשי תנועת ההשכלה בווילנה ומחבר ספרי השכלה בעברית
רמא״ג,"רמא""ג",רמת אביב ג',68,hebrew,True,False,רמת אביב ג' – שכונה בצפון תל אביב
רמב״ם,"רמב""ם (פירושונים)",ר' משה בן מימון,5,hebrew,True,True,"רמב""ם – ר' משה בן מימון, פוסק, פילוסוף, רופא ומנהיג יהודי חשוב במאה ה-12"
רמב״ם,"רמב""ם (פירושונים)",משנה תורה,1942,hebrew,False,False,"משנה תורה – חיבורו ההלכתי הגדול של הרמב""ם. מכונה לעיתים בפשטות 'רמב""ם'"
רמב״ם,"רמב""ם (פירושונים)","קבר הרמב""ם",37,hebrew,False,True,"קבר הרמב""ם – בטבריה"
רמב״ם,"רמב""ם (פירושונים)",הקריה הרפואית לבריאות האדם – בית חולים בחיפה,1,hebrew,False,False,"רמב""ם – הקריה הרפואית לבריאות האדם – בית חולים בחיפה"
רמב״ם,"רמב""ם (פירושונים)","יד רמב""ם",50,hebrew,False,False,"יד רמב""ם – מושב בתחומי מועצה אזורית גזר בסמוך לרמלה"
רמב״ם,"רמב""ם (פירושונים)","גבעת רמב""ם",17,hebrew,False,False,"גבעת רמב""ם – אחת משלוש הגבעות שבנויה עליהן העיר גבעתיים"
רמב״ם,"רמב""ם (פירושונים)",המרכז הרפואי מיימונידיס,3,hebrew,False,False,"המרכז הרפואי מיימונידיס – בית חולים בברוקלין, ניו יורק"
רנ״ז,"רנ""ז",נח זבולוני,142,hebrew,False,True,"נח זבולוני – ר' נח זבולוני - מחלוצי העיתונות בירושלים. נודע בשם העט רנ""ז"
רנ״ז,"רנ""ז","ה'רנ""ז",21,hebrew,False,False,"ה'רנ""ז – שנה עברית"
רע״מ,"רע""מ",הרשימה הערבית המאוחדת,73,hebrew,False,False,הרשימה הערבית המאוחדת – מפלגה ערבית ישראלית הפועלת משנת 1996 (הוקמה לקראת הבחירות לכנסת ה-14)
רע״מ,"רע""מ",הרשימה הערבית המאוחדת (הכנסת השמינית),4,hebrew,False,False,הרשימה הערבית המאוחדת (הכנסת השמינית) – מפלגה ערבית ישראלית שהוקמה במהלך הכנסת השמינית ופעלה בשנים 1977–1981
רע״מ,"רע""מ",רקטה עתירת משקל,8,hebrew,True,True,רקטה עתירת משקל – קטגוריית רקטות בעלות ראש קרב כבד המשוגרות לטווחים קצרים כדי לגרום נזק רב
רע״מ,"רע""מ",רענון ערכות מגן,2,hebrew,True,False,"רענון ערכות מגן – פרויקט של פיקוד העורף להחלפת ציוד מיגון שבידי אזרחי ישראל, ראו ערכת מגן"
רע״מ,"רע""מ","שנת רע""מ",16,hebrew,False,False,"שנת רע""מ (REM, ""שנת חלום"") - שלב בשינה בו יש ריצודי עיניים מהירים, ראו שינה#שנת REM"
רש״ש,"רש""ש",רבי שלום שבזי (1619,1,hebrew,True,True,"רבי שלום שבזי (1619–1719) – רב, מקובל ופייטן מתימן"
רש״ש,"רש""ש",רבי שלום שרעבי (1720/1703,1,hebrew,True,True,"רבי שלום שרעבי (1720/1703–1782/1777) – רב ומקובל תימני נודע, ראש ישיבת המקובלים בית אל"
רש״ש,"רש""ש",רבי שמואל שְׂטְרָאשׁוּן (1793,1,hebrew,True,True,"רבי שמואל שְׂטְרָאשׁוּן (1793–1872) – רב ליטאי, מהבולטים ביהודי וילנה בדורו, מגיה התלמוד הבבלי והמדרש"
רש״ש,"רש""ש",רבי שמעון שְׁקוֹפּ (1860,1,hebrew,True,True,"רבי שמעון שְׁקוֹפּ (1860–1939) – ראש ישיבת שער התורה בגרודנה (מכונה ""הגרש""ש"")"
ש״ג,"ש""ג (פירושונים)","הכינוי הצה""לי לחייל המוצב לשמור על הכניסה למחנה",1,hebrew,False,False,"ש""ג – הכינוי הצה""לי לחייל המוצב לשמור על הכניסה למחנה"
ש״ג,"ש""ג (פירושונים)","תסמונת הש""ג",7,hebrew,False,False,"תסמונת הש""ג – סלנג המתאר העברת אחריות למחדל לגורם הזוטר ביותר, ושנכנס לשימוש בעקבות ליל הגלשונים"
ש״ג,"ש""ג (פירושונים)","ה'ש""ג",26,hebrew,False,True,"ה'ש""ג – שנה עברית (1542–1543)"
ש״ח,"ש""ח (פירושונים)",שקל חדש,123,hebrew,True,False,"שקל חדש – (בראשי תיבות: ש""ח)"
ש״ח,"ש""ח (פירושונים)","ה'ש""ח",31,hebrew,False,False,"ה'ש""ח – השנה העברית ב-1547 – 1548"
ש״ח,"ש""ח (פירושונים)",שומר חינם,57,hebrew,True,False,"שומר חינם – (בראשי תיבות: ש""ח)"
ש״ח,"ש""ח (פירושונים)",שטר חוב,51,hebrew,True,False,"שטר חוב – (בראשי תיבות: ש""ח)"
ש״ח,"ש""ח (פירושונים)","ש""ח וילקומיץ",3,hebrew,True,False,"ש""ח וילקומיץ – שמחה חיים (בראשי תיבות: ש""ח) וילקומיץ"
ש״ח,"ש""ח (פירושונים)",ש.ח.,128,hebrew,True,False,ש.ח. - שידור חוזר בטלוויזיה
ש״ל,"ש""ל (פירושונים)",330 (מספר),1,hebrew,False,False,330 (מספר) – מספר טבעי
ש״ל,"ש""ל (פירושונים)","ה'ש""ל",42,hebrew,False,False,"ה'ש""ל – שנה עברית"
ש״ל,"ש""ל (פירושונים)",שושנים לדוד,39,hebrew,True,True,שושנים לדוד – ספרו של רבי דוד פארדו על המשניות
ש״ל,"ש""ל (פירושונים)",שיבולי לקט או שיבולי הלקט,1,hebrew,True,True,שיבולי לקט או שיבולי הלקט – ספרו של רבי צדקיה בן אברהם
ש״ס,"ש""ס",משנה,26429,hebrew,False,False,"משנה – שישה סדרי משנה, קובץ הלכות הכולל את התורה שבעל-פה"
ש״ס,"ש""ס",תלמוד,6969,hebrew,False,True,"תלמוד – חיבור קולקטיבי, אשר מסוכמת בו הגותם ההלכתית של האמוראים – חכמי ישראל בתקופה שלאחר חתימת המשנה (המאה ה-2)"
ש״ס,"ש""ס",תלמוד בבלי,4240,hebrew,False,False,תלמוד בבלי
ש״ס,"ש""ס",תלמוד ירושלמי,1185,hebrew,False,False,תלמוד ירושלמי
ש״ס,"ש""ס","מפלגת ש""ס",365,hebrew,False,False,"מפלגת ש""ס – מפלגה חרדית-ספרדית, או בשמה הרשמי: התאחדות הספרדים העולמית שומרי תורה"
ש״ס,"ש""ס","ה'ש""ס",45,hebrew,False,True,"ה'ש""ס – שנה עברית (1599–1600)"
ש״ס,"ש""ס","שעה סמסטריאלית (ש""ס)",1,hebrew,True,False,"שעה סמסטריאלית (ש""ס)"
ש״ס,"ש""ס",שחר סוויסה,27,hebrew,True,False,"שחר סוויסה – ראפר ישראלי, ידוע בשם הבמה ש""ס"
שו״ב,"שו""ב",שוחט ובודק,75,hebrew,True,False,"שוחט ובודק – תפקיד הלכתי ביהדות, ראו שוחט"
שו״ב,"שו""ב",שם משפחה יהודי,464,hebrew,False,False,"שו""ב - שם משפחה יהודי"
שו״ב,"שו""ב",שליטה ובקרה,424,hebrew,True,True,שליטה ובקרה – מערכת צבאית המיועדת לתת לדרג הפיקודי את תמונת שדה הקרב בזמן אמת
שו״ב,"שו""ב",שיכון ובינוי,155,hebrew,True,False,"שיכון ובינוי – חברה ישראלית העוסקת בתשתיות, נדל""ן, אנרגיה ומים"
ת״א,"ת""א (פירושונים)",מדדים של הבורסה לניירות ערך בתל אביב,1,hebrew,False,False,מדדים של הבורסה לניירות ערך בתל אביב:
ת״א,"ת""א (פירושונים)","ת""א 35",19,hebrew,True,False,"ת""א 35 – מדד המייצג את 35 המניות בעלות שווי השוק הגבוה ביותר הנסחרות בה"
ת״א,"ת""א (פירושונים)","ת""א 125",-1,hebrew,True,False,"ת""א 125 – מדד המייצג את 125 המניות בעלות שווי השוק הגבוה ביותר הנסחרות בה"
ת״א,"ת""א (פירושונים)","ת""א 90",11,hebrew,True,False,"ת""א 90 – מדד המייצג את 90 המניות הכלולות במדד ת""א 125 אך אינן כלולות במדד ת""א 35"
ת״א,"ת""א (פירושונים)","ת""א יתר SME60",1,hebrew,True,False,"ת""א יתר SME60 – המייצג את 60 המניות בעלות שווי השוק הגבוה ביותר מבין המניות שאינן נכללות במדד ת""א 125"
ת״א,"ת""א (פירושונים)","ת""א גלובל-בלוטק",3,hebrew,True,False,"ת""א גלובל-בלוטק – מדד של כל המניות הכלולות במדד ת""א טכנולוגיה ובמדד ת""א ביומד"
ת״א,"ת""א (פירושונים)","ת""א טק-עילית",8,hebrew,True,False,"ת""א טק-עילית – מדד של המניות הכלולות במדד ת""א גלובל-בלוטק ובעלות שווי שוק של לפחות 400 מיליון ש""ח"
ת״א,"ת""א (פירושונים)","ה'ת""א",26,hebrew,False,True,"ה'ת""א – שנה עברית (1640–1641)"
ת״א,"ת""א (פירושונים)",תפוח אדמה,462,hebrew,True,False,תפוח אדמה
ת״א,"ת""א (פירושונים)",תיק אזרחי,12,hebrew,True,False,"תיק אזרחי, בזיהוי של פסקי דין"
ת״א,"ת""א (פירושונים)",תרגום אונקלוס,211,hebrew,True,False,תרגום אונקלוס
ת״ת,"ת""ת",השנה ה-800 במניין השנים העבריות,1,hebrew,False,False,"ת""ת – השנה ה-800 במניין השנים העבריות"
ת״ת,"ת""ת","ה'ת""ת",123,hebrew,False,False,"ה'ת""ת – השנה ה-5800 במניין השנים העבריות"
ת״ת,"ת""ת",תלמוד תורה,1402,hebrew,True,False,תלמוד תורה – מוסד לימודי לילדים חרדיים
ת״ת,"ת""ת",תומכי תורה,14,hebrew,True,False,תומכי תורה – ארגון חסד ישיבתי
תו״ח,"תו""ח",תוספות חדשים,5,hebrew,True,False,"תוספות חדשים – פירוש על המשניות, מלוקט מפירושי האחרונים"
תו״ח,"תו""ח",תורת חטאת,15,hebrew,True,False,"תורת חטאת – ספר הלכה מהרמ""א"
תו״ח,"תו""ח",תורת חיים,294,hebrew,True,False,תורת חיים
תו״ח,"תו""ח",תורת חיים על התלמוד מרבי אברהם חיים שור,1,hebrew,True,True,תורת חיים על התלמוד מרבי אברהם חיים שור
תו״ח,"תו""ח",תורת חיים על התורה מרבי חיים הגר,1,hebrew,True,True,תורת חיים על התורה מרבי חיים הגר
תמ״א,"תמ""א (פירושונים)",תוכנית מתאר ארצית,81,hebrew,True,False,תוכנית מתאר ארצית
תמ״א,"תמ""א (פירושונים)","תמ""א 22",11,hebrew,True,False,"תמ""א 22 – תוכנית מתאר ארצית ליער ויעור"
תמ״א,"תמ""א (פירושונים)","תמ""א 35",40,hebrew,True,False,"תמ""א 35 – תוכנית המתאר הארצית המשולבת לבניה, לפיתוח ולשימור"
תמ״א,"תמ""א (פירושונים)","תמ""א 38",88,hebrew,True,False,"תמ""א 38 – תוכנית המתאר הארצית לחיזוק מבנים קיימים בפני רעידות אדמה"
תמ״א,"תמ""א (פירושונים)",תוספת מכסת אחוזים,1,hebrew,True,False,תוספת מכסת אחוזים
תמ״א,"תמ""א (פירושונים)","ה'תמ""א",30,hebrew,False,True,"ה'תמ""א – שנה עברית (1680–1681)"
